event_index,timestamp,type,details_json
0,1790831067.72404,robot_mode,"{""timestamp"": 1790831067.72404, ""type"": ""robot_mode"", ""phase"": ""before_gimbal_scan"", ""mode"": ""free""}"
1,1790831068.7290673,chassis_stationary,"{""timestamp"": 1790831068.7290673, ""type"": ""chassis_stationary"", ""yaw"": 0.0, ""position_m"": [6.069512565082294e-05, -2.8567494153859826e-05]}"
2,1790831068.729093,scan_mode,"{""timestamp"": 1790831068.729093, ""type"": ""scan_mode"", ""mode"": ""gimbal""}"
3,1790831072.5072086,hardware_action,"{""timestamp"": 1790831072.5072086, ""type"": ""hardware_action"", ""name"": ""Initial Gimbal recenter"", ""state"": ""action_succeeded"", ""completed"": true, ""succeeded"": true, ""elapsed_sec"": 3.777783195997472}"
4,1790831072.5072632,gimbal,"{""timestamp"": 1790831072.5072632, ""type"": ""gimbal"", ""phase"": ""recenter_completed"", ""target_yaw"": 0, ""target_pitch"": 0, ""actual_yaw"": 0.1, ""actual_pitch"": -0.2, ""ground_yaw"": 95.8, ""ground_pitch"": 0.0}"
5,1790831072.5072727,gimbal,"{""timestamp"": 1790831072.5072727, ""type"": ""gimbal"", ""phase"": ""reference_initialized"", ""target_yaw"": 0, ""target_pitch"": 0, ""actual_yaw"": 0.1, ""actual_pitch"": -0.2, ""ground_yaw"": 95.8, ""ground_pitch"": 0.0}"
6,1790831072.5073235,gimbal,"{""timestamp"": 1790831072.5073235, ""type"": ""gimbal"", ""phase"": ""move"", ""target_yaw"": -90, ""target_pitch"": 0, ""actual_yaw"": 0.1, ""actual_pitch"": -0.2, ""ground_yaw"": 95.8, ""ground_pitch"": 0.0, ""delta_yaw"": -90, ""delta_pitch"": 0}"
7,1790831073.1023936,hardware_action,"{""timestamp"": 1790831073.1023936, ""type"": ""hardware_action"", ""name"": ""Gimbal move action"", ""state"": ""action_succeeded"", ""completed"": true, ""succeeded"": true, ""elapsed_sec"": 0.5945891890005441}"
8,1790831073.3526099,gimbal,"{""timestamp"": 1790831073.3526099, ""type"": ""gimbal"", ""phase"": ""move_completed"", ""target_yaw"": -90, ""target_pitch"": 0, ""actual_yaw"": -90.9, ""actual_pitch"": 0.0, ""ground_yaw"": 5.9, ""ground_pitch"": 0.0}"
9,1790831073.6171367,tof_sample,"{""timestamp"": 1790831073.6171367, ""type"": ""tof_sample"", ""gimbal_yaw"": -90, ""range_m"": 0.215, ""accepted"": 3, ""capped_far_samples"": 0}"
10,1790831080.6536512,sign_inspection,"{""timestamp"": 1790831080.6536512, ""type"": ""sign_inspection"", ""cell"": [0, 1], ""direction"": ""W"", ""camera_yaws"": [-90.0, -108.0, -72.0], ""frames"": 149, ""detected_frames"": 0}"
11,1790831080.6536648,target_scan_complete,"{""timestamp"": 1790831080.6536648, ""type"": ""target_scan_complete"", ""cell"": [0, 1], ""direction"": ""W"", ""targets"": []}"
12,1790831081.0034132,gimbal,"{""timestamp"": 1790831081.0034132, ""type"": ""gimbal"", ""phase"": ""move"", ""target_yaw"": -180, ""target_pitch"": 0, ""actual_yaw"": -87.5, ""actual_pitch"": -1.9, ""ground_yaw"": 7.8, ""ground_pitch"": -2.2, ""delta_yaw"": -90, ""delta_pitch"": 0}"
13,1790831081.5963554,hardware_action,"{""timestamp"": 1790831081.5963554, ""type"": ""hardware_action"", ""name"": ""Gimbal move action"", ""state"": ""action_succeeded"", ""completed"": true, ""succeeded"": true, ""elapsed_sec"": 0.5926418149974779}"
14,1790831081.8466315,gimbal,"{""timestamp"": 1790831081.8466315, ""type"": ""gimbal"", ""phase"": ""move_completed"", ""target_yaw"": -180, ""target_pitch"": 0, ""actual_yaw"": -180.6, ""actual_pitch"": -1.1, ""ground_yaw"": -83.7, ""ground_pitch"": 0.0}"
15,1790831082.039725,tof_sample,"{""timestamp"": 1790831082.039725, ""type"": ""tof_sample"", ""gimbal_yaw"": -180, ""range_m"": 1.074, ""accepted"": 3, ""capped_far_samples"": 0}"
16,1790831082.0398026,gimbal,"{""timestamp"": 1790831082.0398026, ""type"": ""gimbal"", ""phase"": ""move"", ""target_yaw"": 90, ""target_pitch"": 0, ""actual_yaw"": -180.5, ""actual_pitch"": -1.1, ""ground_yaw"": -83.7, ""ground_pitch"": 0.0, ""delta_yaw"": 270, ""delta_pitch"": 0}"
17,1790831083.6043077,hardware_action,"{""timestamp"": 1790831083.6043077, ""type"": ""hardware_action"", ""name"": ""Gimbal move action"", ""state"": ""action_succeeded"", ""completed"": true, ""succeeded"": true, ""elapsed_sec"": 1.5641283899967675}"
18,1790831083.8545969,gimbal,"{""timestamp"": 1790831083.8545969, ""type"": ""gimbal"", ""phase"": ""move_completed"", ""target_yaw"": 90, ""target_pitch"": 0, ""actual_yaw"": 88.4, ""actual_pitch"": -1.3, ""ground_yaw"": -174.0, ""ground_pitch"": 0.0}"
19,1790831084.0988672,tof_sample,"{""timestamp"": 1790831084.0988672, ""type"": ""tof_sample"", ""gimbal_yaw"": 90, ""range_m"": 0.198, ""accepted"": 3, ""capped_far_samples"": 0}"
20,1790831091.1591065,sign_inspection,"{""timestamp"": 1790831091.1591065, ""type"": ""sign_inspection"", ""cell"": [0, 1], ""direction"": ""E"", ""camera_yaws"": [90.0, 72.0, 108.0], ""frames"": 153, ""detected_frames"": 0}"
21,1790831091.15912,target_scan_complete,"{""timestamp"": 1790831091.15912, ""type"": ""target_scan_complete"", ""cell"": [0, 1], ""direction"": ""E"", ""targets"": []}"
22,1790831091.489079,gimbal,"{""timestamp"": 1790831091.489079, ""type"": ""gimbal"", ""phase"": ""move"", ""target_yaw"": 0, ""target_pitch"": 0, ""actual_yaw"": 91.3, ""actual_pitch"": -3.8, ""ground_yaw"": -171.3, ""ground_pitch"": -2.9, ""delta_yaw"": -90, ""delta_pitch"": 0}"
23,1790831092.0870924,hardware_action,"{""timestamp"": 1790831092.0870924, ""type"": ""hardware_action"", ""name"": ""Gimbal move action"", ""state"": ""action_succeeded"", ""completed"": true, ""succeeded"": true, ""elapsed_sec"": 0.5977074760012329}"
24,1790831092.3372724,gimbal,"{""timestamp"": 1790831092.3372724, ""type"": ""gimbal"", ""phase"": ""move_completed"", ""target_yaw"": 0, ""target_pitch"": 0, ""actual_yaw"": 0.2, ""actual_pitch"": -0.2, ""ground_yaw"": 96.4, ""ground_pitch"": 0.0}"
25,1790831092.4696991,tof_sample,"{""timestamp"": 1790831092.4696991, ""type"": ""tof_sample"", ""gimbal_yaw"": 0, ""range_m"": 2.639, ""accepted"": 3, ""capped_far_samples"": 0}"
26,1790831092.469857,boundary_open,"{""timestamp"": 1790831092.469857, ""type"": ""boundary_open"", ""cell"": [0, 1], ""direction"": ""S"", ""range_m"": 1.074, ""traversable"": false}"
27,1790831092.4698687,scan,"{""timestamp"": 1790831092.4698687, ""type"": ""scan"", ""cell"": [0, 1], ""pose"": [0.0, 0.6, -0.28000000000000114], ""ranges_m"": {""3"": 0.215, ""2"": 1.074, ""1"": 0.198, ""0"": 2.639}, ""scan_headings"": {""3"": 0, ""2"": 0, ""1"": 0, ""0"": 0}}"
28,1790831092.4717016,frontier_plan,"{""timestamp"": 1790831092.4717016, ""type"": ""frontier_plan"", ""frontier"": [1, 1], ""route"": [[0, 1], [1, 1]]}"
29,1790831092.471706,motion_start,"{""timestamp"": 1790831092.471706, ""type"": ""motion_start"", ""step"": 1, ""from"": [0, 1], ""to"": [1, 1], ""direction"": 0, ""backtrack"": false}"
30,1790831092.488548,hardware_action,"{""timestamp"": 1790831092.488548, ""type"": ""hardware_action"", ""name"": ""Gimbal front position hold"", ""state"": ""action_succeeded"", ""completed"": true, ""succeeded"": true, ""elapsed_sec"": 0.016533185997104738}"
31,1790831092.4885654,gimbal,"{""timestamp"": 1790831092.4885654, ""type"": ""gimbal"", ""phase"": ""front_position_hold"", ""target_yaw"": 0, ""target_pitch"": 0, ""actual_yaw"": 0.2, ""actual_pitch"": -0.2, ""ground_yaw"": 96.4, ""ground_pitch"": 0.0}"
32,1790831092.5488489,robot_mode,"{""timestamp"": 1790831092.5488489, ""type"": ""robot_mode"", ""phase"": ""before_motion"", ""mode"": ""chassis_lead""}"
33,1790831092.8236084,gimbal,"{""timestamp"": 1790831092.8236084, ""type"": ""gimbal"", ""phase"": ""move_completed"", ""target_yaw"": 0, ""target_pitch"": 0, ""actual_yaw"": 0.1, ""actual_pitch"": -0.2, ""ground_yaw"": 96.4, ""ground_pitch"": 0.0}"
34,1790831093.0270138,tof_sample,"{""timestamp"": 1790831093.0270138, ""type"": ""tof_sample"", ""gimbal_yaw"": 0, ""range_m"": 2.641, ""accepted"": 3, ""capped_far_samples"": 0}"
35,1790831093.0270286,walk_start,"{""timestamp"": 1790831093.0270286, ""type"": ""walk_start"", ""direction"": 0, ""cell_size_m"": 0.6}"
36,1790831095.1834042,walk_end,"{""completed"": true, ""reason"": ""distance_reached"", ""distance_m"": 0.6019519507126639, ""false_obstacle_count"": 0, ""stop_tof_mm"": null, ""end_tof_mm"": 1791.0, ""front_stop_limit_mm"": 240.0, ""lateral_deviation_m"": -0.01147635539789179, ""heading_error_deg"": -0.18000000000000682, ""timestamp"": 1790831095.1834042, ""type"": ""walk_end""}"
37,1790831095.2122269,chassis_wheel_stop,"{""timestamp"": 1790831095.2122269, ""type"": ""chassis_wheel_stop"", ""acknowledged"": true}"
38,1790831095.516142,chassis_stationary,"{""timestamp"": 1790831095.516142, ""type"": ""chassis_stationary"", ""yaw"": -0.20999999999997954, ""position_m"": [0.6190377621436207, -0.01236108572165353]}"
39,1790831095.516161,move,"{""timestamp"": 1790831095.516161, ""type"": ""move"", ""from"": [0, 1], ""to"": [1, 1], ""direction"": 0, ""backtrack"": false, ""odometry_delta_m"": [0.6170814861174418, -0.011277211139703315], ""yaw"": -0.20999999999997954}"
40,1790831095.5468917,robot_mode,"{""timestamp"": 1790831095.5468917, ""type"": ""robot_mode"", ""phase"": ""before_gimbal_scan"", ""mode"": ""free""}"
41,1790831095.62936,scan_mode,"{""timestamp"": 1790831095.62936, ""type"": ""scan_mode"", ""mode"": ""gimbal""}"
42,1790831095.6293948,gimbal,"{""timestamp"": 1790831095.6293948, ""type"": ""gimbal"", ""phase"": ""move"", ""target_yaw"": -90, ""target_pitch"": 0, ""actual_yaw"": 0.4, ""actual_pitch"": -0.8, ""ground_yaw"": 96.6, ""ground_pitch"": 0.0, ""delta_yaw"": -90, ""delta_pitch"": 0}"
43,1790831096.1864283,hardware_action,"{""timestamp"": 1790831096.1864283, ""type"": ""hardware_action"", ""name"": ""Gimbal move action"", ""state"": ""action_succeeded"", ""completed"": true, ""succeeded"": true, ""elapsed_sec"": 0.5567370720018516}"
44,1790831096.4366262,gimbal,"{""timestamp"": 1790831096.4366262, ""type"": ""gimbal"", ""phase"": ""move_completed"", ""target_yaw"": -90, ""target_pitch"": 0, ""actual_yaw"": -90.3, ""actual_pitch"": -0.2, ""ground_yaw"": 6.8, ""ground_pitch"": 0.0}"
45,1790831096.5809157,tof_sample,"{""timestamp"": 1790831096.5809157, ""type"": ""tof_sample"", ""gimbal_yaw"": -90, ""range_m"": 0.187, ""accepted"": 3, ""capped_far_samples"": 0}"
46,1790831103.6394572,sign_inspection,"{""timestamp"": 1790831103.6394572, ""type"": ""sign_inspection"", ""cell"": [1, 1], ""direction"": ""W"", ""camera_yaws"": [-90.0, -108.0, -72.0], ""frames"": 154, ""detected_frames"": 0}"
47,1790831103.639468,target_scan_complete,"{""timestamp"": 1790831103.639468, ""type"": ""target_scan_complete"", ""cell"": [1, 1], ""direction"": ""W"", ""targets"": []}"
48,1790831103.9944654,gimbal,"{""timestamp"": 1790831103.9944654, ""type"": ""gimbal"", ""phase"": ""move"", ""target_yaw"": 90, ""target_pitch"": 0, ""actual_yaw"": -84.5, ""actual_pitch"": -5.2, ""ground_yaw"": 10.8, ""ground_pitch"": -5.1, ""delta_yaw"": 180, ""delta_pitch"": 0}"
49,1790831105.0909376,hardware_action,"{""timestamp"": 1790831105.0909376, ""type"": ""hardware_action"", ""name"": ""Gimbal move action"", ""state"": ""action_succeeded"", ""completed"": true, ""succeeded"": true, ""elapsed_sec"": 1.0962475670021377}"
50,1790831105.3411424,gimbal,"{""timestamp"": 1790831105.3411424, ""type"": ""gimbal"", ""phase"": ""move_completed"", ""target_yaw"": 90, ""target_pitch"": 0, ""actual_yaw"": 89.1, ""actual_pitch"": -1.3, ""ground_yaw"": -173.7, ""ground_pitch"": 0.0}"
51,1790831105.5539052,tof_sample,"{""timestamp"": 1790831105.5539052, ""type"": ""tof_sample"", ""gimbal_yaw"": 90, ""range_m"": 0.204, ""accepted"": 3, ""capped_far_samples"": 0}"
52,1790831112.5416703,sign_inspection,"{""timestamp"": 1790831112.5416703, ""type"": ""sign_inspection"", ""cell"": [1, 1], ""direction"": ""E"", ""camera_yaws"": [90.0, 72.0, 108.0], ""frames"": 151, ""detected_frames"": 0}"
53,1790831112.5416827,target_scan_complete,"{""timestamp"": 1790831112.5416827, ""type"": ""target_scan_complete"", ""cell"": [1, 1], ""direction"": ""E"", ""targets"": []}"
54,1790831112.8941176,gimbal,"{""timestamp"": 1790831112.8941176, ""type"": ""gimbal"", ""phase"": ""move"", ""target_yaw"": 0, ""target_pitch"": 0, ""actual_yaw"": 91.5, ""actual_pitch"": -4.0, ""ground_yaw"": -171.8, ""ground_pitch"": -3.1, ""delta_yaw"": -90, ""delta_pitch"": 0}"
55,1790831113.4917877,hardware_action,"{""timestamp"": 1790831113.4917877, ""type"": ""hardware_action"", ""name"": ""Gimbal move action"", ""state"": ""action_succeeded"", ""completed"": true, ""succeeded"": true, ""elapsed_sec"": 0.597261039998557}"
56,1790831113.7419865,gimbal,"{""timestamp"": 1790831113.7419865, ""type"": ""gimbal"", ""phase"": ""move_completed"", ""target_yaw"": 0, ""target_pitch"": 0, ""actual_yaw"": 0.2, ""actual_pitch"": -0.7, ""ground_yaw"": 95.8, ""ground_pitch"": 0.0}"
57,1790831113.873672,tof_sample,"{""timestamp"": 1790831113.873672, ""type"": ""tof_sample"", ""gimbal_yaw"": 0, ""range_m"": 1.781, ""accepted"": 3, ""capped_far_samples"": 0}"
58,1790831113.8737867,scan,"{""timestamp"": 1790831113.8737867, ""type"": ""scan"", ""cell"": [1, 1], ""pose"": [0.6170814861174418, 0.5887227888602966, -0.4800000000000182], ""ranges_m"": {""3"": 0.187, ""1"": 0.204, ""0"": 1.781}, ""scan_headings"": {""3"": 0, ""1"": 0, ""0"": 0}}"
59,1790831113.8754966,frontier_plan,"{""timestamp"": 1790831113.8754966, ""type"": ""frontier_plan"", ""frontier"": [2, 1], ""route"": [[1, 1], [2, 1]]}"
60,1790831113.8754997,motion_start,"{""timestamp"": 1790831113.8754997, ""type"": ""motion_start"", ""step"": 2, ""from"": [1, 1], ""to"": [2, 1], ""direction"": 0, ""backtrack"": false}"
61,1790831113.8949456,hardware_action,"{""timestamp"": 1790831113.8949456, ""type"": ""hardware_action"", ""name"": ""Gimbal front position hold"", ""state"": ""action_succeeded"", ""completed"": true, ""succeeded"": true, ""elapsed_sec"": 0.019226319003792014}"
62,1790831113.8949628,gimbal,"{""timestamp"": 1790831113.8949628, ""type"": ""gimbal"", ""phase"": ""front_position_hold"", ""target_yaw"": 0, ""target_pitch"": 0, ""actual_yaw"": 0.2, ""actual_pitch"": -0.7, ""ground_yaw"": 95.8, ""ground_pitch"": 0.0}"
63,1790831113.954561,robot_mode,"{""timestamp"": 1790831113.954561, ""type"": ""robot_mode"", ""phase"": ""before_motion"", ""mode"": ""chassis_lead""}"
64,1790831114.1795928,gimbal,"{""timestamp"": 1790831114.1795928, ""type"": ""gimbal"", ""phase"": ""move_completed"", ""target_yaw"": 0, ""target_pitch"": 0, ""actual_yaw"": 0.1, ""actual_pitch"": -0.7, ""ground_yaw"": 95.7, ""ground_pitch"": 0.0}"
65,1790831114.3725622,tof_sample,"{""timestamp"": 1790831114.3725622, ""type"": ""tof_sample"", ""gimbal_yaw"": 0, ""range_m"": 1.779, ""accepted"": 3, ""capped_far_samples"": 0}"
66,1790831114.3725798,walk_start,"{""timestamp"": 1790831114.3725798, ""type"": ""walk_start"", ""direction"": 0, ""cell_size_m"": 0.6}"
67,1790831116.531533,walk_end,"{""completed"": true, ""reason"": ""distance_reached"", ""distance_m"": 0.6056655740055851, ""false_obstacle_count"": 0, ""stop_tof_mm"": null, ""end_tof_mm"": 972.0, ""front_stop_limit_mm"": 240.0, ""lateral_deviation_m"": -0.0023156347909595813, ""heading_error_deg"": -0.2400000000000091, ""timestamp"": 1790831116.531533, ""type"": ""walk_end""}"
68,1790831116.5620315,chassis_wheel_stop,"{""timestamp"": 1790831116.5620315, ""type"": ""chassis_wheel_stop"", ""acknowledged"": true}"
69,1790831116.8662608,chassis_stationary,"{""timestamp"": 1790831116.8662608, ""type"": ""chassis_stationary"", ""yaw"": -0.30000000000001137, ""position_m"": [1.234316771147647, -0.015128680168719447]}"
70,1790831116.866279,move,"{""timestamp"": 1790831116.866279, ""type"": ""move"", ""from"": [1, 1], ""to"": [2, 1], ""direction"": 0, ""backtrack"": false, ""odometry_delta_m"": [0.623752053109537, -0.0032166195978887546], ""yaw"": -0.30000000000001137}"
71,1790831116.868256,face_zero_start,"{""timestamp"": 1790831116.868256, ""type"": ""face_zero_start"", ""after_moves"": 2, ""heading_before"": 0, ""cell"": [2, 1]}"
72,1790831117.056884,chassis_wheel_stop,"{""timestamp"": 1790831117.056884, ""type"": ""chassis_wheel_stop"", ""acknowledged"": true}"
73,1790831117.361387,chassis_stationary,"{""timestamp"": 1790831117.361387, ""type"": ""chassis_stationary"", ""yaw"": -0.2699999999999818, ""position_m"": [1.2356328391703124, -0.014947393214644628]}"
74,1790831117.3614066,face_zero,"{""timestamp"": 1790831117.3614066, ""type"": ""face_zero"", ""after_moves"": 2, ""cell"": [2, 1], ""heading"": 0, ""yaw_deg"": -0.2699999999999818, ""tolerance_deg"": 5}"
75,1790831117.3897657,robot_mode,"{""timestamp"": 1790831117.3897657, ""type"": ""robot_mode"", ""phase"": ""before_gimbal_scan"", ""mode"": ""free""}"
76,1790831117.4405262,scan_mode,"{""timestamp"": 1790831117.4405262, ""type"": ""scan_mode"", ""mode"": ""gimbal""}"
77,1790831117.4405515,gimbal,"{""timestamp"": 1790831117.4405515, ""type"": ""gimbal"", ""phase"": ""move"", ""target_yaw"": -90, ""target_pitch"": 0, ""actual_yaw"": 0.4, ""actual_pitch"": -0.4, ""ground_yaw"": 95.9, ""ground_pitch"": 0.0, ""delta_yaw"": -90, ""delta_pitch"": 0}"
78,1790831117.9972897,hardware_action,"{""timestamp"": 1790831117.9972897, ""type"": ""hardware_action"", ""name"": ""Gimbal move action"", ""state"": ""action_succeeded"", ""completed"": true, ""succeeded"": true, ""elapsed_sec"": 0.5565248290004092}"
79,1790831118.2479389,gimbal,"{""timestamp"": 1790831118.2479389, ""type"": ""gimbal"", ""phase"": ""move_completed"", ""target_yaw"": -90, ""target_pitch"": 0, ""actual_yaw"": -90.4, ""actual_pitch"": -0.2, ""ground_yaw"": 6.1, ""ground_pitch"": 0.0}"
80,1790831118.3906777,tof_sample,"{""timestamp"": 1790831118.3906777, ""type"": ""tof_sample"", ""gimbal_yaw"": -90, ""range_m"": 0.94, ""accepted"": 3, ""capped_far_samples"": 0}"
81,1790831118.3907285,gimbal,"{""timestamp"": 1790831118.3907285, ""type"": ""gimbal"", ""phase"": ""move"", ""target_yaw"": 90, ""target_pitch"": 0, ""actual_yaw"": -90.3, ""actual_pitch"": -0.2, ""ground_yaw"": 6.1, ""ground_pitch"": 0.0, ""delta_yaw"": 180.0, ""delta_pitch"": 0}"
82,1790831119.4971128,hardware_action,"{""timestamp"": 1790831119.4971128, ""type"": ""hardware_action"", ""name"": ""Gimbal move action"", ""state"": ""action_succeeded"", ""completed"": true, ""succeeded"": true, ""elapsed_sec"": 1.1061453750007786}"
83,1790831119.7472913,gimbal,"{""timestamp"": 1790831119.7472913, ""type"": ""gimbal"", ""phase"": ""move_completed"", ""target_yaw"": 90, ""target_pitch"": 0, ""actual_yaw"": 88.6, ""actual_pitch"": -1.1, ""ground_yaw"": -174.1, ""ground_pitch"": 0.0}"
84,1790831119.8998172,tof_sample,"{""timestamp"": 1790831119.8998172, ""type"": ""tof_sample"", ""gimbal_yaw"": 90, ""range_m"": 4.318, ""accepted"": 3, ""capped_far_samples"": 0}"
85,1790831119.8998861,gimbal,"{""timestamp"": 1790831119.8998861, ""type"": ""gimbal"", ""phase"": ""move"", ""target_yaw"": 0, ""target_pitch"": 0, ""actual_yaw"": 88.7, ""actual_pitch"": -1.1, ""ground_yaw"": -174.0, ""ground_pitch"": 0.0, ""delta_yaw"": -90.0, ""delta_pitch"": 0}"
86,1790831120.497952,hardware_action,"{""timestamp"": 1790831120.497952, ""type"": ""hardware_action"", ""name"": ""Gimbal move action"", ""state"": ""action_succeeded"", ""completed"": true, ""succeeded"": true, ""elapsed_sec"": 0.5977714740001829}"
87,1790831120.7482383,gimbal,"{""timestamp"": 1790831120.7482383, ""type"": ""gimbal"", ""phase"": ""move_completed"", ""target_yaw"": 0, ""target_pitch"": 0, ""actual_yaw"": -1.1, ""actual_pitch"": -0.3, ""ground_yaw"": 96.1, ""ground_pitch"": 0.0}"
88,1790831120.9519944,tof_sample,"{""timestamp"": 1790831120.9519944, ""type"": ""tof_sample"", ""gimbal_yaw"": 0, ""range_m"": 0.961, ""accepted"": 3, ""capped_far_samples"": 0}"
89,1790831120.9521923,scan,"{""timestamp"": 1790831120.9521923, ""type"": ""scan"", ""cell"": [2, 1], ""pose"": [1.240833539226979, 0.5855061692624078, -0.6299999999999955], ""ranges_m"": {""3"": 0.94, ""1"": 4.318, ""0"": 0.961}, ""scan_headings"": {""3"": 0, ""1"": 0, ""0"": 0}}"
90,1790831120.9553149,frontier_plan,"{""timestamp"": 1790831120.9553149, ""type"": ""frontier_plan"", ""frontier"": [3, 1], ""route"": [[2, 1], [3, 1]]}"
91,1790831120.9553204,motion_start,"{""timestamp"": 1790831120.9553204, ""type"": ""motion_start"", ""step"": 3, ""from"": [2, 1], ""to"": [3, 1], ""direction"": 0, ""backtrack"": false}"
92,1790831120.9997716,hardware_action,"{""timestamp"": 1790831120.9997716, ""type"": ""hardware_action"", ""name"": ""Gimbal front position hold"", ""state"": ""action_succeeded"", ""completed"": true, ""succeeded"": true, ""elapsed_sec"": 0.04393455600074958}"
93,1790831120.999791,gimbal,"{""timestamp"": 1790831120.999791, ""type"": ""gimbal"", ""phase"": ""front_position_hold"", ""target_yaw"": 0, ""target_pitch"": 0, ""actual_yaw"": -1.1, ""actual_pitch"": -0.3, ""ground_yaw"": 96.1, ""ground_pitch"": 0.0}"
94,1790831121.0590036,robot_mode,"{""timestamp"": 1790831121.0590036, ""type"": ""robot_mode"", ""phase"": ""before_motion"", ""mode"": ""chassis_lead""}"
95,1790831121.3556423,gimbal,"{""timestamp"": 1790831121.3556423, ""type"": ""gimbal"", ""phase"": ""move_completed"", ""target_yaw"": 0, ""target_pitch"": 0, ""actual_yaw"": -0.1, ""actual_pitch"": -0.3, ""ground_yaw"": 97.0, ""ground_pitch"": 0.0}"
96,1790831121.4995027,tof_sample,"{""timestamp"": 1790831121.4995027, ""type"": ""tof_sample"", ""gimbal_yaw"": 0, ""range_m"": 0.951, ""accepted"": 3, ""capped_far_samples"": 0}"
97,1790831121.499523,walk_start,"{""timestamp"": 1790831121.499523, ""type"": ""walk_start"", ""direction"": 0, ""cell_size_m"": 0.6}"
98,1790831124.1074655,walk_end,"{""completed"": true, ""reason"": ""distance_reached"", ""distance_m"": 0.6021084914552377, ""false_obstacle_count"": 0, ""stop_tof_mm"": null, ""end_tof_mm"": 301.1073151111611, ""front_stop_limit_mm"": 240.0, ""lateral_deviation_m"": 0.01858582840495119, ""heading_error_deg"": -0.1599999999999966, ""timestamp"": 1790831124.1074655, ""type"": ""walk_end""}"
99,1790831124.1176102,chassis_wheel_stop,"{""timestamp"": 1790831124.1176102, ""type"": ""chassis_wheel_stop"", ""acknowledged"": true}"
100,1790831124.4217067,chassis_stationary,"{""timestamp"": 1790831124.4217067, ""type"": ""chassis_stationary"", ""yaw"": -0.13999999999998636, ""position_m"": [1.8479543235101215, 0.006161543657988051]}"
101,1790831124.4217257,move,"{""timestamp"": 1790831124.4217257, ""type"": ""move"", ""from"": [2, 1], ""to"": [3, 1], ""direction"": 0, ""backtrack"": false, ""odometry_delta_m"": [0.6084605289578229, 0.018996704987088317], ""yaw"": -0.13999999999998636}"
102,1790831124.457439,robot_mode,"{""timestamp"": 1790831124.457439, ""type"": ""robot_mode"", ""phase"": ""before_gimbal_scan"", ""mode"": ""free""}"
103,1790831124.508843,scan_mode,"{""timestamp"": 1790831124.508843, ""type"": ""scan_mode"", ""mode"": ""gimbal""}"
104,1790831124.5088823,gimbal,"{""timestamp"": 1790831124.5088823, ""type"": ""gimbal"", ""phase"": ""move"", ""target_yaw"": -90, ""target_pitch"": 0, ""actual_yaw"": -0.2, ""actual_pitch"": -0.7, ""ground_yaw"": 97.4, ""ground_pitch"": 0.0, ""delta_yaw"": -90, ""delta_pitch"": 0}"
105,1790831125.0982885,hardware_action,"{""timestamp"": 1790831125.0982885, ""type"": ""hardware_action"", ""name"": ""Gimbal move action"", ""state"": ""action_succeeded"", ""completed"": true, ""succeeded"": true, ""elapsed_sec"": 0.5890625740066753}"
106,1790831125.3485248,gimbal,"{""timestamp"": 1790831125.3485248, ""type"": ""gimbal"", ""phase"": ""move_completed"", ""target_yaw"": -90, ""target_pitch"": 0, ""actual_yaw"": -91.3, ""actual_pitch"": -0.4, ""ground_yaw"": 7.6, ""ground_pitch"": 0.0}"
107,1790831125.511995,tof_sample,"{""timestamp"": 1790831125.511995, ""type"": ""tof_sample"", ""gimbal_yaw"": -90, ""range_m"": 0.892, ""accepted"": 3, ""capped_far_samples"": 0}"
108,1790831125.5120738,gimbal,"{""timestamp"": 1790831125.5120738, ""type"": ""gimbal"", ""phase"": ""move"", ""target_yaw"": 90, ""target_pitch"": 0, ""actual_yaw"": -91.3, ""actual_pitch"": -0.5, ""ground_yaw"": 7.6, ""ground_pitch"": 0.0, ""delta_yaw"": 180.0, ""delta_pitch"": 0}"
109,1790831126.5954063,hardware_action,"{""timestamp"": 1790831126.5954063, ""type"": ""hardware_action"", ""name"": ""Gimbal move action"", ""state"": ""action_succeeded"", ""completed"": true, ""succeeded"": true, ""elapsed_sec"": 1.0827379350012052}"
110,1790831126.8457215,gimbal,"{""timestamp"": 1790831126.8457215, ""type"": ""gimbal"", ""phase"": ""move_completed"", ""target_yaw"": 90, ""target_pitch"": 0, ""actual_yaw"": 87.8, ""actual_pitch"": -1.1, ""ground_yaw"": -172.5, ""ground_pitch"": 0.0}"
111,1790831127.0189526,tof_sample,"{""timestamp"": 1790831127.0189526, ""type"": ""tof_sample"", ""gimbal_yaw"": 90, ""range_m"": 0.767, ""accepted"": 3, ""capped_far_samples"": 0}"
112,1790831127.0190315,gimbal,"{""timestamp"": 1790831127.0190315, ""type"": ""gimbal"", ""phase"": ""move"", ""target_yaw"": 0, ""target_pitch"": 0, ""actual_yaw"": 87.8, ""actual_pitch"": -1.1, ""ground_yaw"": -172.5, ""ground_pitch"": 0.0, ""delta_yaw"": -90.0, ""delta_pitch"": 0}"
113,1790831127.5952938,hardware_action,"{""timestamp"": 1790831127.5952938, ""type"": ""hardware_action"", ""name"": ""Gimbal move action"", ""state"": ""action_succeeded"", ""completed"": true, ""succeeded"": true, ""elapsed_sec"": 0.5759378420043504}"
114,1790831127.8455234,gimbal,"{""timestamp"": 1790831127.8455234, ""type"": ""gimbal"", ""phase"": ""move_completed"", ""target_yaw"": 0, ""target_pitch"": 0, ""actual_yaw"": -1.9, ""actual_pitch"": -0.7, ""ground_yaw"": 97.6, ""ground_pitch"": 0.0}"
115,1790831128.018758,tof_sample,"{""timestamp"": 1790831128.018758, ""type"": ""tof_sample"", ""gimbal_yaw"": 0, ""range_m"": 0.291, ""accepted"": 3, ""capped_far_samples"": 0}"
116,1790831135.0483596,sign_inspection,"{""timestamp"": 1790831135.0483596, ""type"": ""sign_inspection"", ""cell"": [3, 1], ""direction"": ""N"", ""camera_yaws"": [0.0, -18.0, 18.0], ""frames"": 120, ""detected_frames"": 0}"
117,1790831135.0483727,target_scan_complete,"{""timestamp"": 1790831135.0483727, ""type"": ""target_scan_complete"", ""cell"": [3, 1], ""direction"": ""N"", ""targets"": []}"
118,1790831135.390878,scan,"{""timestamp"": 1790831135.390878, ""type"": ""scan"", ""cell"": [3, 1], ""pose"": [1.8492940681848018, 0.6045028742494961, -0.3499999999999943], ""ranges_m"": {""3"": 0.892, ""1"": 0.767, ""0"": 0.291}, ""scan_headings"": {""3"": 0, ""1"": 0, ""0"": 0}}"
119,1790831135.3946407,frontier_plan,"{""timestamp"": 1790831135.3946407, ""type"": ""frontier_plan"", ""frontier"": [3, 2], ""route"": [[3, 1], [3, 2]]}"
120,1790831135.3946452,motion_start,"{""timestamp"": 1790831135.3946452, ""type"": ""motion_start"", ""step"": 4, ""from"": [3, 1], ""to"": [3, 2], ""direction"": 1, ""backtrack"": false}"
121,1790831135.4174528,hardware_action,"{""timestamp"": 1790831135.4174528, ""type"": ""hardware_action"", ""name"": ""Gimbal front position hold"", ""state"": ""action_succeeded"", ""completed"": true, ""succeeded"": true, ""elapsed_sec"": 0.022487556001578923}"
122,1790831135.4174712,gimbal,"{""timestamp"": 1790831135.4174712, ""type"": ""gimbal"", ""phase"": ""front_position_hold"", ""target_yaw"": 0, ""target_pitch"": 0, ""actual_yaw"": 2.6, ""actual_pitch"": -3.4, ""ground_yaw"": 101.9, ""ground_pitch"": -2.8}"
123,1790831135.4797628,robot_mode,"{""timestamp"": 1790831135.4797628, ""type"": ""robot_mode"", ""phase"": ""before_motion"", ""mode"": ""chassis_lead""}"
124,1790831135.4797678,chassis_turn,"{""timestamp"": 1790831135.4797678, ""type"": ""chassis_turn"", ""degrees"": -90}"
125,1790831138.0027666,gimbal,"{""timestamp"": 1790831138.0027666, ""type"": ""gimbal"", ""phase"": ""move_completed"", ""target_yaw"": 0, ""target_pitch"": 0, ""actual_yaw"": -0.2, ""actual_pitch"": -0.5, ""ground_yaw"": -168.3, ""ground_pitch"": 0.0}"
126,1790831138.1551077,tof_sample,"{""timestamp"": 1790831138.1551077, ""type"": ""tof_sample"", ""gimbal_yaw"": 0, ""range_m"": 0.761, ""accepted"": 3, ""capped_far_samples"": 0}"
127,1790831138.1551275,walk_start,"{""timestamp"": 1790831138.1551275, ""type"": ""walk_start"", ""direction"": 1, ""cell_size_m"": 0.6}"
128,1790831140.0783842,walk_end,"{""completed"": true, ""reason"": ""front_wall"", ""distance_m"": 0.517428604350403, ""false_obstacle_count"": 0, ""stop_tof_mm"": 237.0, ""end_tof_mm"": 237.0, ""front_stop_limit_mm"": 240.0, ""lateral_deviation_m"": 0.020946679927710963, ""heading_error_deg"": -0.11000000000001364, ""timestamp"": 1790831140.0783842, ""type"": ""walk_end""}"
129,1790831140.097941,chassis_wheel_stop,"{""timestamp"": 1790831140.097941, ""type"": ""chassis_wheel_stop"", ""acknowledged"": true}"
130,1790831140.4026923,chassis_stationary,"{""timestamp"": 1790831140.4026923, ""type"": ""chassis_stationary"", ""yaw"": 89.85000000000002, ""position_m"": [1.8197013929831085, 0.5237667893970896]}"
131,1790831140.4027195,move,"{""timestamp"": 1790831140.4027195, ""type"": ""move"", ""from"": [3, 1], ""to"": [3, 2], ""direction"": 1, ""backtrack"": false, ""odometry_delta_m"": [-0.0212133456263488, 0.5198129469023804], ""yaw"": 89.85000000000002}"
132,1790831140.4067564,face_zero_start,"{""timestamp"": 1790831140.4067564, ""type"": ""face_zero_start"", ""after_moves"": 4, ""heading_before"": 1, ""cell"": [3, 2]}"
133,1790831140.4067755,chassis_turn,"{""timestamp"": 1790831140.4067755, ""type"": ""chassis_turn"", ""degrees"": 90.0, ""reason"": ""face_zero_reference""}"
134,1790831141.972424,chassis_turn,"{""timestamp"": 1790831141.972424, ""type"": ""chassis_turn"", ""degrees"": -90.0, ""reason"": ""face_zero_restore""}"
135,1790831143.6393313,chassis_wheel_stop,"{""timestamp"": 1790831143.6393313, ""type"": ""chassis_wheel_stop"", ""acknowledged"": true}"
136,1790831143.9443724,chassis_stationary,"{""timestamp"": 1790831143.9443724, ""type"": ""chassis_stationary"", ""yaw"": 89.57, ""position_m"": [1.8240380055374121, 0.5235396516550586]}"
137,1790831143.9443867,face_zero,"{""timestamp"": 1790831143.9443867, ""type"": ""face_zero"", ""after_moves"": 4, ""cell"": [3, 2], ""heading"": 1, ""yaw_deg"": 89.57, ""tolerance_deg"": 5}"
138,1790831143.9775245,robot_mode,"{""timestamp"": 1790831143.9775245, ""type"": ""robot_mode"", ""phase"": ""before_gimbal_scan"", ""mode"": ""free""}"
139,1790831144.0285456,scan_mode,"{""timestamp"": 1790831144.0285456, ""type"": ""scan_mode"", ""mode"": ""gimbal""}"
140,1790831144.0285747,gimbal,"{""timestamp"": 1790831144.0285747, ""type"": ""gimbal"", ""phase"": ""move"", ""target_yaw"": -90, ""target_pitch"": 0, ""actual_yaw"": 0.2, ""actual_pitch"": -0.9, ""ground_yaw"": -167.8, ""ground_pitch"": 0.0, ""delta_yaw"": -90, ""delta_pitch"": 0}"
141,1790831144.6020622,hardware_action,"{""timestamp"": 1790831144.6020622, ""type"": ""hardware_action"", ""name"": ""Gimbal move action"", ""state"": ""action_succeeded"", ""completed"": true, ""succeeded"": true, ""elapsed_sec"": 0.5732400889974087}"
142,1790831144.852299,gimbal,"{""timestamp"": 1790831144.852299, ""type"": ""gimbal"", ""phase"": ""move_completed"", ""target_yaw"": -90, ""target_pitch"": 0, ""actual_yaw"": -90.7, ""actual_pitch"": -0.8, ""ground_yaw"": 102.3, ""ground_pitch"": 0.0}"
143,1790831145.0754004,tof_sample,"{""timestamp"": 1790831145.0754004, ""type"": ""tof_sample"", ""gimbal_yaw"": -90, ""range_m"": 0.292, ""accepted"": 3, ""capped_far_samples"": 0}"
144,1790831152.0526497,sign_inspection,"{""timestamp"": 1790831152.0526497, ""type"": ""sign_inspection"", ""cell"": [3, 2], ""direction"": ""N"", ""camera_yaws"": [-90.0, -108.0, -72.0], ""frames"": 143, ""detected_frames"": 0}"
145,1790831152.0526597,target_scan_complete,"{""timestamp"": 1790831152.0526597, ""type"": ""target_scan_complete"", ""cell"": [3, 2], ""direction"": ""N"", ""targets"": []}"
146,1790831152.3976896,gimbal,"{""timestamp"": 1790831152.3976896, ""type"": ""gimbal"", ""phase"": ""move"", ""target_yaw"": 90, ""target_pitch"": 0, ""actual_yaw"": -87.8, ""actual_pitch"": -2.4, ""ground_yaw"": 103.8, ""ground_pitch"": -2.0, ""delta_yaw"": 180, ""delta_pitch"": 0}"
147,1790831153.4986734,hardware_action,"{""timestamp"": 1790831153.4986734, ""type"": ""hardware_action"", ""name"": ""Gimbal move action"", ""state"": ""action_succeeded"", ""completed"": true, ""succeeded"": true, ""elapsed_sec"": 1.1005814450036269}"
148,1790831153.748873,gimbal,"{""timestamp"": 1790831153.748873, ""type"": ""gimbal"", ""phase"": ""move_completed"", ""target_yaw"": 90, ""target_pitch"": 0, ""actual_yaw"": 89.0, ""actual_pitch"": -0.7, ""ground_yaw"": -77.9, ""ground_pitch"": 0.0}"
149,1790831153.902627,tof_sample,"{""timestamp"": 1790831153.902627, ""type"": ""tof_sample"", ""gimbal_yaw"": 90, ""range_m"": 0.775, ""accepted"": 3, ""capped_far_samples"": 0}"
150,1790831153.9027116,gimbal,"{""timestamp"": 1790831153.9027116, ""type"": ""gimbal"", ""phase"": ""move"", ""target_yaw"": 0, ""target_pitch"": 0, ""actual_yaw"": 89.1, ""actual_pitch"": -0.7, ""ground_yaw"": -77.9, ""ground_pitch"": 0.0, ""delta_yaw"": -90, ""delta_pitch"": 0}"
151,1790831154.500239,hardware_action,"{""timestamp"": 1790831154.500239, ""type"": ""hardware_action"", ""name"": ""Gimbal move action"", ""state"": ""action_succeeded"", ""completed"": true, ""succeeded"": true, ""elapsed_sec"": 0.597199197000009}"
152,1790831154.75048,gimbal,"{""timestamp"": 1790831154.75048, ""type"": ""gimbal"", ""phase"": ""move_completed"", ""target_yaw"": 0, ""target_pitch"": 0, ""actual_yaw"": -0.6, ""actual_pitch"": -0.6, ""ground_yaw"": -167.6, ""ground_pitch"": 0.0}"
153,1790831154.9540067,tof_sample,"{""timestamp"": 1790831154.9540067, ""type"": ""tof_sample"", ""gimbal_yaw"": 0, ""range_m"": 0.231, ""accepted"": 3, ""capped_far_samples"": 0}"
154,1790831161.9496002,sign_inspection,"{""timestamp"": 1790831161.9496002, ""type"": ""sign_inspection"", ""cell"": [3, 2], ""direction"": ""E"", ""camera_yaws"": [0.0, -18.0, 18.0], ""frames"": 157, ""detected_frames"": 0}"
155,1790831161.9496129,target_scan_complete,"{""timestamp"": 1790831161.9496129, ""type"": ""target_scan_complete"", ""cell"": [3, 2], ""direction"": ""E"", ""targets"": []}"
156,1790831162.2989378,scan,"{""timestamp"": 1790831162.2989378, ""type"": ""scan"", ""cell"": [3, 2], ""pose"": [1.828080722558453, 1.1243158211518764, 89.36000000000001], ""ranges_m"": {""0"": 0.292, ""2"": 0.775, ""1"": 0.231}, ""scan_headings"": {""0"": 1, ""2"": 1, ""1"": 1}}"
157,1790831162.3016763,frontier_plan,"{""timestamp"": 1790831162.3016763, ""type"": ""frontier_plan"", ""frontier"": [2, 2], ""route"": [[3, 2], [2, 2]]}"
158,1790831162.3016791,motion_start,"{""timestamp"": 1790831162.3016791, ""type"": ""motion_start"", ""step"": 5, ""from"": [3, 2], ""to"": [2, 2], ""direction"": 2, ""backtrack"": false}"
159,1790831162.3994837,hardware_action,"{""timestamp"": 1790831162.3994837, ""type"": ""hardware_action"", ""name"": ""Gimbal front position hold"", ""state"": ""action_succeeded"", ""completed"": true, ""succeeded"": true, ""elapsed_sec"": 0.09756631899654167}"
160,1790831162.3995118,gimbal,"{""timestamp"": 1790831162.3995118, ""type"": ""gimbal"", ""phase"": ""front_position_hold"", ""target_yaw"": 0, ""target_pitch"": 0, ""actual_yaw"": 0.0, ""actual_pitch"": 0.0, ""ground_yaw"": -167.0, ""ground_pitch"": 0.0}"
161,1790831162.4583304,robot_mode,"{""timestamp"": 1790831162.4583304, ""type"": ""robot_mode"", ""phase"": ""before_motion"", ""mode"": ""chassis_lead""}"
162,1790831162.4583352,chassis_turn,"{""timestamp"": 1790831162.4583352, ""type"": ""chassis_turn"", ""degrees"": -90}"
163,1790831165.132762,gimbal,"{""timestamp"": 1790831165.132762, ""type"": ""gimbal"", ""phase"": ""move_completed"", ""target_yaw"": 0, ""target_pitch"": 0, ""actual_yaw"": -0.1, ""actual_pitch"": -0.3, ""ground_yaw"": -74.8, ""ground_pitch"": 0.0}"
164,1790831165.2852328,tof_sample,"{""timestamp"": 1790831165.2852328, ""type"": ""tof_sample"", ""gimbal_yaw"": 0, ""range_m"": 0.763, ""accepted"": 3, ""capped_far_samples"": 0}"
165,1790831165.2852442,walk_start,"{""timestamp"": 1790831165.2852442, ""type"": ""walk_start"", ""direction"": 2, ""cell_size_m"": 0.6}"
166,1790831167.3190408,walk_end,"{""completed"": true, ""reason"": ""front_wall"", ""distance_m"": 0.5169195156811799, ""false_obstacle_count"": 0, ""stop_tof_mm"": 239.0, ""end_tof_mm"": 239.0, ""front_stop_limit_mm"": 240.0, ""lateral_deviation_m"": -0.006063011457546571, ""heading_error_deg"": -0.2699999999999818, ""timestamp"": 1790831167.3190408, ""type"": ""walk_end""}"
167,1790831167.3410797,chassis_wheel_stop,"{""timestamp"": 1790831167.3410797, ""type"": ""chassis_wheel_stop"", ""acknowledged"": true}"
168,1790831167.646173,chassis_stationary,"{""timestamp"": 1790831167.646173, ""type"": ""chassis_stationary"", ""yaw"": 179.70999999999998, ""position_m"": [1.2937194095309337, 0.5327755397941355]}"
169,1790831167.6462014,move,"{""timestamp"": 1790831167.6462014, ""type"": ""move"", ""from"": [3, 2], ""to"": [2, 2], ""direction"": 2, ""backtrack"": false, ""odometry_delta_m"": [-0.523636910650118, 0.005873525755484388], ""yaw"": 179.70999999999998}"
170,1790831167.6986167,robot_mode,"{""timestamp"": 1790831167.6986167, ""type"": ""robot_mode"", ""phase"": ""before_gimbal_scan"", ""mode"": ""free""}"
171,1790831167.7902074,scan_mode,"{""timestamp"": 1790831167.7902074, ""type"": ""scan_mode"", ""mode"": ""gimbal""}"
172,1790831167.7902393,gimbal,"{""timestamp"": 1790831167.7902393, ""type"": ""gimbal"", ""phase"": ""move"", ""target_yaw"": -90, ""target_pitch"": 0, ""actual_yaw"": 0.3, ""actual_pitch"": -0.5, ""ground_yaw"": -74.0, ""ground_pitch"": 0.0, ""delta_yaw"": -90, ""delta_pitch"": 0}"
173,1790831168.39978,hardware_action,"{""timestamp"": 1790831168.39978, ""type"": ""hardware_action"", ""name"": ""Gimbal move action"", ""state"": ""action_succeeded"", ""completed"": true, ""succeeded"": true, ""elapsed_sec"": 0.609261311001319}"
174,1790831168.6499505,gimbal,"{""timestamp"": 1790831168.6499505, ""type"": ""gimbal"", ""phase"": ""move_completed"", ""target_yaw"": -90, ""target_pitch"": 0, ""actual_yaw"": -90.5, ""actual_pitch"": -0.4, ""ground_yaw"": -163.8, ""ground_pitch"": 0.0}"
175,1790831168.8442876,tof_sample,"{""timestamp"": 1790831168.8442876, ""type"": ""tof_sample"", ""gimbal_yaw"": -90, ""range_m"": 3.756, ""accepted"": 3, ""capped_far_samples"": 0}"
176,1790831168.8443613,gimbal,"{""timestamp"": 1790831168.8443613, ""type"": ""gimbal"", ""phase"": ""move"", ""target_yaw"": 90, ""target_pitch"": 0, ""actual_yaw"": -90.5, ""actual_pitch"": -0.4, ""ground_yaw"": -163.8, ""ground_pitch"": 0.0, ""delta_yaw"": 180.0, ""delta_pitch"": 0}"
177,1790831169.9016325,hardware_action,"{""timestamp"": 1790831169.9016325, ""type"": ""hardware_action"", ""name"": ""Gimbal move action"", ""state"": ""action_succeeded"", ""completed"": true, ""succeeded"": true, ""elapsed_sec"": 1.0569373309990624}"
178,1790831170.1518223,gimbal,"{""timestamp"": 1790831170.1518223, ""type"": ""gimbal"", ""phase"": ""move_completed"", ""target_yaw"": 90, ""target_pitch"": 0, ""actual_yaw"": 88.4, ""actual_pitch"": -1.0, ""ground_yaw"": 15.9, ""ground_pitch"": 0.0}"
179,1790831170.396505,tof_sample,"{""timestamp"": 1790831170.396505, ""type"": ""tof_sample"", ""gimbal_yaw"": 90, ""range_m"": 1.522, ""accepted"": 3, ""capped_far_samples"": 0}"
180,1790831170.3965642,gimbal,"{""timestamp"": 1790831170.3965642, ""type"": ""gimbal"", ""phase"": ""move"", ""target_yaw"": 0, ""target_pitch"": 0, ""actual_yaw"": 88.5, ""actual_pitch"": -1.0, ""ground_yaw"": 15.9, ""ground_pitch"": 0.0, ""delta_yaw"": -90.0, ""delta_pitch"": 0}"
181,1790831170.9949265,hardware_action,"{""timestamp"": 1790831170.9949265, ""type"": ""hardware_action"", ""name"": ""Gimbal move action"", ""state"": ""action_succeeded"", ""completed"": true, ""succeeded"": true, ""elapsed_sec"": 0.5981039230027818}"
182,1790831171.2451003,gimbal,"{""timestamp"": 1790831171.2451003, ""type"": ""gimbal"", ""phase"": ""move_completed"", ""target_yaw"": 0, ""target_pitch"": 0, ""actual_yaw"": -1.3, ""actual_pitch"": -0.2, ""ground_yaw"": -73.8, ""ground_pitch"": 0.0}"
183,1790831171.3970275,tof_sample,"{""timestamp"": 1790831171.3970275, ""type"": ""tof_sample"", ""gimbal_yaw"": 0, ""range_m"": 0.238, ""accepted"": 3, ""capped_far_samples"": 0}"
184,1790831178.4456553,sign_inspection,"{""timestamp"": 1790831178.4456553, ""type"": ""sign_inspection"", ""cell"": [2, 2], ""direction"": ""S"", ""camera_yaws"": [0.0, -18.0, 18.0], ""frames"": 132, ""detected_frames"": 0}"
185,1790831178.4456694,target_scan_complete,"{""timestamp"": 1790831178.4456694, ""type"": ""target_scan_complete"", ""cell"": [2, 2], ""direction"": ""S"", ""targets"": []}"
186,1790831178.795925,scan,"{""timestamp"": 1790831178.795925, ""type"": ""scan"", ""cell"": [2, 2], ""pose"": [1.304443811908335, 1.1301893469073607, 179.87], ""ranges_m"": {""1"": 3.756, ""3"": 1.522, ""2"": 0.238}, ""scan_headings"": {""1"": 2, ""3"": 2, ""2"": 2}}"
187,1790831178.802808,frontier_plan,"{""timestamp"": 1790831178.802808, ""type"": ""frontier_plan"", ""frontier"": [2, 3], ""route"": [[2, 2], [2, 3]]}"
188,1790831178.8028128,motion_start,"{""timestamp"": 1790831178.8028128, ""type"": ""motion_start"", ""step"": 6, ""from"": [2, 2], ""to"": [2, 3], ""direction"": 1, ""backtrack"": false}"
189,1790831178.826749,hardware_action,"{""timestamp"": 1790831178.826749, ""type"": ""hardware_action"", ""name"": ""Gimbal front position hold"", ""state"": ""action_succeeded"", ""completed"": true, ""succeeded"": true, ""elapsed_sec"": 0.02342150700133061}"
190,1790831178.8267672,gimbal,"{""timestamp"": 1790831178.8267672, ""type"": ""gimbal"", ""phase"": ""front_position_hold"", ""target_yaw"": 0, ""target_pitch"": 0, ""actual_yaw"": 2.7, ""actual_pitch"": -3.0, ""ground_yaw"": -70.1, ""ground_pitch"": -3.0}"
191,1790831178.8860223,robot_mode,"{""timestamp"": 1790831178.8860223, ""type"": ""robot_mode"", ""phase"": ""before_motion"", ""mode"": ""chassis_lead""}"
192,1790831178.8860278,chassis_turn,"{""timestamp"": 1790831178.8860278, ""type"": ""chassis_turn"", ""degrees"": 90}"
193,1790831180.8316934,gimbal,"{""timestamp"": 1790831180.8316934, ""type"": ""gimbal"", ""phase"": ""move_completed"", ""target_yaw"": 0, ""target_pitch"": 0, ""actual_yaw"": -0.1, ""actual_pitch"": -0.5, ""ground_yaw"": -164.5, ""ground_pitch"": 0.0}"
194,1790831181.0248158,tof_sample,"{""timestamp"": 1790831181.0248158, ""type"": ""tof_sample"", ""gimbal_yaw"": 0, ""range_m"": 3.741, ""accepted"": 3, ""capped_far_samples"": 0}"
195,1790831181.0248322,walk_start,"{""timestamp"": 1790831181.0248322, ""type"": ""walk_start"", ""direction"": 1, ""cell_size_m"": 0.6}"
196,1790831183.080909,walk_end,"{""completed"": true, ""reason"": ""distance_reached"", ""distance_m"": 0.6028918735973419, ""false_obstacle_count"": 0, ""stop_tof_mm"": null, ""end_tof_mm"": 3433.0, ""front_stop_limit_mm"": 240.0, ""lateral_deviation_m"": -0.001771313153220174, ""heading_error_deg"": -0.13999999999998636, ""timestamp"": 1790831183.080909, ""type"": ""walk_end""}"
197,1790831183.1057062,chassis_wheel_stop,"{""timestamp"": 1790831183.1057062, ""type"": ""chassis_wheel_stop"", ""acknowledged"": true}"
198,1790831183.4096045,chassis_stationary,"{""timestamp"": 1790831183.4096045, ""type"": ""chassis_stationary"", ""yaw"": 89.82999999999998, ""position_m"": [1.3006275140390038, 1.1552448461796838]}"
199,1790831183.4096377,move,"{""timestamp"": 1790831183.4096377, ""type"": ""move"", ""from"": [2, 2], ""to"": [2, 3], ""direction"": 1, ""backtrack"": false, ""odometry_delta_m"": [0.0019020113833625452, 0.6205599526658949], ""yaw"": 89.82999999999998}"
200,1790831183.4147856,face_zero_start,"{""timestamp"": 1790831183.4147856, ""type"": ""face_zero_start"", ""after_moves"": 6, ""heading_before"": 1, ""cell"": [2, 3]}"
201,1790831183.4148052,chassis_turn,"{""timestamp"": 1790831183.4148052, ""type"": ""chassis_turn"", ""degrees"": 90.0, ""reason"": ""face_zero_reference""}"
202,1790831184.9993653,chassis_turn,"{""timestamp"": 1790831184.9993653, ""type"": ""chassis_turn"", ""degrees"": -90.0, ""reason"": ""face_zero_restore""}"
203,1790831186.6847286,chassis_wheel_stop,"{""timestamp"": 1790831186.6847286, ""type"": ""chassis_wheel_stop"", ""acknowledged"": true}"
204,1790831186.9890249,chassis_stationary,"{""timestamp"": 1790831186.9890249, ""type"": ""chassis_stationary"", ""yaw"": 89.27999999999997, ""position_m"": [1.303306075862143, 1.1557585645457364]}"
205,1790831186.989047,face_zero,"{""timestamp"": 1790831186.989047, ""type"": ""face_zero"", ""after_moves"": 6, ""cell"": [2, 3], ""heading"": 1, ""yaw_deg"": 89.27999999999997, ""tolerance_deg"": 5}"
206,1790831187.0206752,robot_mode,"{""timestamp"": 1790831187.0206752, ""type"": ""robot_mode"", ""phase"": ""before_gimbal_scan"", ""mode"": ""free""}"
207,1790831187.1023102,scan_mode,"{""timestamp"": 1790831187.1023102, ""type"": ""scan_mode"", ""mode"": ""gimbal""}"
208,1790831187.10234,gimbal,"{""timestamp"": 1790831187.10234, ""type"": ""gimbal"", ""phase"": ""move"", ""target_yaw"": -90, ""target_pitch"": 0, ""actual_yaw"": 0.1, ""actual_pitch"": -1.1, ""ground_yaw"": -165.9, ""ground_pitch"": 0.0, ""delta_yaw"": -90, ""delta_pitch"": 0}"
209,1790831187.7046442,hardware_action,"{""timestamp"": 1790831187.7046442, ""type"": ""hardware_action"", ""name"": ""Gimbal move action"", ""state"": ""action_succeeded"", ""completed"": true, ""succeeded"": true, ""elapsed_sec"": 0.6019867970026098}"
210,1790831187.9548914,gimbal,"{""timestamp"": 1790831187.9548914, ""type"": ""gimbal"", ""phase"": ""move_completed"", ""target_yaw"": -90, ""target_pitch"": 0, ""actual_yaw"": -90.5, ""actual_pitch"": -0.3, ""ground_yaw"": 104.2, ""ground_pitch"": 0.0}"
211,1790831188.1071868,tof_sample,"{""timestamp"": 1790831188.1071868, ""type"": ""tof_sample"", ""gimbal_yaw"": -90, ""range_m"": 0.209, ""accepted"": 3, ""capped_far_samples"": 0}"
212,1790831195.1438615,sign_inspection,"{""timestamp"": 1790831195.1438615, ""type"": ""sign_inspection"", ""cell"": [2, 3], ""direction"": ""N"", ""camera_yaws"": [-90.0, -108.0, -72.0], ""frames"": 138, ""detected_frames"": 0}"
213,1790831195.143875,target_scan_complete,"{""timestamp"": 1790831195.143875, ""type"": ""target_scan_complete"", ""cell"": [2, 3], ""direction"": ""N"", ""targets"": []}"
214,1790831195.4973595,gimbal,"{""timestamp"": 1790831195.4973595, ""type"": ""gimbal"", ""phase"": ""move"", ""target_yaw"": 90, ""target_pitch"": 0, ""actual_yaw"": -85.7, ""actual_pitch"": -4.1, ""ground_yaw"": 106.8, ""ground_pitch"": -4.1, ""delta_yaw"": 180, ""delta_pitch"": 0}"
215,1790831196.601978,hardware_action,"{""timestamp"": 1790831196.601978, ""type"": ""hardware_action"", ""name"": ""Gimbal move action"", ""state"": ""action_succeeded"", ""completed"": true, ""succeeded"": true, ""elapsed_sec"": 1.1042879439992248}"
216,1790831196.8521428,gimbal,"{""timestamp"": 1790831196.8521428, ""type"": ""gimbal"", ""phase"": ""move_completed"", ""target_yaw"": 90, ""target_pitch"": 0, ""actual_yaw"": 89.1, ""actual_pitch"": -1.3, ""ground_yaw"": -76.6, ""ground_pitch"": 0.0}"
217,1790831196.9943385,tof_sample,"{""timestamp"": 1790831196.9943385, ""type"": ""tof_sample"", ""gimbal_yaw"": 90, ""range_m"": 1.617, ""accepted"": 3, ""capped_far_samples"": 0}"
218,1790831196.9943967,gimbal,"{""timestamp"": 1790831196.9943967, ""type"": ""gimbal"", ""phase"": ""move"", ""target_yaw"": 0, ""target_pitch"": 0, ""actual_yaw"": 89.1, ""actual_pitch"": -1.3, ""ground_yaw"": -76.5, ""ground_pitch"": 0.0, ""delta_yaw"": -90, ""delta_pitch"": 0}"
219,1790831197.6017735,hardware_action,"{""timestamp"": 1790831197.6017735, ""type"": ""hardware_action"", ""name"": ""Gimbal move action"", ""state"": ""action_succeeded"", ""completed"": true, ""succeeded"": true, ""elapsed_sec"": 0.6071003929973813}"
220,1790831197.8519723,gimbal,"{""timestamp"": 1790831197.8519723, ""type"": ""gimbal"", ""phase"": ""move_completed"", ""target_yaw"": 0, ""target_pitch"": 0, ""actual_yaw"": -0.6, ""actual_pitch"": -0.9, ""ground_yaw"": -166.3, ""ground_pitch"": 0.0}"
221,1790831197.9948354,tof_sample,"{""timestamp"": 1790831197.9948354, ""type"": ""tof_sample"", ""gimbal_yaw"": 0, ""range_m"": 3.342, ""accepted"": 3, ""capped_far_samples"": 0}"
222,1790831197.9950051,scan,"{""timestamp"": 1790831197.9950051, ""type"": ""scan"", ""cell"": [2, 3], ""pose"": [1.3063458232916976, 1.7507492995732556, 88.68], ""ranges_m"": {""0"": 0.209, ""2"": 1.617, ""1"": 3.342}, ""scan_headings"": {""0"": 1, ""2"": 1, ""1"": 1}}"
223,1790831198.0003119,frontier_plan,"{""timestamp"": 1790831198.0003119, ""type"": ""frontier_plan"", ""frontier"": [1, 3], ""route"": [[2, 3], [1, 3]]}"
224,1790831198.000315,motion_start,"{""timestamp"": 1790831198.000315, ""type"": ""motion_start"", ""step"": 7, ""from"": [2, 3], ""to"": [1, 3], ""direction"": 2, ""backtrack"": false}"
225,1790831198.105129,hardware_action,"{""timestamp"": 1790831198.105129, ""type"": ""hardware_action"", ""name"": ""Gimbal front position hold"", ""state"": ""action_succeeded"", ""completed"": true, ""succeeded"": true, ""elapsed_sec"": 0.10455319099855842}"
226,1790831198.105143,gimbal,"{""timestamp"": 1790831198.105143, ""type"": ""gimbal"", ""phase"": ""front_position_hold"", ""target_yaw"": 0, ""target_pitch"": 0, ""actual_yaw"": -0.2, ""actual_pitch"": -0.9, ""ground_yaw"": -165.9, ""ground_pitch"": 0.0}"
227,1790831198.1648052,robot_mode,"{""timestamp"": 1790831198.1648052, ""type"": ""robot_mode"", ""phase"": ""before_motion"", ""mode"": ""chassis_lead""}"
228,1790831198.1648104,chassis_turn,"{""timestamp"": 1790831198.1648104, ""type"": ""chassis_turn"", ""degrees"": -90}"
229,1790831200.9940736,gimbal,"{""timestamp"": 1790831200.9940736, ""type"": ""gimbal"", ""phase"": ""move_completed"", ""target_yaw"": 0, ""target_pitch"": 0, ""actual_yaw"": -0.4, ""actual_pitch"": -0.6, ""ground_yaw"": -73.0, ""ground_pitch"": 0.0}"
230,1790831201.1468766,tof_sample,"{""timestamp"": 1790831201.1468766, ""type"": ""tof_sample"", ""gimbal_yaw"": 0, ""range_m"": 1.618, ""accepted"": 3, ""capped_far_samples"": 0}"
231,1790831201.1469069,walk_start,"{""timestamp"": 1790831201.1469069, ""type"": ""walk_start"", ""direction"": 2, ""cell_size_m"": 0.6}"
232,1790831203.60732,walk_end,"{""completed"": true, ""reason"": ""distance_reached"", ""distance_m"": 0.6168761183532356, ""false_obstacle_count"": 0, ""stop_tof_mm"": null, ""end_tof_mm"": 899.0, ""front_stop_limit_mm"": 240.0, ""lateral_deviation_m"": -0.027906769885545822, ""heading_error_deg"": -0.34000000000003183, ""timestamp"": 1790831203.60732, ""type"": ""walk_end""}"
233,1790831203.626173,chassis_wheel_stop,"{""timestamp"": 1790831203.626173, ""type"": ""chassis_wheel_stop"", ""acknowledged"": true}"
234,1790831203.930043,chassis_stationary,"{""timestamp"": 1790831203.930043, ""type"": ""chassis_stationary"", ""yaw"": 179.7, ""position_m"": [0.6884720581661589, 1.1810730719241944]}"
235,1790831203.930068,move,"{""timestamp"": 1790831203.930068, ""type"": ""move"", ""from"": [2, 3], ""to"": [1, 3], ""direction"": 2, ""backtrack"": false, ""odometry_delta_m"": [-0.6169413805831271, 0.02728504579774671], ""yaw"": 179.7}"
236,1790831203.9631274,robot_mode,"{""timestamp"": 1790831203.9631274, ""type"": ""robot_mode"", ""phase"": ""before_gimbal_scan"", ""mode"": ""free""}"
237,1790831204.054377,scan_mode,"{""timestamp"": 1790831204.054377, ""type"": ""scan_mode"", ""mode"": ""gimbal""}"
238,1790831204.0544045,gimbal,"{""timestamp"": 1790831204.0544045, ""type"": ""gimbal"", ""phase"": ""move"", ""target_yaw"": -90, ""target_pitch"": 0, ""actual_yaw"": 0.0, ""actual_pitch"": -0.3, ""ground_yaw"": -72.5, ""ground_pitch"": 0.0, ""delta_yaw"": -90, ""delta_pitch"": 0}"
239,1790831204.6077583,hardware_action,"{""timestamp"": 1790831204.6077583, ""type"": ""hardware_action"", ""name"": ""Gimbal move action"", ""state"": ""action_succeeded"", ""completed"": true, ""succeeded"": true, ""elapsed_sec"": 0.5531151360046351}"
240,1790831204.857912,gimbal,"{""timestamp"": 1790831204.857912, ""type"": ""gimbal"", ""phase"": ""move_completed"", ""target_yaw"": -90, ""target_pitch"": 0, ""actual_yaw"": -91.3, ""actual_pitch"": -0.8, ""ground_yaw"": -162.2, ""ground_pitch"": 0.0}"
241,1790831205.0621965,tof_sample,"{""timestamp"": 1790831205.0621965, ""type"": ""tof_sample"", ""gimbal_yaw"": -90, ""range_m"": 0.312, ""accepted"": 3, ""capped_far_samples"": 0}"
242,1790831212.0511851,sign_inspection,"{""timestamp"": 1790831212.0511851, ""type"": ""sign_inspection"", ""cell"": [1, 3], ""direction"": ""E"", ""camera_yaws"": [-90.0, -108.0, -72.0], ""frames"": 116, ""detected_frames"": 1}"
243,1790831212.0511947,target_scan_complete,"{""timestamp"": 1790831212.0511947, ""type"": ""target_scan_complete"", ""cell"": [1, 3], ""direction"": ""E"", ""targets"": []}"
244,1790831212.4059966,gimbal,"{""timestamp"": 1790831212.4059966, ""type"": ""gimbal"", ""phase"": ""move"", ""target_yaw"": 90, ""target_pitch"": 0, ""actual_yaw"": -87.3, ""actual_pitch"": -2.5, ""ground_yaw"": -160.0, ""ground_pitch"": -2.2, ""delta_yaw"": 180, ""delta_pitch"": 0}"
245,1790831213.5071518,hardware_action,"{""timestamp"": 1790831213.5071518, ""type"": ""hardware_action"", ""name"": ""Gimbal move action"", ""state"": ""action_succeeded"", ""completed"": true, ""succeeded"": true, ""elapsed_sec"": 1.1008742619960685}"
246,1790831213.7574005,gimbal,"{""timestamp"": 1790831213.7574005, ""type"": ""gimbal"", ""phase"": ""move_completed"", ""target_yaw"": 90, ""target_pitch"": 0, ""actual_yaw"": 89.0, ""actual_pitch"": -0.8, ""ground_yaw"": 17.8, ""ground_pitch"": 0.0}"
247,1790831213.9319055,tof_sample,"{""timestamp"": 1790831213.9319055, ""type"": ""tof_sample"", ""gimbal_yaw"": 90, ""range_m"": 0.053, ""accepted"": 3, ""capped_far_samples"": 0}"
248,1790831220.959618,sign_inspection,"{""timestamp"": 1790831220.959618, ""type"": ""sign_inspection"", ""cell"": [1, 3], ""direction"": ""W"", ""camera_yaws"": [90.0, 72.0, 108.0], ""frames"": 164, ""detected_frames"": 0}"
249,1790831220.959629,target_scan_complete,"{""timestamp"": 1790831220.959629, ""type"": ""target_scan_complete"", ""cell"": [1, 3], ""direction"": ""W"", ""targets"": []}"
250,1790831221.3097525,gimbal,"{""timestamp"": 1790831221.3097525, ""type"": ""gimbal"", ""phase"": ""move"", ""target_yaw"": 0, ""target_pitch"": 0, ""actual_yaw"": 90.2, ""actual_pitch"": -1.6, ""ground_yaw"": 18.3, ""ground_pitch"": -1.5, ""delta_yaw"": -90, ""delta_pitch"": 0}"
251,1790831221.9091685,hardware_action,"{""timestamp"": 1790831221.9091685, ""type"": ""hardware_action"", ""name"": ""Gimbal move action"", ""state"": ""action_succeeded"", ""completed"": true, ""succeeded"": true, ""elapsed_sec"": 0.5991104780041496}"
252,1790831222.1593847,gimbal,"{""timestamp"": 1790831222.1593847, ""type"": ""gimbal"", ""phase"": ""move_completed"", ""target_yaw"": 0, ""target_pitch"": 0, ""actual_yaw"": 0.2, ""actual_pitch"": -0.3, ""ground_yaw"": -72.4, ""ground_pitch"": 0.0}"
253,1790831222.3118699,tof_sample,"{""timestamp"": 1790831222.3118699, ""type"": ""tof_sample"", ""gimbal_yaw"": 0, ""range_m"": 0.891, ""accepted"": 3, ""capped_far_samples"": 0}"
254,1790831222.3120506,scan,"{""timestamp"": 1790831222.3120506, ""type"": ""scan"", ""cell"": [1, 3], ""pose"": [0.6894044427085705, 1.7780343453710024, 179.69], ""ranges_m"": {""1"": 0.312, ""3"": 0.053, ""2"": 0.891}, ""scan_headings"": {""1"": 2, ""3"": 2, ""2"": 2}}"
255,1790831222.3182564,frontier_plan,"{""timestamp"": 1790831222.3182564, ""type"": ""frontier_plan"", ""frontier"": [0, 3], ""route"": [[1, 3], [0, 3]]}"
256,1790831222.3182611,motion_start,"{""timestamp"": 1790831222.3182611, ""type"": ""motion_start"", ""step"": 8, ""from"": [1, 3], ""to"": [0, 3], ""direction"": 2, ""backtrack"": false}"
257,1790831222.4053965,hardware_action,"{""timestamp"": 1790831222.4053965, ""type"": ""hardware_action"", ""name"": ""Gimbal front position hold"", ""state"": ""action_succeeded"", ""completed"": true, ""succeeded"": true, ""elapsed_sec"": 0.0867915799972252}"
258,1790831222.4054132,gimbal,"{""timestamp"": 1790831222.4054132, ""type"": ""gimbal"", ""phase"": ""front_position_hold"", ""target_yaw"": 0, ""target_pitch"": 0, ""actual_yaw"": 0.1, ""actual_pitch"": -0.3, ""ground_yaw"": -72.4, ""ground_pitch"": 0.0}"
259,1790831222.4661264,robot_mode,"{""timestamp"": 1790831222.4661264, ""type"": ""robot_mode"", ""phase"": ""before_motion"", ""mode"": ""chassis_lead""}"
260,1790831222.7105603,gimbal,"{""timestamp"": 1790831222.7105603, ""type"": ""gimbal"", ""phase"": ""move_completed"", ""target_yaw"": 0, ""target_pitch"": 0, ""actual_yaw"": 0.1, ""actual_pitch"": -0.3, ""ground_yaw"": -72.4, ""ground_pitch"": 0.0}"
261,1790831222.8624065,tof_sample,"{""timestamp"": 1790831222.8624065, ""type"": ""tof_sample"", ""gimbal_yaw"": 0, ""range_m"": 0.894, ""accepted"": 3, ""capped_far_samples"": 0}"
262,1790831222.8624232,walk_start,"{""timestamp"": 1790831222.8624232, ""type"": ""walk_start"", ""direction"": 2, ""cell_size_m"": 0.6}"
263,1790831225.626224,walk_end,"{""completed"": true, ""reason"": ""distance_reached"", ""distance_m"": 0.6122285693100051, ""false_obstacle_count"": 0, ""stop_tof_mm"": null, ""end_tof_mm"": 255.0, ""front_stop_limit_mm"": 240.0, ""lateral_deviation_m"": -0.06345709038889387, ""heading_error_deg"": -0.42000000000007276, ""timestamp"": 1790831225.626224, ""type"": ""walk_end""}"
264,1790831225.6487002,chassis_wheel_stop,"{""timestamp"": 1790831225.6487002, ""type"": ""chassis_wheel_stop"", ""acknowledged"": true}"
265,1790831225.9531965,chassis_stationary,"{""timestamp"": 1790831225.9531965, ""type"": ""chassis_stationary"", ""yaw"": 179.59000000000003, ""position_m"": [0.07923872413682032, 1.2464517932905264]}"
266,1790831225.9532166,move,"{""timestamp"": 1790831225.9532166, ""type"": ""move"", ""from"": [1, 3], ""to"": [0, 3], ""direction"": 2, ""backtrack"": false, ""odometry_delta_m"": [-0.6104098228244166, 0.06311015924131635], ""yaw"": 179.59000000000003}"
267,1790831225.9576056,face_zero_start,"{""timestamp"": 1790831225.9576056, ""type"": ""face_zero_start"", ""after_moves"": 8, ""heading_before"": 2, ""cell"": [0, 3]}"
268,1790831225.9576185,chassis_turn,"{""timestamp"": 1790831225.9576185, ""type"": ""chassis_turn"", ""degrees"": 180.0, ""reason"": ""face_zero_reference""}"
269,1790831228.5190892,chassis_turn,"{""timestamp"": 1790831228.5190892, ""type"": ""chassis_turn"", ""degrees"": 180.0, ""reason"": ""face_zero_restore""}"
270,1790831231.1481998,chassis_wheel_stop,"{""timestamp"": 1790831231.1481998, ""type"": ""chassis_wheel_stop"", ""acknowledged"": true}"
271,1790831231.4525733,chassis_stationary,"{""timestamp"": 1790831231.4525733, ""type"": ""chassis_stationary"", ""yaw"": -178.54000000000002, ""position_m"": [0.0885875719220901, 1.2474539634795943]}"
272,1790831231.4525928,face_zero,"{""timestamp"": 1790831231.4525928, ""type"": ""face_zero"", ""after_moves"": 8, ""cell"": [0, 3], ""heading"": 2, ""yaw_deg"": -178.54000000000002, ""tolerance_deg"": 5}"
273,1790831231.487141,robot_mode,"{""timestamp"": 1790831231.487141, ""type"": ""robot_mode"", ""phase"": ""before_gimbal_scan"", ""mode"": ""free""}"
274,1790831231.5280123,scan_mode,"{""timestamp"": 1790831231.5280123, ""type"": ""scan_mode"", ""mode"": ""gimbal""}"
275,1790831231.5280557,gimbal,"{""timestamp"": 1790831231.5280557, ""type"": ""gimbal"", ""phase"": ""move"", ""target_yaw"": -90, ""target_pitch"": 0, ""actual_yaw"": 0.0, ""actual_pitch"": -0.8, ""ground_yaw"": -77.8, ""ground_pitch"": 0.0, ""delta_yaw"": -90, ""delta_pitch"": 0}"
276,1790831232.114255,hardware_action,"{""timestamp"": 1790831232.114255, ""type"": ""hardware_action"", ""name"": ""Gimbal move action"", ""state"": ""action_succeeded"", ""completed"": true, ""succeeded"": true, ""elapsed_sec"": 0.5858607330010273}"
277,1790831232.3644502,gimbal,"{""timestamp"": 1790831232.3644502, ""type"": ""gimbal"", ""phase"": ""move_completed"", ""target_yaw"": -90, ""target_pitch"": 0, ""actual_yaw"": -91.2, ""actual_pitch"": -0.8, ""ground_yaw"": -167.5, ""ground_pitch"": 0.0}"
278,1790831232.5383265,tof_sample,"{""timestamp"": 1790831232.5383265, ""type"": ""tof_sample"", ""gimbal_yaw"": -90, ""range_m"": 1.818, ""accepted"": 3, ""capped_far_samples"": 0}"
279,1790831232.538405,gimbal,"{""timestamp"": 1790831232.538405, ""type"": ""gimbal"", ""phase"": ""move"", ""target_yaw"": 90, ""target_pitch"": 0, ""actual_yaw"": -91.1, ""actual_pitch"": -0.8, ""ground_yaw"": -167.6, ""ground_pitch"": 0.0, ""delta_yaw"": 180.0, ""delta_pitch"": 0}"
280,1790831233.6043727,hardware_action,"{""timestamp"": 1790831233.6043727, ""type"": ""hardware_action"", ""name"": ""Gimbal move action"", ""state"": ""action_succeeded"", ""completed"": true, ""succeeded"": true, ""elapsed_sec"": 1.0656442110048374}"
281,1790831233.8546426,gimbal,"{""timestamp"": 1790831233.8546426, ""type"": ""gimbal"", ""phase"": ""move_completed"", ""target_yaw"": 90, ""target_pitch"": 0, ""actual_yaw"": 87.8, ""actual_pitch"": -0.5, ""ground_yaw"": 12.1, ""ground_pitch"": 0.0}"
282,1790831234.038849,tof_sample,"{""timestamp"": 1790831234.038849, ""type"": ""tof_sample"", ""gimbal_yaw"": 90, ""range_m"": 0.751, ""accepted"": 3, ""capped_far_samples"": 0}"
283,1790831234.038928,gimbal,"{""timestamp"": 1790831234.038928, ""type"": ""gimbal"", ""phase"": ""move"", ""target_yaw"": 0, ""target_pitch"": 0, ""actual_yaw"": 87.9, ""actual_pitch"": -0.5, ""ground_yaw"": 12.1, ""ground_pitch"": 0.0, ""delta_yaw"": -90.0, ""delta_pitch"": 0}"
284,1790831234.6123242,hardware_action,"{""timestamp"": 1790831234.6123242, ""type"": ""hardware_action"", ""name"": ""Gimbal move action"", ""state"": ""action_succeeded"", ""completed"": true, ""succeeded"": true, ""elapsed_sec"": 0.5730646429947228}"
285,1790831234.8625467,gimbal,"{""timestamp"": 1790831234.8625467, ""type"": ""gimbal"", ""phase"": ""move_completed"", ""target_yaw"": 0, ""target_pitch"": 0, ""actual_yaw"": -2.0, ""actual_pitch"": -1.0, ""ground_yaw"": -77.5, ""ground_pitch"": 0.0}"
286,1790831235.0460925,tof_sample,"{""timestamp"": 1790831235.0460925, ""type"": ""tof_sample"", ""gimbal_yaw"": 0, ""range_m"": 0.271, ""accepted"": 3, ""capped_far_samples"": 0}"
287,1790831242.0585752,sign_inspection,"{""timestamp"": 1790831242.0585752, ""type"": ""sign_inspection"", ""cell"": [0, 3], ""direction"": ""S"", ""camera_yaws"": [0.0, -18.0, 18.0], ""frames"": 142, ""detected_frames"": 0}"
288,1790831242.058586,target_scan_complete,"{""timestamp"": 1790831242.058586, ""type"": ""target_scan_complete"", ""cell"": [0, 3], ""direction"": ""S"", ""targets"": []}"
289,1790831242.5087314,scan,"{""timestamp"": 1790831242.5087314, ""type"": ""scan"", ""cell"": [0, 3], ""pose"": [0.0789946198841539, 1.8411445046123187, -178.49], ""ranges_m"": {""1"": 1.818, ""3"": 0.751, ""2"": 0.271}, ""scan_headings"": {""1"": 2, ""3"": 2, ""2"": 2}}"
290,1790831242.5140064,frontier_plan,"{""timestamp"": 1790831242.5140064, ""type"": ""frontier_plan"", ""frontier"": [0, 4], ""route"": [[0, 3], [0, 4]]}"
291,1790831242.5140104,motion_start,"{""timestamp"": 1790831242.5140104, ""type"": ""motion_start"", ""step"": 9, ""from"": [0, 3], ""to"": [0, 4], ""direction"": 1, ""backtrack"": false}"
292,1790831242.5287893,hardware_action,"{""timestamp"": 1790831242.5287893, ""type"": ""hardware_action"", ""name"": ""Gimbal front position hold"", ""state"": ""action_succeeded"", ""completed"": true, ""succeeded"": true, ""elapsed_sec"": 0.014513137997710146}"
293,1790831242.5288055,gimbal,"{""timestamp"": 1790831242.5288055, ""type"": ""gimbal"", ""phase"": ""front_position_hold"", ""target_yaw"": 0, ""target_pitch"": 0, ""actual_yaw"": 0.0, ""actual_pitch"": -0.5, ""ground_yaw"": -75.5, ""ground_pitch"": 0.0}"
294,1790831242.5893717,robot_mode,"{""timestamp"": 1790831242.5893717, ""type"": ""robot_mode"", ""phase"": ""before_motion"", ""mode"": ""chassis_lead""}"
295,1790831242.5893757,chassis_turn,"{""timestamp"": 1790831242.5893757, ""type"": ""chassis_turn"", ""degrees"": 90}"
296,1790831244.9857948,gimbal,"{""timestamp"": 1790831244.9857948, ""type"": ""gimbal"", ""phase"": ""move_completed"", ""target_yaw"": 0, ""target_pitch"": 0, ""actual_yaw"": 0.2, ""actual_pitch"": -0.9, ""ground_yaw"": -169.2, ""ground_pitch"": 0.0}"
297,1790831245.1272306,tof_sample,"{""timestamp"": 1790831245.1272306, ""type"": ""tof_sample"", ""gimbal_yaw"": 0, ""range_m"": 1.787, ""accepted"": 3, ""capped_far_samples"": 0}"
298,1790831245.1272423,walk_start,"{""timestamp"": 1790831245.1272423, ""type"": ""walk_start"", ""direction"": 1, ""cell_size_m"": 0.6}"
299,1790831247.5890784,walk_end,"{""completed"": true, ""reason"": ""distance_reached"", ""distance_m"": 0.6217479162797717, ""false_obstacle_count"": 0, ""stop_tof_mm"": null, ""end_tof_mm"": 981.0, ""front_stop_limit_mm"": 240.0, ""lateral_deviation_m"": 0.04622974260973559, ""heading_error_deg"": -0.20999999999997954, ""timestamp"": 1790831247.5890784, ""type"": ""walk_end""}"
300,1790831247.6112998,chassis_wheel_stop,"{""timestamp"": 1790831247.6112998, ""type"": ""chassis_wheel_stop"", ""acknowledged"": true}"
301,1790831247.9147878,chassis_stationary,"{""timestamp"": 1790831247.9147878, ""type"": ""chassis_stationary"", ""yaw"": 89.79000000000002, ""position_m"": [0.05082040850458786, 1.865401662210964]}"
302,1790831247.914805,move,"{""timestamp"": 1790831247.914805, ""type"": ""move"", ""from"": [0, 3], ""to"": [0, 4], ""direction"": 1, ""backtrack"": false, ""odometry_delta_m"": [-0.04630490867251621, 0.6190153625176278], ""yaw"": 89.79000000000002}"
303,1790831247.9490516,robot_mode,"{""timestamp"": 1790831247.9490516, ""type"": ""robot_mode"", ""phase"": ""before_gimbal_scan"", ""mode"": ""free""}"
304,1790831248.0421922,scan_mode,"{""timestamp"": 1790831248.0421922, ""type"": ""scan_mode"", ""mode"": ""gimbal""}"
305,1790831248.0422366,gimbal,"{""timestamp"": 1790831248.0422366, ""type"": ""gimbal"", ""phase"": ""move"", ""target_yaw"": -90, ""target_pitch"": 0, ""actual_yaw"": 0.0, ""actual_pitch"": -1.3, ""ground_yaw"": -169.9, ""ground_pitch"": 0.0, ""delta_yaw"": -90, ""delta_pitch"": 0}"
306,1790831248.6128085,hardware_action,"{""timestamp"": 1790831248.6128085, ""type"": ""hardware_action"", ""name"": ""Gimbal move action"", ""state"": ""action_succeeded"", ""completed"": true, ""succeeded"": true, ""elapsed_sec"": 0.5702357289992506}"
307,1790831248.8630104,gimbal,"{""timestamp"": 1790831248.8630104, ""type"": ""gimbal"", ""phase"": ""move_completed"", ""target_yaw"": -90, ""target_pitch"": 0, ""actual_yaw"": -91.0, ""actual_pitch"": 0.2, ""ground_yaw"": 100.2, ""ground_pitch"": 0.0}"
308,1790831249.0466063,tof_sample,"{""timestamp"": 1790831249.0466063, ""type"": ""tof_sample"", ""gimbal_yaw"": -90, ""range_m"": 0.217, ""accepted"": 3, ""capped_far_samples"": 0}"
309,1790831256.0623417,sign_inspection,"{""timestamp"": 1790831256.0623417, ""type"": ""sign_inspection"", ""cell"": [0, 4], ""direction"": ""N"", ""camera_yaws"": [-90.0, -108.0, -72.0], ""frames"": 148, ""detected_frames"": 36}"
310,1790831256.062374,target_scan_complete,"{""timestamp"": 1790831256.062374, ""type"": ""target_scan_complete"", ""cell"": [0, 4], ""direction"": ""N"", ""targets"": [{""direction"": 0, ""color"": ""Yellow"", ""shape"": ""Circle"", ""yaw"": -22.78, ""pitch"": 16.2, ""tof_distance_mm"": 217.0}, {""direction"": 0, ""color"": ""Yellow"", ""shape"": ""Square"", ""yaw"": -22.69, ""pitch"": 15.85, ""tof_distance_mm"": 217.0}]}"
311,1790831256.4086869,gimbal,"{""timestamp"": 1790831256.4086869, ""type"": ""gimbal"", ""phase"": ""move"", ""target_yaw"": 90, ""target_pitch"": 0, ""actual_yaw"": -88.3, ""actual_pitch"": -0.8, ""ground_yaw"": 102.1, ""ground_pitch"": -1.6, ""delta_yaw"": 180, ""delta_pitch"": 0}"
312,1790831257.5090811,hardware_action,"{""timestamp"": 1790831257.5090811, ""type"": ""hardware_action"", ""name"": ""Gimbal move action"", ""state"": ""action_succeeded"", ""completed"": true, ""succeeded"": true, ""elapsed_sec"": 1.0992760930021177}"
313,1790831257.759235,gimbal,"{""timestamp"": 1790831257.759235, ""type"": ""gimbal"", ""phase"": ""move_completed"", ""target_yaw"": 90, ""target_pitch"": 0, ""actual_yaw"": 89.1, ""actual_pitch"": -1.9, ""ground_yaw"": -79.3, ""ground_pitch"": 0.0}"
314,1790831257.912946,tof_sample,"{""timestamp"": 1790831257.912946, ""type"": ""tof_sample"", ""gimbal_yaw"": 90, ""range_m"": 0.206, ""accepted"": 3, ""capped_far_samples"": 0}"
315,1790831264.9609747,sign_inspection,"{""timestamp"": 1790831264.9609747, ""type"": ""sign_inspection"", ""cell"": [0, 4], ""direction"": ""S"", ""camera_yaws"": [90.0, 72.0, 108.0], ""frames"": 163, ""detected_frames"": 0}"
316,1790831264.9609838,target_scan_complete,"{""timestamp"": 1790831264.9609838, ""type"": ""target_scan_complete"", ""cell"": [0, 4], ""direction"": ""S"", ""targets"": []}"
317,1790831265.3118048,gimbal,"{""timestamp"": 1790831265.3118048, ""type"": ""gimbal"", ""phase"": ""move"", ""target_yaw"": 0, ""target_pitch"": 0, ""actual_yaw"": 91.4, ""actual_pitch"": -4.4, ""ground_yaw"": -77.1, ""ground_pitch"": -2.9, ""delta_yaw"": -90, ""delta_pitch"": 0}"
318,1790831265.909682,hardware_action,"{""timestamp"": 1790831265.909682, ""type"": ""hardware_action"", ""name"": ""Gimbal move action"", ""state"": ""action_succeeded"", ""completed"": true, ""succeeded"": true, ""elapsed_sec"": 0.5976218470023014}"
319,1790831266.1598697,gimbal,"{""timestamp"": 1790831266.1598697, ""type"": ""gimbal"", ""phase"": ""move_completed"", ""target_yaw"": 0, ""target_pitch"": 0, ""actual_yaw"": 0.2, ""actual_pitch"": -1.0, ""ground_yaw"": -169.2, ""ground_pitch"": 0.0}"
320,1790831266.2836254,tof_sample,"{""timestamp"": 1790831266.2836254, ""type"": ""tof_sample"", ""gimbal_yaw"": 0, ""range_m"": 0.994, ""accepted"": 3, ""capped_far_samples"": 0}"
321,1790831266.283749,scan,"{""timestamp"": 1790831266.283749, ""type"": ""scan"", ""cell"": [0, 4], ""pose"": [0.0326897112116377, 2.4601598671299465, 89.57], ""ranges_m"": {""0"": 0.217, ""2"": 0.206, ""1"": 0.994}, ""scan_headings"": {""0"": 1, ""2"": 1, ""1"": 1}}"
322,1790831266.2884634,frontier_plan,"{""timestamp"": 1790831266.2884634, ""type"": ""frontier_plan"", ""frontier"": [0, 5], ""route"": [[0, 4], [0, 5]]}"
323,1790831266.288466,motion_start,"{""timestamp"": 1790831266.288466, ""type"": ""motion_start"", ""step"": 10, ""from"": [0, 4], ""to"": [0, 5], ""direction"": 1, ""backtrack"": false}"
324,1790831266.3122294,hardware_action,"{""timestamp"": 1790831266.3122294, ""type"": ""hardware_action"", ""name"": ""Gimbal front position hold"", ""state"": ""action_succeeded"", ""completed"": true, ""succeeded"": true, ""elapsed_sec"": 0.023497991998738144}"
325,1790831266.3122513,gimbal,"{""timestamp"": 1790831266.3122513, ""type"": ""gimbal"", ""phase"": ""front_position_hold"", ""target_yaw"": 0, ""target_pitch"": 0, ""actual_yaw"": 0.2, ""actual_pitch"": -1.0, ""ground_yaw"": -169.2, ""ground_pitch"": 0.0}"
326,1790831266.3703089,robot_mode,"{""timestamp"": 1790831266.3703089, ""type"": ""robot_mode"", ""phase"": ""before_motion"", ""mode"": ""chassis_lead""}"
327,1790831266.6848106,gimbal,"{""timestamp"": 1790831266.6848106, ""type"": ""gimbal"", ""phase"": ""move_completed"", ""target_yaw"": 0, ""target_pitch"": 0, ""actual_yaw"": 0.1, ""actual_pitch"": -1.1, ""ground_yaw"": -169.2, ""ground_pitch"": 0.0}"
328,1790831266.8873055,tof_sample,"{""timestamp"": 1790831266.8873055, ""type"": ""tof_sample"", ""gimbal_yaw"": 0, ""range_m"": 0.999, ""accepted"": 3, ""capped_far_samples"": 0}"
329,1790831266.8873212,walk_start,"{""timestamp"": 1790831266.8873212, ""type"": ""walk_start"", ""direction"": 1, ""cell_size_m"": 0.6}"
330,1790831269.7011518,walk_end,"{""completed"": true, ""reason"": ""distance_reached"", ""distance_m"": 0.6108260897160331, ""false_obstacle_count"": 0, ""stop_tof_mm"": null, ""end_tof_mm"": 299.0, ""front_stop_limit_mm"": 240.0, ""lateral_deviation_m"": -0.02207872102773487, ""heading_error_deg"": -0.20999999999997954, ""timestamp"": 1790831269.7011518, ""type"": ""walk_end""}"
331,1790831269.7113833,chassis_wheel_stop,"{""timestamp"": 1790831269.7113833, ""type"": ""chassis_wheel_stop"", ""acknowledged"": true}"
332,1790831270.0155473,chassis_stationary,"{""timestamp"": 1790831270.0155473, ""type"": ""chassis_stationary"", ""yaw"": 89.86000000000001, ""position_m"": [0.07407553193199184, 2.477235956962718]}"
333,1790831270.015567,move,"{""timestamp"": 1790831270.015567, ""type"": ""move"", ""from"": [0, 4], ""to"": [0, 5], ""direction"": 1, ""backtrack"": false, ""odometry_delta_m"": [0.022841088906958046, 0.6103140397021392], ""yaw"": 89.86000000000001}"
334,1790831270.020872,face_zero_start,"{""timestamp"": 1790831270.020872, ""type"": ""face_zero_start"", ""after_moves"": 10, ""heading_before"": 1, ""cell"": [0, 5]}"
335,1790831270.0208855,chassis_turn,"{""timestamp"": 1790831270.0208855, ""type"": ""chassis_turn"", ""degrees"": 90.0, ""reason"": ""face_zero_reference""}"
336,1790831271.5964777,chassis_turn,"{""timestamp"": 1790831271.5964777, ""type"": ""chassis_turn"", ""degrees"": -90.0, ""reason"": ""face_zero_restore""}"
337,1790831273.1730824,chassis_wheel_stop,"{""timestamp"": 1790831273.1730824, ""type"": ""chassis_wheel_stop"", ""acknowledged"": true}"
338,1790831273.4771037,chassis_stationary,"{""timestamp"": 1790831273.4771037, ""type"": ""chassis_stationary"", ""yaw"": 88.94, ""position_m"": [0.07854353887535973, 2.4735809721537185]}"
339,1790831273.4771187,face_zero,"{""timestamp"": 1790831273.4771187, ""type"": ""face_zero"", ""after_moves"": 10, ""cell"": [0, 5], ""heading"": 1, ""yaw_deg"": 88.94, ""tolerance_deg"": 5}"
340,1790831273.5095115,robot_mode,"{""timestamp"": 1790831273.5095115, ""type"": ""robot_mode"", ""phase"": ""before_gimbal_scan"", ""mode"": ""free""}"
341,1790831273.5612433,scan_mode,"{""timestamp"": 1790831273.5612433, ""type"": ""scan_mode"", ""mode"": ""gimbal""}"
342,1790831273.5612922,gimbal,"{""timestamp"": 1790831273.5612922, ""type"": ""gimbal"", ""phase"": ""move"", ""target_yaw"": -90, ""target_pitch"": 0, ""actual_yaw"": 0.4, ""actual_pitch"": -1.2, ""ground_yaw"": -169.7, ""ground_pitch"": 0.0, ""delta_yaw"": -90, ""delta_pitch"": 0}"
343,1790831274.1102145,hardware_action,"{""timestamp"": 1790831274.1102145, ""type"": ""hardware_action"", ""name"": ""Gimbal move action"", ""state"": ""action_succeeded"", ""completed"": true, ""succeeded"": true, ""elapsed_sec"": 0.5484701579989633}"
344,1790831274.3603866,gimbal,"{""timestamp"": 1790831274.3603866, ""type"": ""gimbal"", ""phase"": ""move_completed"", ""target_yaw"": -90, ""target_pitch"": 0, ""actual_yaw"": -90.3, ""actual_pitch"": 0.1, ""ground_yaw"": 100.4, ""ground_pitch"": 0.0}"
345,1790831274.5131364,tof_sample,"{""timestamp"": 1790831274.5131364, ""type"": ""tof_sample"", ""gimbal_yaw"": -90, ""range_m"": 0.877, ""accepted"": 3, ""capped_far_samples"": 0}"
346,1790831274.5132282,gimbal,"{""timestamp"": 1790831274.5132282, ""type"": ""gimbal"", ""phase"": ""move"", ""target_yaw"": 90, ""target_pitch"": 0, ""actual_yaw"": -90.3, ""actual_pitch"": 0.1, ""ground_yaw"": 100.4, ""ground_pitch"": 0.0, ""delta_yaw"": 180.0, ""delta_pitch"": 0}"
347,1790831275.610603,hardware_action,"{""timestamp"": 1790831275.610603, ""type"": ""hardware_action"", ""name"": ""Gimbal move action"", ""state"": ""action_succeeded"", ""completed"": true, ""succeeded"": true, ""elapsed_sec"": 1.0969009239997831}"
348,1790831275.860829,gimbal,"{""timestamp"": 1790831275.860829, ""type"": ""gimbal"", ""phase"": ""move_completed"", ""target_yaw"": 90, ""target_pitch"": 0, ""actual_yaw"": 88.5, ""actual_pitch"": -1.8, ""ground_yaw"": -79.7, ""ground_pitch"": 0.0}"
349,1790831276.1676707,tof_sample,"{""timestamp"": 1790831276.1676707, ""type"": ""tof_sample"", ""gimbal_yaw"": 90, ""range_m"": 0.192, ""accepted"": 3, ""capped_far_samples"": 0}"
350,1790831283.1616383,sign_inspection,"{""timestamp"": 1790831283.1616383, ""type"": ""sign_inspection"", ""cell"": [0, 5], ""direction"": ""S"", ""camera_yaws"": [90.0, 72.0, 108.0], ""frames"": 118, ""detected_frames"": 63}"
351,1790831283.161674,target_scan_complete,"{""timestamp"": 1790831283.161674, ""type"": ""target_scan_complete"", ""cell"": [0, 5], ""direction"": ""S"", ""targets"": [{""direction"": 2, ""color"": ""Red"", ""shape"": ""Circle"", ""yaw"": 59.31, ""pitch"": -35.27, ""tof_distance_mm"": 192.0}]}"
352,1790831283.5100093,gimbal,"{""timestamp"": 1790831283.5100093, ""type"": ""gimbal"", ""phase"": ""move"", ""target_yaw"": 0, ""target_pitch"": 0, ""actual_yaw"": 90.3, ""actual_pitch"": -2.7, ""ground_yaw"": -78.4, ""ground_pitch"": -1.5, ""delta_yaw"": -90, ""delta_pitch"": 0}"
353,1790831284.1043658,hardware_action,"{""timestamp"": 1790831284.1043658, ""type"": ""hardware_action"", ""name"": ""Gimbal move action"", ""state"": ""action_succeeded"", ""completed"": true, ""succeeded"": true, ""elapsed_sec"": 0.5940690619972884}"
354,1790831284.3545668,gimbal,"{""timestamp"": 1790831284.3545668, ""type"": ""gimbal"", ""phase"": ""move_completed"", ""target_yaw"": 0, ""target_pitch"": 0, ""actual_yaw"": 0.1, ""actual_pitch"": -0.9, ""ground_yaw"": -169.2, ""ground_pitch"": 0.0}"
355,1790831284.486752,tof_sample,"{""timestamp"": 1790831284.486752, ""type"": ""tof_sample"", ""gimbal_yaw"": 0, ""range_m"": 0.301, ""accepted"": 3, ""capped_far_samples"": 0}"
356,1790831291.461448,sign_inspection,"{""timestamp"": 1790831291.461448, ""type"": ""sign_inspection"", ""cell"": [0, 5], ""direction"": ""E"", ""camera_yaws"": [0.0, -18.0, 18.0], ""frames"": 150, ""detected_frames"": 0}"
357,1790831291.461463,target_scan_complete,"{""timestamp"": 1790831291.461463, ""type"": ""target_scan_complete"", ""cell"": [0, 5], ""direction"": ""E"", ""targets"": []}"
358,1790831291.8227558,scan,"{""timestamp"": 1790831291.8227558, ""type"": ""scan"", ""cell"": [0, 5], ""pose"": [0.05553080011859574, 3.0704739068320857, 88.94], ""ranges_m"": {""0"": 0.877, ""2"": 0.192, ""1"": 0.301}, ""scan_headings"": {""0"": 1, ""2"": 1, ""1"": 1}}"
359,1790831291.8298266,frontier_plan,"{""timestamp"": 1790831291.8298266, ""type"": ""frontier_plan"", ""frontier"": [1, 5], ""route"": [[0, 5], [1, 5]]}"
360,1790831291.8298297,motion_start,"{""timestamp"": 1790831291.8298297, ""type"": ""motion_start"", ""step"": 11, ""from"": [0, 5], ""to"": [1, 5], ""direction"": 0, ""backtrack"": false}"
361,1790831291.9138978,hardware_action,"{""timestamp"": 1790831291.9138978, ""type"": ""hardware_action"", ""name"": ""Gimbal front position hold"", ""state"": ""action_succeeded"", ""completed"": true, ""succeeded"": true, ""elapsed_sec"": 0.08383662499545608}"
362,1790831291.913911,gimbal,"{""timestamp"": 1790831291.913911, ""type"": ""gimbal"", ""phase"": ""front_position_hold"", ""target_yaw"": 0, ""target_pitch"": 0, ""actual_yaw"": 0.0, ""actual_pitch"": -0.3, ""ground_yaw"": -169.1, ""ground_pitch"": -0.1}"
363,1790831291.9715738,robot_mode,"{""timestamp"": 1790831291.9715738, ""type"": ""robot_mode"", ""phase"": ""before_motion"", ""mode"": ""chassis_lead""}"
364,1790831291.9715762,chassis_turn,"{""timestamp"": 1790831291.9715762, ""type"": ""chassis_turn"", ""degrees"": 90}"
365,1790831293.8171175,gimbal,"{""timestamp"": 1790831293.8171175, ""type"": ""gimbal"", ""phase"": ""move_completed"", ""target_yaw"": 0, ""target_pitch"": 0, ""actual_yaw"": 0.0, ""actual_pitch"": 0.2, ""ground_yaw"": 98.9, ""ground_pitch"": 0.0}"
366,1790831293.9588385,tof_sample,"{""timestamp"": 1790831293.9588385, ""type"": ""tof_sample"", ""gimbal_yaw"": 0, ""range_m"": 0.857, ""accepted"": 3, ""capped_far_samples"": 0}"
367,1790831293.9588563,walk_start,"{""timestamp"": 1790831293.9588563, ""type"": ""walk_start"", ""direction"": 0, ""cell_size_m"": 0.6}"
368,1790831297.0721378,walk_end,"{""completed"": true, ""reason"": ""distance_reached"", ""distance_m"": 0.6141543045591431, ""false_obstacle_count"": 0, ""stop_tof_mm"": null, ""end_tof_mm"": 246.0, ""front_stop_limit_mm"": 240.0, ""lateral_deviation_m"": 0.0003665944291282308, ""heading_error_deg"": -0.4099999999999966, ""timestamp"": 1790831297.0721378, ""type"": ""walk_end""}"
369,1790831297.0899699,chassis_wheel_stop,"{""timestamp"": 1790831297.0899699, ""type"": ""chassis_wheel_stop"", ""acknowledged"": true}"
370,1790831297.3929892,chassis_stationary,"{""timestamp"": 1790831297.3929892, ""type"": ""chassis_stationary"", ""yaw"": -0.4300000000000068, ""position_m"": [0.6923581765539597, 2.473929499755172]}"
371,1790831297.3930082,move,"{""timestamp"": 1790831297.3930082, ""type"": ""move"", ""from"": [0, 5], ""to"": [1, 5], ""direction"": 0, ""backtrack"": false, ""odometry_delta_m"": [0.6091144512039812, -0.0009633973597433787], ""yaw"": -0.4300000000000068}"
372,1790831297.4334404,robot_mode,"{""timestamp"": 1790831297.4334404, ""type"": ""robot_mode"", ""phase"": ""before_gimbal_scan"", ""mode"": ""free""}"
373,1790831297.4740708,scan_mode,"{""timestamp"": 1790831297.4740708, ""type"": ""scan_mode"", ""mode"": ""gimbal""}"
374,1790831297.4741194,gimbal,"{""timestamp"": 1790831297.4741194, ""type"": ""gimbal"", ""phase"": ""move"", ""target_yaw"": -90, ""target_pitch"": 0, ""actual_yaw"": 0.2, ""actual_pitch"": -0.8, ""ground_yaw"": 99.0, ""ground_pitch"": 0.0, ""delta_yaw"": -90, ""delta_pitch"": 0}"
375,1790831298.0135725,hardware_action,"{""timestamp"": 1790831298.0135725, ""type"": ""hardware_action"", ""name"": ""Gimbal move action"", ""state"": ""action_succeeded"", ""completed"": true, ""succeeded"": true, ""elapsed_sec"": 0.5387133929980337}"
376,1790831298.2637734,gimbal,"{""timestamp"": 1790831298.2637734, ""type"": ""gimbal"", ""phase"": ""move_completed"", ""target_yaw"": -90, ""target_pitch"": 0, ""actual_yaw"": -90.5, ""actual_pitch"": 0.3, ""ground_yaw"": 9.2, ""ground_pitch"": 0.0}"
377,1790831298.478142,tof_sample,"{""timestamp"": 1790831298.478142, ""type"": ""tof_sample"", ""gimbal_yaw"": -90, ""range_m"": 0.718, ""accepted"": 3, ""capped_far_samples"": 0}"
378,1790831298.478193,gimbal,"{""timestamp"": 1790831298.478193, ""type"": ""gimbal"", ""phase"": ""move"", ""target_yaw"": 90, ""target_pitch"": 0, ""actual_yaw"": -90.4, ""actual_pitch"": 0.3, ""ground_yaw"": 9.2, ""ground_pitch"": 0.0, ""delta_yaw"": 180.0, ""delta_pitch"": 0}"
379,1790831299.5102906,hardware_action,"{""timestamp"": 1790831299.5102906, ""type"": ""hardware_action"", ""name"": ""Gimbal move action"", ""state"": ""action_succeeded"", ""completed"": true, ""succeeded"": true, ""elapsed_sec"": 1.0317976529986481}"
380,1790831299.7604523,gimbal,"{""timestamp"": 1790831299.7604523, ""type"": ""gimbal"", ""phase"": ""move_completed"", ""target_yaw"": 90, ""target_pitch"": 0, ""actual_yaw"": 88.4, ""actual_pitch"": -1.9, ""ground_yaw"": -171.0, ""ground_pitch"": 0.0}"
381,1790831299.9737117,tof_sample,"{""timestamp"": 1790831299.9737117, ""type"": ""tof_sample"", ""gimbal_yaw"": 90, ""range_m"": 0.304, ""accepted"": 3, ""capped_far_samples"": 0}"
382,1790831306.9665275,sign_inspection,"{""timestamp"": 1790831306.9665275, ""type"": ""sign_inspection"", ""cell"": [1, 5], ""direction"": ""E"", ""camera_yaws"": [90.0, 72.0, 108.0], ""frames"": 157, ""detected_frames"": 0}"
383,1790831306.9665406,target_scan_complete,"{""timestamp"": 1790831306.9665406, ""type"": ""target_scan_complete"", ""cell"": [1, 5], ""direction"": ""E"", ""targets"": []}"
384,1790831307.324246,gimbal,"{""timestamp"": 1790831307.324246, ""type"": ""gimbal"", ""phase"": ""move"", ""target_yaw"": 0, ""target_pitch"": 0, ""actual_yaw"": 90.7, ""actual_pitch"": -3.7, ""ground_yaw"": -169.1, ""ground_pitch"": -2.1, ""delta_yaw"": -90, ""delta_pitch"": 0}"
385,1790831307.915776,hardware_action,"{""timestamp"": 1790831307.915776, ""type"": ""hardware_action"", ""name"": ""Gimbal move action"", ""state"": ""action_succeeded"", ""completed"": true, ""succeeded"": true, ""elapsed_sec"": 0.5912220310056}"
386,1790831308.165953,gimbal,"{""timestamp"": 1790831308.165953, ""type"": ""gimbal"", ""phase"": ""move_completed"", ""target_yaw"": 0, ""target_pitch"": 0, ""actual_yaw"": 0.1, ""actual_pitch"": -0.6, ""ground_yaw"": 99.4, ""ground_pitch"": 0.0}"
387,1790831308.3497758,tof_sample,"{""timestamp"": 1790831308.3497758, ""type"": ""tof_sample"", ""gimbal_yaw"": 0, ""range_m"": 0.253, ""accepted"": 3, ""capped_far_samples"": 0}"
388,1790831314.1168988,target_gimbal_move,"{""timestamp"": 1790831314.1168988, ""type"": ""target_gimbal_move"", ""phase"": ""lift"", ""requested_yaw"": 17.8, ""requested_pitch"": 0, ""succeeded"": true, ""action_state"": ""action_succeeded"", ""reason"": ""None"", ""actual_yaw"": 17.9, ""actual_pitch"": -0.4}"
389,1790831314.4166636,target_gimbal_move,"{""timestamp"": 1790831314.4166636, ""type"": ""target_gimbal_move"", ""phase"": ""turn"", ""requested_yaw"": 50.59, ""requested_pitch"": 0, ""succeeded"": true, ""action_state"": ""action_succeeded"", ""reason"": ""None"", ""actual_yaw"": 52.0, ""actual_pitch"": -1.7}"
390,1790831314.820833,target_gimbal_move,"{""timestamp"": 1790831314.820833, ""type"": ""target_gimbal_move"", ""phase"": ""aim"", ""requested_yaw"": 50.59, ""requested_pitch"": -20.0, ""succeeded"": true, ""action_state"": ""action_succeeded"", ""reason"": ""None"", ""actual_yaw"": 49.8, ""actual_pitch"": -18.8}"
391,1790831315.217877,target_gimbal_move,"{""timestamp"": 1790831315.217877, ""type"": ""target_gimbal_move"", ""phase"": ""aim"", ""requested_yaw"": 40.59, ""requested_pitch"": -20.0, ""succeeded"": true, ""action_state"": ""action_succeeded"", ""reason"": ""None"", ""actual_yaw"": 49.8, ""actual_pitch"": -18.7}"
392,1790831315.6191454,target_gimbal_move,"{""timestamp"": 1790831315.6191454, ""type"": ""target_gimbal_move"", ""phase"": ""aim"", ""requested_yaw"": 35.87, ""requested_pitch"": -20.0, ""succeeded"": true, ""action_state"": ""action_succeeded"", ""reason"": ""None"", ""actual_yaw"": 37.9, ""actual_pitch"": -20.0}"
393,1790831316.118048,target_gimbal_move,"{""timestamp"": 1790831316.118048, ""type"": ""target_gimbal_move"", ""phase"": ""aim"", ""requested_yaw"": 35.87, ""requested_pitch"": -11.02, ""succeeded"": true, ""action_state"": ""action_succeeded"", ""reason"": ""None"", ""actual_yaw"": 36.0, ""actual_pitch"": -14.9}"
394,1790831317.378856,target_fire,"{""timestamp"": 1790831317.378856, ""type"": ""target_fire"", ""cell"": [1, 5], ""direction"": 0, ""color"": ""Green"", ""shape"": ""Square"", ""fire_mode"": ""water_fire"", ""yaw"": 35.87, ""pitch"": -11.02, ""locked"": true, ""fired"": true, ""aim_moves"": 3, ""aim_error_px"": 21.0, ""aim_failure"": null, ""visible_labels"": [""Green Square"", ""Red Square""], ""actual_yaw"": 36.0, ""actual_pitch"": -13.0, ""fire_commands_sent"": 1, ""shots_requested"": 3, ""fire_command_timestamp"": 1790831316.3683941, ""burst_hold_sec"": 1.0, ""target_distance_m"": 0.253, ""barrel_pitch_offset_deg"": 8.98}"
395,1790831317.3796797,sign_inspection,"{""timestamp"": 1790831317.3796797, ""type"": ""sign_inspection"", ""cell"": [1, 5], ""direction"": ""N"", ""camera_yaws"": [0.0, -18.0, 18.0], ""frames"": 100, ""detected_frames"": 100}"
396,1790831317.3797035,target_scan_complete,"{""timestamp"": 1790831317.3797035, ""type"": ""target_scan_complete"", ""cell"": [1, 5], ""direction"": ""N"", ""targets"": [{""direction"": 0, ""color"": ""Green"", ""shape"": ""Square"", ""yaw"": 50.59, ""pitch"": -12.48, ""tof_distance_mm"": 253.0}]}"
397,1790831317.6177273,scan,"{""timestamp"": 1790831317.6177273, ""type"": ""scan"", ""cell"": [1, 5], ""pose"": [0.664645251322577, 3.0695105094723423, -0.18000000000000682], ""ranges_m"": {""3"": 0.718, ""1"": 0.304, ""0"": 0.253}, ""scan_headings"": {""3"": 0, ""1"": 0, ""0"": 0}}"
398,1790831317.6275878,frontier_plan,"{""timestamp"": 1790831317.6275878, ""type"": ""frontier_plan"", ""frontier"": [1, 4], ""route"": [[1, 5], [1, 4]]}"
399,1790831317.6275926,motion_start,"{""timestamp"": 1790831317.6275926, ""type"": ""motion_start"", ""step"": 12, ""from"": [1, 5], ""to"": [1, 4], ""direction"": 3, ""backtrack"": false}"
400,1790831317.7170916,hardware_action,"{""timestamp"": 1790831317.7170916, ""type"": ""hardware_action"", ""name"": ""Gimbal front position hold"", ""state"": ""action_succeeded"", ""completed"": true, ""succeeded"": true, ""elapsed_sec"": 0.08918670200364431}"
401,1790831317.7171097,gimbal,"{""timestamp"": 1790831317.7171097, ""type"": ""gimbal"", ""phase"": ""front_position_hold"", ""target_yaw"": 0, ""target_pitch"": 0, ""actual_yaw"": -1.8, ""actual_pitch"": 0.2, ""ground_yaw"": 97.7, ""ground_pitch"": -0.1}"
402,1790831317.7766438,robot_mode,"{""timestamp"": 1790831317.7766438, ""type"": ""robot_mode"", ""phase"": ""before_motion"", ""mode"": ""chassis_lead""}"
403,1790831317.7766488,chassis_turn,"{""timestamp"": 1790831317.7766488, ""type"": ""chassis_turn"", ""degrees"": 90}"
404,1790831319.677889,gimbal,"{""timestamp"": 1790831319.677889, ""type"": ""gimbal"", ""phase"": ""move_completed"", ""target_yaw"": 0, ""target_pitch"": 0, ""actual_yaw"": -0.4, ""actual_pitch"": 0.4, ""ground_yaw"": 6.8, ""ground_pitch"": 0.0}"
405,1790831319.8820698,tof_sample,"{""timestamp"": 1790831319.8820698, ""type"": ""tof_sample"", ""gimbal_yaw"": 0, ""range_m"": 0.718, ""accepted"": 3, ""capped_far_samples"": 0}"
406,1790831319.8820925,walk_start,"{""timestamp"": 1790831319.8820925, ""type"": ""walk_start"", ""direction"": 3, ""cell_size_m"": 0.6}"
407,1790831321.6970992,walk_end,"{""completed"": true, ""reason"": ""front_wall"", ""distance_m"": 0.48927189235105417, ""false_obstacle_count"": 0, ""stop_tof_mm"": 237.0, ""end_tof_mm"": 237.0, ""front_stop_limit_mm"": 240.0, ""lateral_deviation_m"": 0.04280455881349829, ""heading_error_deg"": -0.2699999999999818, ""timestamp"": 1790831321.6970992, ""type"": ""walk_end""}"
408,1790831321.7210288,chassis_wheel_stop,"{""timestamp"": 1790831321.7210288, ""type"": ""chassis_wheel_stop"", ""acknowledged"": true}"
409,1790831322.0254724,chassis_stationary,"{""timestamp"": 1790831322.0254724, ""type"": ""chassis_stationary"", ""yaw"": -90.45, ""position_m"": [0.7209667920817351, 1.9712569024141355]}"
410,1790831322.0255008,move,"{""timestamp"": 1790831322.0255008, ""type"": ""move"", ""from"": [1, 5], ""to"": [1, 4], ""direction"": 3, ""backtrack"": false, ""odometry_delta_m"": [0.04314131900768625, -0.5038780141009098], ""yaw"": -90.45}"
411,1790831322.0255232,odometry_mismatch,"{""timestamp"": 1790831322.0255232, ""type"": ""odometry_mismatch"", ""cell"": [1, 4], ""predicted_position_m"": [0.7077865703302633, 2.5656324953714327], ""expected_position_m"": [0.6, 2.4], ""error_m"": 0.19761596156821062}"
412,1790831322.03215,face_zero_start,"{""timestamp"": 1790831322.03215, ""type"": ""face_zero_start"", ""after_moves"": 12, ""heading_before"": 3, ""cell"": [1, 4]}"
413,1790831322.0321612,chassis_turn,"{""timestamp"": 1790831322.0321612, ""type"": ""chassis_turn"", ""degrees"": -90.0, ""reason"": ""face_zero_reference""}"
414,1790831323.6476972,chassis_turn,"{""timestamp"": 1790831323.6476972, ""type"": ""chassis_turn"", ""degrees"": 90.0, ""reason"": ""face_zero_restore""}"
415,1790831325.26241,chassis_wheel_stop,"{""timestamp"": 1790831325.26241, ""type"": ""chassis_wheel_stop"", ""acknowledged"": true}"
416,1790831325.5669253,chassis_stationary,"{""timestamp"": 1790831325.5669253, ""type"": ""chassis_stationary"", ""yaw"": -90.53, ""position_m"": [0.716282363561567, 1.9671745710410795]}"
417,1790831325.566946,face_zero,"{""timestamp"": 1790831325.566946, ""type"": ""face_zero"", ""after_moves"": 12, ""cell"": [1, 4], ""heading"": 3, ""yaw_deg"": -90.53, ""tolerance_deg"": 5}"
418,1790831325.5791087,robot_mode,"{""timestamp"": 1790831325.5791087, ""type"": ""robot_mode"", ""phase"": ""before_gimbal_scan"", ""mode"": ""free""}"
419,1790831325.6508205,scan_mode,"{""timestamp"": 1790831325.6508205, ""type"": ""scan_mode"", ""mode"": ""gimbal""}"
420,1790831325.6508594,gimbal,"{""timestamp"": 1790831325.6508594, ""type"": ""gimbal"", ""phase"": ""move"", ""target_yaw"": -90, ""target_pitch"": 0, ""actual_yaw"": -0.4, ""actual_pitch"": 0.3, ""ground_yaw"": 5.2, ""ground_pitch"": 0.0, ""delta_yaw"": -90, ""delta_pitch"": 0}"
421,1790831326.2242293,hardware_action,"{""timestamp"": 1790831326.2242293, ""type"": ""hardware_action"", ""name"": ""Gimbal move action"", ""state"": ""action_succeeded"", ""completed"": true, ""succeeded"": true, ""elapsed_sec"": 0.5730483689985704}"
422,1790831326.474442,gimbal,"{""timestamp"": 1790831326.474442, ""type"": ""gimbal"", ""phase"": ""move_completed"", ""target_yaw"": -90, ""target_pitch"": 0, ""actual_yaw"": -91.8, ""actual_pitch"": -0.2, ""ground_yaw"": -84.5, ""ground_pitch"": 0.0}"
423,1790831326.5962555,tof_sample,"{""timestamp"": 1790831326.5962555, ""type"": ""tof_sample"", ""gimbal_yaw"": -90, ""range_m"": 0.198, ""accepted"": 3, ""capped_far_samples"": 0}"
424,1790831333.6744435,sign_inspection,"{""timestamp"": 1790831333.6744435, ""type"": ""sign_inspection"", ""cell"": [1, 4], ""direction"": ""S"", ""camera_yaws"": [-90.0, -108.0, -72.0], ""frames"": 154, ""detected_frames"": 0}"
425,1790831333.6744564,target_scan_complete,"{""timestamp"": 1790831333.6744564, ""type"": ""target_scan_complete"", ""cell"": [1, 4], ""direction"": ""S"", ""targets"": []}"
426,1790831334.020288,gimbal,"{""timestamp"": 1790831334.020288, ""type"": ""gimbal"", ""phase"": ""move"", ""target_yaw"": 90, ""target_pitch"": 0, ""actual_yaw"": -86.8, ""actual_pitch"": -2.4, ""ground_yaw"": -81.0, ""ground_pitch"": -2.6, ""delta_yaw"": 180, ""delta_pitch"": 0}"
427,1790831335.1224375,hardware_action,"{""timestamp"": 1790831335.1224375, ""type"": ""hardware_action"", ""name"": ""Gimbal move action"", ""state"": ""action_succeeded"", ""completed"": true, ""succeeded"": true, ""elapsed_sec"": 1.1019148150007823}"
428,1790831335.372846,gimbal,"{""timestamp"": 1790831335.372846, ""type"": ""gimbal"", ""phase"": ""move_completed"", ""target_yaw"": 90, ""target_pitch"": 0, ""actual_yaw"": 89.0, ""actual_pitch"": -1.4, ""ground_yaw"": 96.4, ""ground_pitch"": 0.0}"
429,1790831335.5256689,tof_sample,"{""timestamp"": 1790831335.5256689, ""type"": ""tof_sample"", ""gimbal_yaw"": 90, ""range_m"": 0.218, ""accepted"": 3, ""capped_far_samples"": 0}"
430,1790831342.5697284,sign_inspection,"{""timestamp"": 1790831342.5697284, ""type"": ""sign_inspection"", ""cell"": [1, 4], ""direction"": ""N"", ""camera_yaws"": [90.0, 72.0, 108.0], ""frames"": 141, ""detected_frames"": 0}"
431,1790831342.569741,target_scan_complete,"{""timestamp"": 1790831342.569741, ""type"": ""target_scan_complete"", ""cell"": [1, 4], ""direction"": ""N"", ""targets"": []}"
432,1790831342.9211392,gimbal,"{""timestamp"": 1790831342.9211392, ""type"": ""gimbal"", ""phase"": ""move"", ""target_yaw"": 0, ""target_pitch"": 0, ""actual_yaw"": 90.7, ""actual_pitch"": -2.9, ""ground_yaw"": 97.7, ""ground_pitch"": -2.1, ""delta_yaw"": -90, ""delta_pitch"": 0}"
433,1790831343.5155227,hardware_action,"{""timestamp"": 1790831343.5155227, ""type"": ""hardware_action"", ""name"": ""Gimbal move action"", ""state"": ""action_succeeded"", ""completed"": true, ""succeeded"": true, ""elapsed_sec"": 0.5940742099992349}"
434,1790831343.7656975,gimbal,"{""timestamp"": 1790831343.7656975, ""type"": ""gimbal"", ""phase"": ""move_completed"", ""target_yaw"": 0, ""target_pitch"": 0, ""actual_yaw"": 0.1, ""actual_pitch"": 0.2, ""ground_yaw"": 6.4, ""ground_pitch"": 0.0}"
435,1790831343.9487815,tof_sample,"{""timestamp"": 1790831343.9487815, ""type"": ""tof_sample"", ""gimbal_yaw"": 0, ""range_m"": 0.21, ""accepted"": 3, ""capped_far_samples"": 0}"
436,1790831350.973008,sign_inspection,"{""timestamp"": 1790831350.973008, ""type"": ""sign_inspection"", ""cell"": [1, 4], ""direction"": ""W"", ""camera_yaws"": [0.0, -18.0, 18.0], ""frames"": 138, ""detected_frames"": 0}"
437,1790831350.9730215,target_scan_complete,"{""timestamp"": 1790831350.9730215, ""type"": ""target_scan_complete"", ""cell"": [1, 4], ""direction"": ""W"", ""targets"": []}"
438,1790831351.4037411,range_mismatch,"{""timestamp"": 1790831351.4037411, ""type"": ""range_mismatch"", ""direction"": ""S"", ""residual_m"": -0.1722865703302633}"
439,1790831351.403775,range_mismatch,"{""timestamp"": 1790831351.403775, ""type"": ""range_mismatch"", ""direction"": ""W"", ""residual_m"": -0.2181324953714325}"
440,1790831351.4038174,scan,"{""timestamp"": 1790831351.4038174, ""type"": ""scan"", ""cell"": [1, 4], ""pose"": [0.7077865703302633, 2.5656324953714327, -90.39], ""ranges_m"": {""2"": 0.198, ""0"": 0.218, ""3"": 0.21}, ""scan_headings"": {""2"": 3, ""0"": 3, ""3"": 3}}"
441,1790831351.413205,frontier_plan,"{""timestamp"": 1790831351.413205, ""type"": ""frontier_plan"", ""frontier"": [0, 2], ""route"": [[1, 4], [1, 5], [0, 5], [0, 4], [0, 3], [0, 2]]}"
442,1790831351.4132106,motion_start,"{""timestamp"": 1790831351.4132106, ""type"": ""motion_start"", ""step"": 13, ""from"": [1, 4], ""to"": [1, 5], ""direction"": 1, ""backtrack"": true}"
443,1790831351.4433014,hardware_action,"{""timestamp"": 1790831351.4433014, ""type"": ""hardware_action"", ""name"": ""Gimbal front position hold"", ""state"": ""action_succeeded"", ""completed"": true, ""succeeded"": true, ""elapsed_sec"": 0.028820576997532044}"
444,1790831351.4433236,gimbal,"{""timestamp"": 1790831351.4433236, ""type"": ""gimbal"", ""phase"": ""front_position_hold"", ""target_yaw"": 0, ""target_pitch"": 0, ""actual_yaw"": 0.0, ""actual_pitch"": 0.7, ""ground_yaw"": 6.2, ""ground_pitch"": 0.0}"
445,1790831351.5034041,robot_mode,"{""timestamp"": 1790831351.5034041, ""type"": ""robot_mode"", ""phase"": ""before_motion"", ""mode"": ""chassis_lead""}"
446,1790831351.5034096,chassis_turn,"{""timestamp"": 1790831351.5034096, ""type"": ""chassis_turn"", ""degrees"": 180}"
447,1790831354.2865,gimbal,"{""timestamp"": 1790831354.2865, ""type"": ""gimbal"", ""phase"": ""move_completed"", ""target_yaw"": 0, ""target_pitch"": 0, ""actual_yaw"": -0.1, ""actual_pitch"": -0.9, ""ground_yaw"": -176.7, ""ground_pitch"": 0.0}"
448,1790831354.479528,tof_sample,"{""timestamp"": 1790831354.479528, ""type"": ""tof_sample"", ""gimbal_yaw"": 0, ""range_m"": 0.832, ""accepted"": 3, ""capped_far_samples"": 0}"
449,1790831354.4795477,walk_start,"{""timestamp"": 1790831354.4795477, ""type"": ""walk_start"", ""direction"": 1, ""cell_size_m"": 0.6}"
450,1790831356.8051565,walk_end,"{""completed"": true, ""reason"": ""front_wall"", ""distance_m"": 0.5545667758867856, ""false_obstacle_count"": 0, ""stop_tof_mm"": 240.0, ""end_tof_mm"": 240.0, ""front_stop_limit_mm"": 240.0, ""lateral_deviation_m"": -0.03625798784454478, ""heading_error_deg"": -0.2599999999999909, ""timestamp"": 1790831356.8051565, ""type"": ""walk_end""}"
451,1790831356.827983,chassis_wheel_stop,"{""timestamp"": 1790831356.827983, ""type"": ""chassis_wheel_stop"", ""acknowledged"": true}"
452,1790831357.1319196,chassis_stationary,"{""timestamp"": 1790831357.1319196, ""type"": ""chassis_stationary"", ""yaw"": 90.01999999999998, ""position_m"": [0.7453187694829867, 2.548687538765073]}"
453,1790831357.1319504,move,"{""timestamp"": 1790831357.1319504, ""type"": ""move"", ""from"": [1, 4], ""to"": [1, 5], ""direction"": 1, ""backtrack"": true, ""odometry_delta_m"": [0.03410457453924021, 0.575751633949481], ""yaw"": 90.01999999999998}"
454,1790831357.1319847,odometry_mismatch,"{""timestamp"": 1790831357.1319847, ""type"": ""odometry_mismatch"", ""cell"": [1, 5], ""predicted_position_m"": [0.7418911448695035, 3.1413841293209135], ""expected_position_m"": [0.6, 3.0], ""error_m"": 0.20030618816255083}"
455,1790831357.1406567,scan_skipped,"{""timestamp"": 1790831357.1406567, ""type"": ""scan_skipped"", ""cell"": [1, 5], ""reason"": ""previously_scanned""}"
456,1790831357.149593,frontier_plan,"{""timestamp"": 1790831357.149593, ""type"": ""frontier_plan"", ""frontier"": [0, 2], ""route"": [[1, 5], [0, 5], [0, 4], [0, 3], [0, 2]]}"
457,1790831357.1495976,motion_start,"{""timestamp"": 1790831357.1495976, ""type"": ""motion_start"", ""step"": 14, ""from"": [1, 5], ""to"": [0, 5], ""direction"": 2, ""backtrack"": true}"
458,1790831357.1651728,hardware_action,"{""timestamp"": 1790831357.1651728, ""type"": ""hardware_action"", ""name"": ""Gimbal front position hold"", ""state"": ""action_succeeded"", ""completed"": true, ""succeeded"": true, ""elapsed_sec"": 0.015289552000467665}"
459,1790831357.1651905,gimbal,"{""timestamp"": 1790831357.1651905, ""type"": ""gimbal"", ""phase"": ""front_position_hold"", ""target_yaw"": 0, ""target_pitch"": 0, ""actual_yaw"": 0.0, ""actual_pitch"": -0.9, ""ground_yaw"": -176.8, ""ground_pitch"": 0.0}"
460,1790831357.2232697,robot_mode,"{""timestamp"": 1790831357.2232697, ""type"": ""robot_mode"", ""phase"": ""before_motion"", ""mode"": ""chassis_lead""}"
461,1790831357.2232735,chassis_turn,"{""timestamp"": 1790831357.2232735, ""type"": ""chassis_turn"", ""degrees"": -90}"
462,1790831359.6036844,gimbal,"{""timestamp"": 1790831359.6036844, ""type"": ""gimbal"", ""phase"": ""move_completed"", ""target_yaw"": 0, ""target_pitch"": 0, ""actual_yaw"": -0.1, ""actual_pitch"": -0.4, ""ground_yaw"": -85.2, ""ground_pitch"": 0.0}"
463,1790831359.7455933,tof_sample,"{""timestamp"": 1790831359.7455933, ""type"": ""tof_sample"", ""gimbal_yaw"": 0, ""range_m"": 0.872, ""accepted"": 3, ""capped_far_samples"": 0}"
464,1790831359.745608,walk_start,"{""timestamp"": 1790831359.745608, ""type"": ""walk_start"", ""direction"": 2, ""cell_size_m"": 0.6}"
465,1790831362.5048943,walk_end,"{""completed"": true, ""reason"": ""distance_reached"", ""distance_m"": 0.6011253940812007, ""false_obstacle_count"": 0, ""stop_tof_mm"": null, ""end_tof_mm"": 249.0, ""front_stop_limit_mm"": 240.0, ""lateral_deviation_m"": 0.01449134192272165, ""heading_error_deg"": -0.12999999999999545, ""timestamp"": 1790831362.5048943, ""type"": ""walk_end""}"
466,1790831362.5291672,chassis_wheel_stop,"{""timestamp"": 1790831362.5291672, ""type"": ""chassis_wheel_stop"", ""acknowledged"": true}"
467,1790831362.834508,chassis_stationary,"{""timestamp"": 1790831362.834508, ""type"": ""chassis_stationary"", ""yaw"": 179.82999999999998, ""position_m"": [0.13279980228241584, 2.542638157016006]}"
468,1790831362.8345296,move,"{""timestamp"": 1790831362.8345296, ""type"": ""move"", ""from"": [1, 5], ""to"": [0, 5], ""direction"": 2, ""backtrack"": true, ""odometry_delta_m"": [-0.6120405989559954, -0.013980262142981648], ""yaw"": 179.82999999999998}"
469,1790831362.8345537,odometry_mismatch,"{""timestamp"": 1790831362.8345537, ""type"": ""odometry_mismatch"", ""cell"": [0, 5], ""predicted_position_m"": [0.1298505459135081, 3.127403867177932], ""expected_position_m"": [0.0, 3.0], ""error_m"": 0.1819145668876689}"
470,1790831362.8412313,face_zero_start,"{""timestamp"": 1790831362.8412313, ""type"": ""face_zero_start"", ""after_moves"": 14, ""heading_before"": 2, ""cell"": [0, 5]}"
471,1790831362.8412464,chassis_turn,"{""timestamp"": 1790831362.8412464, ""type"": ""chassis_turn"", ""degrees"": 180.0, ""reason"": ""face_zero_reference""}"
472,1790831365.4170578,chassis_turn,"{""timestamp"": 1790831365.4170578, ""type"": ""chassis_turn"", ""degrees"": 180.0, ""reason"": ""face_zero_restore""}"
473,1790831367.9842372,chassis_wheel_stop,"{""timestamp"": 1790831367.9842372, ""type"": ""chassis_wheel_stop"", ""acknowledged"": true}"
474,1790831368.2885447,chassis_stationary,"{""timestamp"": 1790831368.2885447, ""type"": ""chassis_stationary"", ""yaw"": -178.81, ""position_m"": [0.13186718039751544, 2.5456868807522284]}"
475,1790831368.2885644,face_zero,"{""timestamp"": 1790831368.2885644, ""type"": ""face_zero"", ""after_moves"": 14, ""cell"": [0, 5], ""heading"": 2, ""yaw_deg"": -178.81, ""tolerance_deg"": 5}"
476,1790831368.2885704,scan_skipped,"{""timestamp"": 1790831368.2885704, ""type"": ""scan_skipped"", ""cell"": [0, 5], ""reason"": ""previously_scanned""}"
477,1790831368.2978797,frontier_plan,"{""timestamp"": 1790831368.2978797, ""type"": ""frontier_plan"", ""frontier"": [0, 2], ""route"": [[0, 5], [0, 4], [0, 3], [0, 2]]}"
478,1790831368.2978847,motion_start,"{""timestamp"": 1790831368.2978847, ""type"": ""motion_start"", ""step"": 15, ""from"": [0, 5], ""to"": [0, 4], ""direction"": 3, ""backtrack"": true}"
479,1790831368.3236413,hardware_action,"{""timestamp"": 1790831368.3236413, ""type"": ""hardware_action"", ""name"": ""Gimbal front position hold"", ""state"": ""action_succeeded"", ""completed"": true, ""succeeded"": true, ""elapsed_sec"": 0.025441930003580637}"
480,1790831368.323657,gimbal,"{""timestamp"": 1790831368.323657, ""type"": ""gimbal"", ""phase"": ""front_position_hold"", ""target_yaw"": 0, ""target_pitch"": 0, ""actual_yaw"": -0.1, ""actual_pitch"": -0.7, ""ground_yaw"": -89.6, ""ground_pitch"": 0.0}"
481,1790831368.36293,robot_mode,"{""timestamp"": 1790831368.36293, ""type"": ""robot_mode"", ""phase"": ""before_motion"", ""mode"": ""chassis_lead""}"
482,1790831368.3629365,chassis_turn,"{""timestamp"": 1790831368.3629365, ""type"": ""chassis_turn"", ""degrees"": -90}"
483,1790831370.1749523,gimbal,"{""timestamp"": 1790831370.1749523, ""type"": ""gimbal"", ""phase"": ""move_completed"", ""target_yaw"": 0, ""target_pitch"": 0, ""actual_yaw"": 0.1, ""actual_pitch"": -0.1, ""ground_yaw"": 2.0, ""ground_pitch"": 0.0}"
484,1790831370.3285923,tof_sample,"{""timestamp"": 1790831370.3285923, ""type"": ""tof_sample"", ""gimbal_yaw"": 0, ""range_m"": 2.391, ""accepted"": 3, ""capped_far_samples"": 0}"
485,1790831370.3286097,walk_start,"{""timestamp"": 1790831370.3286097, ""type"": ""walk_start"", ""direction"": 3, ""cell_size_m"": 0.6}"
486,1790831372.8420484,walk_end,"{""completed"": true, ""reason"": ""distance_reached"", ""distance_m"": 0.617946383013523, ""false_obstacle_count"": 0, ""stop_tof_mm"": null, ""end_tof_mm"": 1592.0, ""front_stop_limit_mm"": 240.0, ""lateral_deviation_m"": -0.05781979436581094, ""heading_error_deg"": -0.20999999999997954, ""timestamp"": 1790831372.8420484, ""type"": ""walk_end""}"
487,1790831372.866865,chassis_wheel_stop,"{""timestamp"": 1790831372.866865, ""type"": ""chassis_wheel_stop"", ""acknowledged"": true}"
488,1790831373.1713176,chassis_stationary,"{""timestamp"": 1790831373.1713176, ""type"": ""chassis_stationary"", ""yaw"": -90.22, ""position_m"": [0.07488404906488591, 1.9207283800151567]}"
489,1790831373.1713448,move,"{""timestamp"": 1790831373.1713448, ""type"": ""move"", ""from"": [0, 5], ""to"": [0, 4], ""direction"": 3, ""backtrack"": true, ""odometry_delta_m"": [-0.057943291901048716, -0.617379154348177], ""yaw"": -90.22}"
490,1790831373.180604,scan_skipped,"{""timestamp"": 1790831373.180604, ""type"": ""scan_skipped"", ""cell"": [0, 4], ""reason"": ""previously_scanned""}"
491,1790831373.1884184,frontier_plan,"{""timestamp"": 1790831373.1884184, ""type"": ""frontier_plan"", ""frontier"": [0, 2], ""route"": [[0, 4], [0, 3], [0, 2]]}"
492,1790831373.188423,motion_start,"{""timestamp"": 1790831373.188423, ""type"": ""motion_start"", ""step"": 16, ""from"": [0, 4], ""to"": [0, 3], ""direction"": 3, ""backtrack"": true}"
493,1790831373.2266693,hardware_action,"{""timestamp"": 1790831373.2266693, ""type"": ""hardware_action"", ""name"": ""Gimbal front position hold"", ""state"": ""action_succeeded"", ""completed"": true, ""succeeded"": true, ""elapsed_sec"": 0.03789805099950172}"
494,1790831373.2266889,gimbal,"{""timestamp"": 1790831373.2266889, ""type"": ""gimbal"", ""phase"": ""front_position_hold"", ""target_yaw"": 0, ""target_pitch"": 0, ""actual_yaw"": -0.2, ""actual_pitch"": 0.0, ""ground_yaw"": 1.4, ""ground_pitch"": 0.0}"
495,1790831373.2838905,robot_mode,"{""timestamp"": 1790831373.2838905, ""type"": ""robot_mode"", ""phase"": ""before_motion"", ""mode"": ""chassis_lead""}"
496,1790831373.4869797,gimbal,"{""timestamp"": 1790831373.4869797, ""type"": ""gimbal"", ""phase"": ""move_completed"", ""target_yaw"": 0, ""target_pitch"": 0, ""actual_yaw"": -0.1, ""actual_pitch"": 0.0, ""ground_yaw"": 1.5, ""ground_pitch"": 0.0}"
497,1790831373.6386843,tof_sample,"{""timestamp"": 1790831373.6386843, ""type"": ""tof_sample"", ""gimbal_yaw"": 0, ""range_m"": 1.593, ""accepted"": 3, ""capped_far_samples"": 0}"
498,1790831373.638697,walk_start,"{""timestamp"": 1790831373.638697, ""type"": ""walk_start"", ""direction"": 3, ""cell_size_m"": 0.6}"
499,1790831375.7958589,walk_end,"{""completed"": true, ""reason"": ""distance_reached"", ""distance_m"": 0.601846053254395, ""false_obstacle_count"": 0, ""stop_tof_mm"": null, ""end_tof_mm"": 874.0, ""front_stop_limit_mm"": 240.0, ""lateral_deviation_m"": -0.0006958319538130455, ""heading_error_deg"": -0.2699999999999818, ""timestamp"": 1790831375.7958589, ""type"": ""walk_end""}"
500,1790831375.8248985,chassis_wheel_stop,"{""timestamp"": 1790831375.8248985, ""type"": ""chassis_wheel_stop"", ""acknowledged"": true}"
501,1790831376.129914,chassis_stationary,"{""timestamp"": 1790831376.129914, ""type"": ""chassis_stationary"", ""yaw"": -90.27, ""position_m"": [0.07415792964301168, 1.3041474571424283]}"
502,1790831376.1299393,move,"{""timestamp"": 1790831376.1299393, ""type"": ""move"", ""from"": [0, 4], ""to"": [0, 3], ""direction"": 3, ""backtrack"": true, ""odometry_delta_m"": [-0.0005859503154292123, -0.6170077162906702], ""yaw"": -90.27}"
503,1790831376.1384137,face_zero_start,"{""timestamp"": 1790831376.1384137, ""type"": ""face_zero_start"", ""after_moves"": 16, ""heading_before"": 3, ""cell"": [0, 3]}"
504,1790831376.1384287,chassis_turn,"{""timestamp"": 1790831376.1384287, ""type"": ""chassis_turn"", ""degrees"": -90.0, ""reason"": ""face_zero_reference""}"
505,1790831377.802484,chassis_turn,"{""timestamp"": 1790831377.802484, ""type"": ""chassis_turn"", ""degrees"": 90.0, ""reason"": ""face_zero_restore""}"
506,1790831379.4311976,chassis_wheel_stop,"{""timestamp"": 1790831379.4311976, ""type"": ""chassis_wheel_stop"", ""acknowledged"": true}"
507,1790831379.7372708,chassis_stationary,"{""timestamp"": 1790831379.7372708, ""type"": ""chassis_stationary"", ""yaw"": -90.41, ""position_m"": [0.07341295927192855, 1.2980280520123353]}"
508,1790831379.7372973,face_zero,"{""timestamp"": 1790831379.7372973, ""type"": ""face_zero"", ""after_moves"": 16, ""cell"": [0, 3], ""heading"": 3, ""yaw_deg"": -90.41, ""tolerance_deg"": 5}"
509,1790831379.7373056,scan_skipped,"{""timestamp"": 1790831379.7373056, ""type"": ""scan_skipped"", ""cell"": [0, 3], ""reason"": ""previously_scanned""}"
510,1790831379.7464364,frontier_plan,"{""timestamp"": 1790831379.7464364, ""type"": ""frontier_plan"", ""frontier"": [0, 2], ""route"": [[0, 3], [0, 2]]}"
511,1790831379.7464404,motion_start,"{""timestamp"": 1790831379.7464404, ""type"": ""motion_start"", ""step"": 17, ""from"": [0, 3], ""to"": [0, 2], ""direction"": 3, ""backtrack"": false}"
512,1790831379.8253822,hardware_action,"{""timestamp"": 1790831379.8253822, ""type"": ""hardware_action"", ""name"": ""Gimbal front position hold"", ""state"": ""action_succeeded"", ""completed"": true, ""succeeded"": true, ""elapsed_sec"": 0.07863086199358804}"
513,1790831379.825397,gimbal,"{""timestamp"": 1790831379.825397, ""type"": ""gimbal"", ""phase"": ""front_position_hold"", ""target_yaw"": 0, ""target_pitch"": 0, ""actual_yaw"": -0.2, ""actual_pitch"": 0.0, ""ground_yaw"": 1.0, ""ground_pitch"": 0.0}"
514,1790831379.8833332,robot_mode,"{""timestamp"": 1790831379.8833332, ""type"": ""robot_mode"", ""phase"": ""before_motion"", ""mode"": ""chassis_lead""}"
515,1790831380.2020073,gimbal,"{""timestamp"": 1790831380.2020073, ""type"": ""gimbal"", ""phase"": ""move_completed"", ""target_yaw"": 0, ""target_pitch"": 0, ""actual_yaw"": -0.1, ""actual_pitch"": 0.0, ""ground_yaw"": 1.1, ""ground_pitch"": 0.0}"
516,1790831380.3537302,tof_sample,"{""timestamp"": 1790831380.3537302, ""type"": ""tof_sample"", ""gimbal_yaw"": 0, ""range_m"": 0.858, ""accepted"": 3, ""capped_far_samples"": 0}"
517,1790831380.353743,walk_start,"{""timestamp"": 1790831380.353743, ""type"": ""walk_start"", ""direction"": 3, ""cell_size_m"": 0.6}"
518,1790831383.1268175,walk_end,"{""completed"": true, ""reason"": ""front_wall"", ""distance_m"": 0.575715113963644, ""false_obstacle_count"": 0, ""stop_tof_mm"": 236.0, ""end_tof_mm"": 236.0, ""front_stop_limit_mm"": 240.0, ""lateral_deviation_m"": -0.004337055894068805, ""heading_error_deg"": -0.3100000000000023, ""timestamp"": 1790831383.1268175, ""type"": ""walk_end""}"
519,1790831383.1448314,chassis_wheel_stop,"{""timestamp"": 1790831383.1448314, ""type"": ""chassis_wheel_stop"", ""acknowledged"": true}"
520,1790831383.4497762,chassis_stationary,"{""timestamp"": 1790831383.4497762, ""type"": ""chassis_stationary"", ""yaw"": -90.25, ""position_m"": [0.06937182577484131, 0.7022643139079937]}"
521,1790831383.4497995,move,"{""timestamp"": 1790831383.4497995, ""type"": ""move"", ""from"": [0, 3], ""to"": [0, 2], ""direction"": 3, ""backtrack"": false, ""odometry_delta_m"": [-0.005142276483834529, -0.5961499817097738], ""yaw"": -90.25}"
522,1790831383.5066943,robot_mode,"{""timestamp"": 1790831383.5066943, ""type"": ""robot_mode"", ""phase"": ""before_gimbal_scan"", ""mode"": ""free""}"
523,1790831383.5675688,scan_mode,"{""timestamp"": 1790831383.5675688, ""type"": ""scan_mode"", ""mode"": ""gimbal""}"
524,1790831383.567606,gimbal,"{""timestamp"": 1790831383.567606, ""type"": ""gimbal"", ""phase"": ""move"", ""target_yaw"": -90, ""target_pitch"": 0, ""actual_yaw"": 0.0, ""actual_pitch"": 0.0, ""ground_yaw"": 1.2, ""ground_pitch"": 0.0, ""delta_yaw"": -90, ""delta_pitch"": 0}"
525,1790831384.1208975,hardware_action,"{""timestamp"": 1790831384.1208975, ""type"": ""hardware_action"", ""name"": ""Gimbal move action"", ""state"": ""action_succeeded"", ""completed"": true, ""succeeded"": true, ""elapsed_sec"": 0.5529789939973853}"
526,1790831384.3710678,gimbal,"{""timestamp"": 1790831384.3710678, ""type"": ""gimbal"", ""phase"": ""move_completed"", ""target_yaw"": -90, ""target_pitch"": 0, ""actual_yaw"": -91.4, ""actual_pitch"": -1.4, ""ground_yaw"": -88.4, ""ground_pitch"": 0.0}"
527,1790831384.5138874,tof_sample,"{""timestamp"": 1790831384.5138874, ""type"": ""tof_sample"", ""gimbal_yaw"": -90, ""range_m"": 0.197, ""accepted"": 3, ""capped_far_samples"": 0}"
528,1790831391.5776358,sign_inspection,"{""timestamp"": 1790831391.5776358, ""type"": ""sign_inspection"", ""cell"": [0, 2], ""direction"": ""S"", ""camera_yaws"": [-90.0, -108.0, -72.0], ""frames"": 162, ""detected_frames"": 0}"
529,1790831391.5776489,target_scan_complete,"{""timestamp"": 1790831391.5776489, ""type"": ""target_scan_complete"", ""cell"": [0, 2], ""direction"": ""S"", ""targets"": []}"
530,1790831391.9086807,gimbal,"{""timestamp"": 1790831391.9086807, ""type"": ""gimbal"", ""phase"": ""move"", ""target_yaw"": 90, ""target_pitch"": 0, ""actual_yaw"": -86.7, ""actual_pitch"": -3.8, ""ground_yaw"": -85.4, ""ground_pitch"": -2.6, ""delta_yaw"": 180, ""delta_pitch"": 0}"
531,1790831393.0232549,hardware_action,"{""timestamp"": 1790831393.0232549, ""type"": ""hardware_action"", ""name"": ""Gimbal move action"", ""state"": ""action_succeeded"", ""completed"": true, ""succeeded"": true, ""elapsed_sec"": 1.1142839639942395}"
532,1790831393.2734623,gimbal,"{""timestamp"": 1790831393.2734623, ""type"": ""gimbal"", ""phase"": ""move_completed"", ""target_yaw"": 90, ""target_pitch"": 0, ""actual_yaw"": 88.9, ""actual_pitch"": 0.0, ""ground_yaw"": 91.9, ""ground_pitch"": 0.0}"
533,1790831393.4373486,tof_sample,"{""timestamp"": 1790831393.4373486, ""type"": ""tof_sample"", ""gimbal_yaw"": 90, ""range_m"": 0.886, ""accepted"": 3, ""capped_far_samples"": 0}"
534,1790831393.4374156,gimbal,"{""timestamp"": 1790831393.4374156, ""type"": ""gimbal"", ""phase"": ""move"", ""target_yaw"": 0, ""target_pitch"": 0, ""actual_yaw"": 89.0, ""actual_pitch"": -0.1, ""ground_yaw"": 92.0, ""ground_pitch"": 0.0, ""delta_yaw"": -90, ""delta_pitch"": 0}"
535,1790831394.0108416,hardware_action,"{""timestamp"": 1790831394.0108416, ""type"": ""hardware_action"", ""name"": ""Gimbal move action"", ""state"": ""action_succeeded"", ""completed"": true, ""succeeded"": true, ""elapsed_sec"": 0.5731470860046102}"
536,1790831394.2610388,gimbal,"{""timestamp"": 1790831394.2610388, ""type"": ""gimbal"", ""phase"": ""move_completed"", ""target_yaw"": 0, ""target_pitch"": 0, ""actual_yaw"": -0.8, ""actual_pitch"": 0.0, ""ground_yaw"": 2.2, ""ground_pitch"": 0.0}"
537,1790831394.4950333,tof_sample,"{""timestamp"": 1790831394.4950333, ""type"": ""tof_sample"", ""gimbal_yaw"": 0, ""range_m"": 0.219, ""accepted"": 3, ""capped_far_samples"": 0}"
538,1790831401.4602323,sign_inspection,"{""timestamp"": 1790831401.4602323, ""type"": ""sign_inspection"", ""cell"": [0, 2], ""direction"": ""W"", ""camera_yaws"": [0.0, -18.0, 18.0], ""frames"": 161, ""detected_frames"": 0}"
539,1790831401.4602406,target_scan_complete,"{""timestamp"": 1790831401.4602406, ""type"": ""target_scan_complete"", ""cell"": [0, 2], ""direction"": ""W"", ""targets"": []}"
540,1790831401.8100846,scan,"{""timestamp"": 1790831401.8100846, ""type"": ""scan"", ""cell"": [0, 2], ""pose"": [0.06617902721319563, 1.1583653423897582, -90.08], ""ranges_m"": {""2"": 0.197, ""0"": 0.886, ""3"": 0.219}, ""scan_headings"": {""2"": 3, ""0"": 3, ""3"": 3}}"
541,1790831401.8176239,frontier_plan,"{""timestamp"": 1790831401.8176239, ""type"": ""frontier_plan"", ""frontier"": [1, 2], ""route"": [[0, 2], [1, 2]]}"
542,1790831401.817628,motion_start,"{""timestamp"": 1790831401.817628, ""type"": ""motion_start"", ""step"": 18, ""from"": [0, 2], ""to"": [1, 2], ""direction"": 0, ""backtrack"": false}"
543,1790831401.913007,hardware_action,"{""timestamp"": 1790831401.913007, ""type"": ""hardware_action"", ""name"": ""Gimbal front position hold"", ""state"": ""action_succeeded"", ""completed"": true, ""succeeded"": true, ""elapsed_sec"": 0.09505203799926676}"
544,1790831401.9130213,gimbal,"{""timestamp"": 1790831401.9130213, ""type"": ""gimbal"", ""phase"": ""front_position_hold"", ""target_yaw"": 0, ""target_pitch"": 0, ""actual_yaw"": -0.2, ""actual_pitch"": 0.4, ""ground_yaw"": 3.2, ""ground_pitch"": 0.0}"
545,1790831401.968828,robot_mode,"{""timestamp"": 1790831401.968828, ""type"": ""robot_mode"", ""phase"": ""before_motion"", ""mode"": ""chassis_lead""}"
546,1790831401.9688323,chassis_turn,"{""timestamp"": 1790831401.9688323, ""type"": ""chassis_turn"", ""degrees"": -90}"
547,1790831404.374131,gimbal,"{""timestamp"": 1790831404.374131, ""type"": ""gimbal"", ""phase"": ""move_completed"", ""target_yaw"": 0, ""target_pitch"": 0, ""actual_yaw"": -0.2, ""actual_pitch"": 0.4, ""ground_yaw"": 94.7, ""ground_pitch"": 0.0}"
548,1790831404.5666292,tof_sample,"{""timestamp"": 1790831404.5666292, ""type"": ""tof_sample"", ""gimbal_yaw"": 0, ""range_m"": 0.882, ""accepted"": 3, ""capped_far_samples"": 0}"
549,1790831404.5666459,walk_start,"{""timestamp"": 1790831404.5666459, ""type"": ""walk_start"", ""direction"": 0, ""cell_size_m"": 0.6}"
550,1790831407.5291755,walk_end,"{""completed"": true, ""reason"": ""distance_reached"", ""distance_m"": 0.6125356715863562, ""false_obstacle_count"": 0, ""stop_tof_mm"": null, ""end_tof_mm"": 228.0, ""front_stop_limit_mm"": 240.0, ""lateral_deviation_m"": -0.03847276353800866, ""heading_error_deg"": -0.2300000000000182, ""timestamp"": 1790831407.5291755, ""type"": ""walk_end""}"
551,1790831407.552841,chassis_wheel_stop,"{""timestamp"": 1790831407.552841, ""type"": ""chassis_wheel_stop"", ""acknowledged"": true}"
552,1790831407.8593028,chassis_stationary,"{""timestamp"": 1790831407.8593028, ""type"": ""chassis_stationary"", ""yaw"": -0.21999999999999886, ""position_m"": [0.6838106742009321, 0.676320250139582]}"
553,1790831407.8593285,move,"{""timestamp"": 1790831407.8593285, ""type"": ""move"", ""from"": [0, 2], ""to"": [1, 2], ""direction"": 0, ""backtrack"": false, ""odometry_delta_m"": [0.6129263601474182, -0.037233141640712786], ""yaw"": -0.21999999999999886}"
554,1790831407.8677654,face_zero_start,"{""timestamp"": 1790831407.8677654, ""type"": ""face_zero_start"", ""after_moves"": 18, ""heading_before"": 0, ""cell"": [1, 2]}"
555,1790831408.0545073,chassis_wheel_stop,"{""timestamp"": 1790831408.0545073, ""type"": ""chassis_wheel_stop"", ""acknowledged"": true}"
556,1790831408.3611054,chassis_stationary,"{""timestamp"": 1790831408.3611054, ""type"": ""chassis_stationary"", ""yaw"": -0.2300000000000182, ""position_m"": [0.6843497812586337, 0.6759429391533432]}"
557,1790831408.3611221,face_zero,"{""timestamp"": 1790831408.3611221, ""type"": ""face_zero"", ""after_moves"": 18, ""cell"": [1, 2], ""heading"": 0, ""yaw_deg"": -0.2300000000000182, ""tolerance_deg"": 5}"
558,1790831408.386815,robot_mode,"{""timestamp"": 1790831408.386815, ""type"": ""robot_mode"", ""phase"": ""before_gimbal_scan"", ""mode"": ""free""}"
559,1790831408.4276106,scan_mode,"{""timestamp"": 1790831408.4276106, ""type"": ""scan_mode"", ""mode"": ""gimbal""}"
560,1790831408.4276557,gimbal,"{""timestamp"": 1790831408.4276557, ""type"": ""gimbal"", ""phase"": ""move"", ""target_yaw"": -90, ""target_pitch"": 0, ""actual_yaw"": 0.0, ""actual_pitch"": 0.0, ""ground_yaw"": 95.3, ""ground_pitch"": 0.0, ""delta_yaw"": -90, ""delta_pitch"": 0}"
561,1790831409.0138378,hardware_action,"{""timestamp"": 1790831409.0138378, ""type"": ""hardware_action"", ""name"": ""Gimbal move action"", ""state"": ""action_succeeded"", ""completed"": true, ""succeeded"": true, ""elapsed_sec"": 0.585819387997617}"
562,1790831409.2640338,gimbal,"{""timestamp"": 1790831409.2640338, ""type"": ""gimbal"", ""phase"": ""move_completed"", ""target_yaw"": -90, ""target_pitch"": 0, ""actual_yaw"": -91.0, ""actual_pitch"": 0.2, ""ground_yaw"": 5.5, ""ground_pitch"": 0.0}"
563,1790831409.4873054,tof_sample,"{""timestamp"": 1790831409.4873054, ""type"": ""tof_sample"", ""gimbal_yaw"": -90, ""range_m"": 0.197, ""accepted"": 3, ""capped_far_samples"": 0}"
564,1790831416.4649627,sign_inspection,"{""timestamp"": 1790831416.4649627, ""type"": ""sign_inspection"", ""cell"": [1, 2], ""direction"": ""W"", ""camera_yaws"": [-90.0, -108.0, -72.0], ""frames"": 162, ""detected_frames"": 0}"
565,1790831416.4649754,target_scan_complete,"{""timestamp"": 1790831416.4649754, ""type"": ""target_scan_complete"", ""cell"": [1, 2], ""direction"": ""W"", ""targets"": []}"
566,1790831416.816154,gimbal,"{""timestamp"": 1790831416.816154, ""type"": ""gimbal"", ""phase"": ""move"", ""target_yaw"": 90, ""target_pitch"": 0, ""actual_yaw"": -87.4, ""actual_pitch"": -1.3, ""ground_yaw"": 7.4, ""ground_pitch"": -2.3, ""delta_yaw"": 180, ""delta_pitch"": 0}"
567,1790831417.9174736,hardware_action,"{""timestamp"": 1790831417.9174736, ""type"": ""hardware_action"", ""name"": ""Gimbal move action"", ""state"": ""action_succeeded"", ""completed"": true, ""succeeded"": true, ""elapsed_sec"": 1.1009997129949625}"
568,1790831418.167671,gimbal,"{""timestamp"": 1790831418.167671, ""type"": ""gimbal"", ""phase"": ""move_completed"", ""target_yaw"": 90, ""target_pitch"": 0, ""actual_yaw"": 89.0, ""actual_pitch"": -2.0, ""ground_yaw"": -174.6, ""ground_pitch"": 0.0}"
569,1790831418.361553,tof_sample,"{""timestamp"": 1790831418.361553, ""type"": ""tof_sample"", ""gimbal_yaw"": 90, ""range_m"": 0.206, ""accepted"": 3, ""capped_far_samples"": 0}"
570,1790831425.3731372,sign_inspection,"{""timestamp"": 1790831425.3731372, ""type"": ""sign_inspection"", ""cell"": [1, 2], ""direction"": ""E"", ""camera_yaws"": [90.0, 72.0, 108.0], ""frames"": 160, ""detected_frames"": 0}"
571,1790831425.3731508,target_scan_complete,"{""timestamp"": 1790831425.3731508, ""type"": ""target_scan_complete"", ""cell"": [1, 2], ""direction"": ""E"", ""targets"": []}"
572,1790831425.7168946,gimbal,"{""timestamp"": 1790831425.7168946, ""type"": ""gimbal"", ""phase"": ""move"", ""target_yaw"": 0, ""target_pitch"": 0, ""actual_yaw"": 91.0, ""actual_pitch"": -4.1, ""ground_yaw"": -173.2, ""ground_pitch"": -2.5, ""delta_yaw"": -90, ""delta_pitch"": 0}"
573,1790831426.334976,hardware_action,"{""timestamp"": 1790831426.334976, ""type"": ""hardware_action"", ""name"": ""Gimbal move action"", ""state"": ""action_succeeded"", ""completed"": true, ""succeeded"": true, ""elapsed_sec"": 0.6171066129973042}"
574,1790831426.5852165,gimbal,"{""timestamp"": 1790831426.5852165, ""type"": ""gimbal"", ""phase"": ""move_completed"", ""target_yaw"": 0, ""target_pitch"": 0, ""actual_yaw"": 0.2, ""actual_pitch"": 0.3, ""ground_yaw"": 94.8, ""ground_pitch"": 0.0}"
575,1790831426.8310096,tof_sample,"{""timestamp"": 1790831426.8310096, ""type"": ""tof_sample"", ""gimbal_yaw"": 0, ""range_m"": 0.227, ""accepted"": 3, ""capped_far_samples"": 0}"
576,1790831433.7656612,sign_inspection,"{""timestamp"": 1790831433.7656612, ""type"": ""sign_inspection"", ""cell"": [1, 2], ""direction"": ""N"", ""camera_yaws"": [0.0, -18.0, 18.0], ""frames"": 142, ""detected_frames"": 142}"
577,1790831433.7656965,target_scan_complete,"{""timestamp"": 1790831433.7656965, ""type"": ""target_scan_complete"", ""cell"": [1, 2], ""direction"": ""N"", ""targets"": [{""direction"": 0, ""color"": ""Green"", ""shape"": ""Vertical_Rect"", ""yaw"": 21.58, ""pitch"": -30.3, ""tof_distance_mm"": 227.0}, {""direction"": 0, ""color"": ""Blue"", ""shape"": ""Circle"", ""yaw"": -22.86, ""pitch"": -24.58, ""tof_distance_mm"": 227.0}]}"
578,1790831434.118284,scan,"{""timestamp"": 1790831434.118284, ""type"": ""scan"", ""cell"": [1, 2], ""pose"": [0.6360502257080203, 1.188722916265656, -0.7199999999999989], ""ranges_m"": {""3"": 0.197, ""1"": 0.206, ""0"": 0.227}, ""scan_headings"": {""3"": 0, ""1"": 0, ""0"": 0}}"
579,1790831434.128682,frontier_plan,"{""timestamp"": 1790831434.128682, ""type"": ""frontier_plan"", ""frontier"": [2, 4], ""route"": [[1, 2], [0, 2], [0, 3], [1, 3], [2, 3], [2, 4]]}"
580,1790831434.1286857,motion_start,"{""timestamp"": 1790831434.1286857, ""type"": ""motion_start"", ""step"": 19, ""from"": [1, 2], ""to"": [0, 2], ""direction"": 2, ""backtrack"": true}"
581,1790831434.1561966,hardware_action,"{""timestamp"": 1790831434.1561966, ""type"": ""hardware_action"", ""name"": ""Gimbal front position hold"", ""state"": ""action_succeeded"", ""completed"": true, ""succeeded"": true, ""elapsed_sec"": 0.027270323000266217}"
582,1790831434.156211,gimbal,"{""timestamp"": 1790831434.156211, ""type"": ""gimbal"", ""phase"": ""front_position_hold"", ""target_yaw"": 0, ""target_pitch"": 0, ""actual_yaw"": 0.0, ""actual_pitch"": 0.6, ""ground_yaw"": 94.3, ""ground_pitch"": 0.1}"
583,1790831434.2181919,robot_mode,"{""timestamp"": 1790831434.2181919, ""type"": ""robot_mode"", ""phase"": ""before_motion"", ""mode"": ""chassis_lead""}"
584,1790831434.2181966,chassis_turn,"{""timestamp"": 1790831434.2181966, ""type"": ""chassis_turn"", ""degrees"": 180}"
585,1790831437.0017192,gimbal,"{""timestamp"": 1790831437.0017192, ""type"": ""gimbal"", ""phase"": ""move_completed"", ""target_yaw"": 0, ""target_pitch"": 0, ""actual_yaw"": -0.2, ""actual_pitch"": -1.0, ""ground_yaw"": -88.2, ""ground_pitch"": 0.0}"
586,1790831437.1534288,tof_sample,"{""timestamp"": 1790831437.1534288, ""type"": ""tof_sample"", ""gimbal_yaw"": 0, ""range_m"": 0.853, ""accepted"": 3, ""capped_far_samples"": 0}"
587,1790831437.1534457,walk_start,"{""timestamp"": 1790831437.1534457, ""type"": ""walk_start"", ""direction"": 2, ""cell_size_m"": 0.6}"
588,1790831439.7381225,walk_end,"{""completed"": true, ""reason"": ""front_wall"", ""distance_m"": 0.5795109133958033, ""false_obstacle_count"": 0, ""stop_tof_mm"": 237.0, ""end_tof_mm"": 237.0, ""front_stop_limit_mm"": 240.0, ""lateral_deviation_m"": -0.025602955984843703, ""heading_error_deg"": -0.25, ""timestamp"": 1790831439.7381225, ""type"": ""walk_end""}"
589,1790831439.7591586,chassis_wheel_stop,"{""timestamp"": 1790831439.7591586, ""type"": ""chassis_wheel_stop"", ""acknowledged"": true}"
590,1790831440.0640264,chassis_stationary,"{""timestamp"": 1790831440.0640264, ""type"": ""chassis_stationary"", ""yaw"": 179.76, ""position_m"": [0.10136170420024508, 0.7077051023001191]}"
591,1790831440.064058,move,"{""timestamp"": 1790831440.064058, ""type"": ""move"", ""from"": [1, 2], ""to"": [0, 2], ""direction"": 2, ""backtrack"": true, ""odometry_delta_m"": [-0.5799579097238257, 0.025892428406214862], ""yaw"": 179.76}"
592,1790831440.0743368,scan_skipped,"{""timestamp"": 1790831440.0743368, ""type"": ""scan_skipped"", ""cell"": [0, 2], ""reason"": ""previously_scanned""}"
593,1790831440.0863137,frontier_plan,"{""timestamp"": 1790831440.0863137, ""type"": ""frontier_plan"", ""frontier"": [2, 4], ""route"": [[0, 2], [0, 3], [1, 3], [2, 3], [2, 4]]}"
594,1790831440.0863168,motion_start,"{""timestamp"": 1790831440.0863168, ""type"": ""motion_start"", ""step"": 20, ""from"": [0, 2], ""to"": [0, 3], ""direction"": 1, ""backtrack"": true}"
595,1790831440.0995877,hardware_action,"{""timestamp"": 1790831440.0995877, ""type"": ""hardware_action"", ""name"": ""Gimbal front position hold"", ""state"": ""action_succeeded"", ""completed"": true, ""succeeded"": true, ""elapsed_sec"": 0.013019755999266636}"
596,1790831440.0996058,gimbal,"{""timestamp"": 1790831440.0996058, ""type"": ""gimbal"", ""phase"": ""front_position_hold"", ""target_yaw"": 0, ""target_pitch"": 0, ""actual_yaw"": 0.0, ""actual_pitch"": -1.7, ""ground_yaw"": -88.4, ""ground_pitch"": 0.0}"
597,1790831440.1603646,robot_mode,"{""timestamp"": 1790831440.1603646, ""type"": ""robot_mode"", ""phase"": ""before_motion"", ""mode"": ""chassis_lead""}"
598,1790831440.1603706,chassis_turn,"{""timestamp"": 1790831440.1603706, ""type"": ""chassis_turn"", ""degrees"": 90}"
599,1790831441.9180121,gimbal,"{""timestamp"": 1790831441.9180121, ""type"": ""gimbal"", ""phase"": ""move_completed"", ""target_yaw"": 0, ""target_pitch"": 0, ""actual_yaw"": 0.0, ""actual_pitch"": -1.1, ""ground_yaw"": 179.7, ""ground_pitch"": 0.0}"
600,1790831442.0699353,tof_sample,"{""timestamp"": 1790831442.0699353, ""type"": ""tof_sample"", ""gimbal_yaw"": 0, ""range_m"": 2.45, ""accepted"": 3, ""capped_far_samples"": 0}"
601,1790831442.0699518,walk_start,"{""timestamp"": 1790831442.0699518, ""type"": ""walk_start"", ""direction"": 1, ""cell_size_m"": 0.6}"
602,1790831444.2794526,walk_end,"{""completed"": true, ""reason"": ""distance_reached"", ""distance_m"": 0.6014081424517289, ""false_obstacle_count"": 0, ""stop_tof_mm"": null, ""end_tof_mm"": 1668.0, ""front_stop_limit_mm"": 240.0, ""lateral_deviation_m"": 0.024490869579514265, ""heading_error_deg"": -0.14999999999997726, ""timestamp"": 1790831444.2794526, ""type"": ""walk_end""}"
603,1790831444.296771,chassis_wheel_stop,"{""timestamp"": 1790831444.296771, ""type"": ""chassis_wheel_stop"", ""acknowledged"": true}"
604,1790831444.6020222,chassis_stationary,"{""timestamp"": 1790831444.6020222, ""type"": ""chassis_stationary"", ""yaw"": 89.95999999999998, ""position_m"": [0.07872326385517892, 1.3313634785917736]}"
605,1790831444.6020467,move,"{""timestamp"": 1790831444.6020467, ""type"": ""move"", ""from"": [0, 2], ""to"": [0, 3], ""direction"": 1, ""backtrack"": true, ""odometry_delta_m"": [-0.02437227581633862, 0.6195860778548307], ""yaw"": 89.95999999999998}"
606,1790831444.6122313,face_zero_start,"{""timestamp"": 1790831444.6122313, ""type"": ""face_zero_start"", ""after_moves"": 20, ""heading_before"": 1, ""cell"": [0, 3]}"
607,1790831444.6122472,chassis_turn,"{""timestamp"": 1790831444.6122472, ""type"": ""chassis_turn"", ""degrees"": 90.0, ""reason"": ""face_zero_reference""}"
608,1790831446.1819704,chassis_turn,"{""timestamp"": 1790831446.1819704, ""type"": ""chassis_turn"", ""degrees"": -90.0, ""reason"": ""face_zero_restore""}"
609,1790831447.899732,chassis_wheel_stop,"{""timestamp"": 1790831447.899732, ""type"": ""chassis_wheel_stop"", ""acknowledged"": true}"
610,1790831448.2040265,chassis_stationary,"{""timestamp"": 1790831448.2040265, ""type"": ""chassis_stationary"", ""yaw"": 89.89999999999998, ""position_m"": [0.08270687564159157, 1.3379998960843034]}"
611,1790831448.2040455,face_zero,"{""timestamp"": 1790831448.2040455, ""type"": ""face_zero"", ""after_moves"": 20, ""cell"": [0, 3], ""heading"": 1, ""yaw_deg"": 89.89999999999998, ""tolerance_deg"": 5}"
612,1790831448.2040527,scan_skipped,"{""timestamp"": 1790831448.2040527, ""type"": ""scan_skipped"", ""cell"": [0, 3], ""reason"": ""previously_scanned""}"
613,1790831448.2142613,frontier_plan,"{""timestamp"": 1790831448.2142613, ""type"": ""frontier_plan"", ""frontier"": [2, 4], ""route"": [[0, 3], [1, 3], [2, 3], [2, 4]]}"
614,1790831448.214265,motion_start,"{""timestamp"": 1790831448.214265, ""type"": ""motion_start"", ""step"": 21, ""from"": [0, 3], ""to"": [1, 3], ""direction"": 0, ""backtrack"": true}"
615,1790831448.3249502,hardware_action,"{""timestamp"": 1790831448.3249502, ""type"": ""hardware_action"", ""name"": ""Gimbal front position hold"", ""state"": ""action_succeeded"", ""completed"": true, ""succeeded"": true, ""elapsed_sec"": 0.11039982899819734}"
616,1790831448.3249655,gimbal,"{""timestamp"": 1790831448.3249655, ""type"": ""gimbal"", ""phase"": ""front_position_hold"", ""target_yaw"": 0, ""target_pitch"": 0, ""actual_yaw"": 0.2, ""actual_pitch"": -1.5, ""ground_yaw"": 179.0, ""ground_pitch"": 0.0}"
617,1790831448.3577003,robot_mode,"{""timestamp"": 1790831448.3577003, ""type"": ""robot_mode"", ""phase"": ""before_motion"", ""mode"": ""chassis_lead""}"
618,1790831448.357705,chassis_turn,"{""timestamp"": 1790831448.357705, ""type"": ""chassis_turn"", ""degrees"": 90}"
619,1790831450.241666,gimbal,"{""timestamp"": 1790831450.241666, ""type"": ""gimbal"", ""phase"": ""move_completed"", ""target_yaw"": 0, ""target_pitch"": 0, ""actual_yaw"": 0.1, ""actual_pitch"": 0.8, ""ground_yaw"": 86.8, ""ground_pitch"": 0.0}"
620,1790831450.3933506,tof_sample,"{""timestamp"": 1790831450.3933506, ""type"": ""tof_sample"", ""gimbal_yaw"": 0, ""range_m"": 1.746, ""accepted"": 3, ""capped_far_samples"": 0}"
621,1790831450.3933673,walk_start,"{""timestamp"": 1790831450.3933673, ""type"": ""walk_start"", ""direction"": 0, ""cell_size_m"": 0.6}"
622,1790831452.8043106,walk_end,"{""completed"": true, ""reason"": ""distance_reached"", ""distance_m"": 0.619438657411274, ""false_obstacle_count"": 0, ""stop_tof_mm"": null, ""end_tof_mm"": 907.0, ""front_stop_limit_mm"": 240.0, ""lateral_deviation_m"": 0.002352574019701459, ""heading_error_deg"": -0.30000000000001137, ""timestamp"": 1790831452.8043106, ""type"": ""walk_end""}"
623,1790831452.822862,chassis_wheel_stop,"{""timestamp"": 1790831452.822862, ""type"": ""chassis_wheel_stop"", ""acknowledged"": true}"
624,1790831453.1276867,chassis_stationary,"{""timestamp"": 1790831453.1276867, ""type"": ""chassis_stationary"", ""yaw"": -0.2699999999999818, ""position_m"": [0.7116967118331025, 1.3345175164702598]}"
625,1790831453.1277182,move,"{""timestamp"": 1790831453.1277182, ""type"": ""move"", ""from"": [0, 3], ""to"": [1, 3], ""direction"": 0, ""backtrack"": true, ""odometry_delta_m"": [0.6250135254048759, 0.0026349688743205757], ""yaw"": -0.2699999999999818}"
626,1790831453.1444433,scan_skipped,"{""timestamp"": 1790831453.1444433, ""type"": ""scan_skipped"", ""cell"": [1, 3], ""reason"": ""previously_scanned""}"
627,1790831453.159201,frontier_plan,"{""timestamp"": 1790831453.159201, ""type"": ""frontier_plan"", ""frontier"": [2, 4], ""route"": [[1, 3], [2, 3], [2, 4]]}"
628,1790831453.1592052,motion_start,"{""timestamp"": 1790831453.1592052, ""type"": ""motion_start"", ""step"": 22, ""from"": [1, 3], ""to"": [2, 3], ""direction"": 0, ""backtrack"": true}"
629,1790831453.1753588,hardware_action,"{""timestamp"": 1790831453.1753588, ""type"": ""hardware_action"", ""name"": ""Gimbal front position hold"", ""state"": ""action_succeeded"", ""completed"": true, ""succeeded"": true, ""elapsed_sec"": 0.015812486002687365}"
630,1790831453.1753778,gimbal,"{""timestamp"": 1790831453.1753778, ""type"": ""gimbal"", ""phase"": ""front_position_hold"", ""target_yaw"": 0, ""target_pitch"": 0, ""actual_yaw"": 0.0, ""actual_pitch"": 0.1, ""ground_yaw"": 85.9, ""ground_pitch"": 0.0}"
631,1790831453.2432585,robot_mode,"{""timestamp"": 1790831453.2432585, ""type"": ""robot_mode"", ""phase"": ""before_motion"", ""mode"": ""chassis_lead""}"
632,1790831453.4589763,gimbal,"{""timestamp"": 1790831453.4589763, ""type"": ""gimbal"", ""phase"": ""move_completed"", ""target_yaw"": 0, ""target_pitch"": 0, ""actual_yaw"": 0.0, ""actual_pitch"": 0.0, ""ground_yaw"": 85.9, ""ground_pitch"": 0.0}"
633,1790831453.6026254,tof_sample,"{""timestamp"": 1790831453.6026254, ""type"": ""tof_sample"", ""gimbal_yaw"": 0, ""range_m"": 0.896, ""accepted"": 3, ""capped_far_samples"": 0}"
634,1790831453.6026425,walk_start,"{""timestamp"": 1790831453.6026425, ""type"": ""walk_start"", ""direction"": 0, ""cell_size_m"": 0.6}"
635,1790831456.6654725,walk_end,"{""completed"": true, ""reason"": ""distance_reached"", ""distance_m"": 0.6108819197614472, ""false_obstacle_count"": 0, ""stop_tof_mm"": null, ""end_tof_mm"": 227.0, ""front_stop_limit_mm"": 240.0, ""lateral_deviation_m"": 0.03539879529826884, ""heading_error_deg"": -0.2599999999999909, ""timestamp"": 1790831456.6654725, ""type"": ""walk_end""}"
636,1790831456.6809986,chassis_wheel_stop,"{""timestamp"": 1790831456.6809986, ""type"": ""chassis_wheel_stop"", ""acknowledged"": true}"
637,1790831456.984694,chassis_stationary,"{""timestamp"": 1790831456.984694, ""type"": ""chassis_stationary"", ""yaw"": -0.2599999999999909, ""position_m"": [1.318832981954546, 1.369267228742761]}"
638,1790831456.984717,move,"{""timestamp"": 1790831456.984717, ""type"": ""move"", ""from"": [1, 3], ""to"": [2, 3], ""direction"": 0, ""backtrack"": true, ""odometry_delta_m"": [0.6091447257421194, 0.034417287815255326], ""yaw"": -0.2599999999999909}"
639,1790831456.9933243,face_zero_start,"{""timestamp"": 1790831456.9933243, ""type"": ""face_zero_start"", ""after_moves"": 22, ""heading_before"": 0, ""cell"": [2, 3]}"
640,1790831457.1792862,chassis_wheel_stop,"{""timestamp"": 1790831457.1792862, ""type"": ""chassis_wheel_stop"", ""acknowledged"": true}"
641,1790831457.483299,chassis_stationary,"{""timestamp"": 1790831457.483299, ""type"": ""chassis_stationary"", ""yaw"": -0.2599999999999909, ""position_m"": [1.3195051666424762, 1.3691831588592567]}"
642,1790831457.483318,face_zero,"{""timestamp"": 1790831457.483318, ""type"": ""face_zero"", ""after_moves"": 22, ""cell"": [2, 3], ""heading"": 0, ""yaw_deg"": -0.2599999999999909, ""tolerance_deg"": 5}"
643,1790831457.4833238,scan_skipped,"{""timestamp"": 1790831457.4833238, ""type"": ""scan_skipped"", ""cell"": [2, 3], ""reason"": ""previously_scanned""}"
644,1790831457.4924078,frontier_plan,"{""timestamp"": 1790831457.4924078, ""type"": ""frontier_plan"", ""frontier"": [2, 4], ""route"": [[2, 3], [2, 4]]}"
645,1790831457.492411,motion_start,"{""timestamp"": 1790831457.492411, ""type"": ""motion_start"", ""step"": 23, ""from"": [2, 3], ""to"": [2, 4], ""direction"": 1, ""backtrack"": false}"
646,1790831457.5201116,hardware_action,"{""timestamp"": 1790831457.5201116, ""type"": ""hardware_action"", ""name"": ""Gimbal front position hold"", ""state"": ""action_succeeded"", ""completed"": true, ""succeeded"": true, ""elapsed_sec"": 0.027436771997599863}"
647,1790831457.5201256,gimbal,"{""timestamp"": 1790831457.5201256, ""type"": ""gimbal"", ""phase"": ""front_position_hold"", ""target_yaw"": 0, ""target_pitch"": 0, ""actual_yaw"": 0.0, ""actual_pitch"": 0.2, ""ground_yaw"": 86.1, ""ground_pitch"": 0.0}"
648,1790831457.582154,robot_mode,"{""timestamp"": 1790831457.582154, ""type"": ""robot_mode"", ""phase"": ""before_motion"", ""mode"": ""chassis_lead""}"
649,1790831457.5821602,chassis_turn,"{""timestamp"": 1790831457.5821602, ""type"": ""chassis_turn"", ""degrees"": -90}"
650,1790831459.9715977,gimbal,"{""timestamp"": 1790831459.9715977, ""type"": ""gimbal"", ""phase"": ""move_completed"", ""target_yaw"": 0, ""target_pitch"": 0, ""actual_yaw"": -0.3, ""actual_pitch"": -1.8, ""ground_yaw"": 178.2, ""ground_pitch"": 0.0}"
651,1790831460.123374,tof_sample,"{""timestamp"": 1790831460.123374, ""type"": ""tof_sample"", ""gimbal_yaw"": 0, ""range_m"": 3.002, ""accepted"": 3, ""capped_far_samples"": 0}"
652,1790831460.123386,walk_start,"{""timestamp"": 1790831460.123386, ""type"": ""walk_start"", ""direction"": 1, ""cell_size_m"": 0.6}"
653,1790831462.63414,walk_end,"{""completed"": true, ""reason"": ""distance_reached"", ""distance_m"": 0.6182058291121424, ""false_obstacle_count"": 0, ""stop_tof_mm"": null, ""end_tof_mm"": 2289.0, ""front_stop_limit_mm"": 240.0, ""lateral_deviation_m"": -0.04051876295950715, ""heading_error_deg"": -0.07999999999998408, ""timestamp"": 1790831462.63414, ""type"": ""walk_end""}"
654,1790831462.6628003,chassis_wheel_stop,"{""timestamp"": 1790831462.6628003, ""type"": ""chassis_wheel_stop"", ""acknowledged"": true}"
655,1790831462.9658213,chassis_stationary,"{""timestamp"": 1790831462.9658213, ""type"": ""chassis_stationary"", ""yaw"": 89.88999999999999, ""position_m"": [1.3616834331865542, 1.9870082677948975]}"
656,1790831462.96584,move,"{""timestamp"": 1790831462.96584, ""type"": ""move"", ""from"": [2, 3], ""to"": [2, 4], ""direction"": 1, ""backtrack"": false, ""odometry_delta_m"": [0.03991235093964929, 0.6159407983260001], ""yaw"": 89.88999999999999}"
657,1790831463.0008006,robot_mode,"{""timestamp"": 1790831463.0008006, ""type"": ""robot_mode"", ""phase"": ""before_gimbal_scan"", ""mode"": ""free""}"
658,1790831463.0312662,scan_mode,"{""timestamp"": 1790831463.0312662, ""type"": ""scan_mode"", ""mode"": ""gimbal""}"
659,1790831463.0312989,gimbal,"{""timestamp"": 1790831463.0312989, ""type"": ""gimbal"", ""phase"": ""move"", ""target_yaw"": -90, ""target_pitch"": 0, ""actual_yaw"": -0.1, ""actual_pitch"": -1.6, ""ground_yaw"": 179.0, ""ground_pitch"": 0.0, ""delta_yaw"": -90, ""delta_pitch"": 0}"
660,1790831463.6246793,hardware_action,"{""timestamp"": 1790831463.6246793, ""type"": ""hardware_action"", ""name"": ""Gimbal move action"", ""state"": ""action_succeeded"", ""completed"": true, ""succeeded"": true, ""elapsed_sec"": 0.5930649139991147}"
661,1790831463.8748832,gimbal,"{""timestamp"": 1790831463.8748832, ""type"": ""gimbal"", ""phase"": ""move_completed"", ""target_yaw"": -90, ""target_pitch"": 0, ""actual_yaw"": -91.2, ""actual_pitch"": 0.5, ""ground_yaw"": 89.2, ""ground_pitch"": 0.0}"
662,1790831464.0275276,tof_sample,"{""timestamp"": 1790831464.0275276, ""type"": ""tof_sample"", ""gimbal_yaw"": -90, ""range_m"": 0.192, ""accepted"": 3, ""capped_far_samples"": 0}"
663,1790831471.0746737,sign_inspection,"{""timestamp"": 1790831471.0746737, ""type"": ""sign_inspection"", ""cell"": [2, 4], ""direction"": ""N"", ""camera_yaws"": [-90.0, -108.0, -72.0], ""frames"": 162, ""detected_frames"": 0}"
664,1790831471.0746863,target_scan_complete,"{""timestamp"": 1790831471.0746863, ""type"": ""target_scan_complete"", ""cell"": [2, 4], ""direction"": ""N"", ""targets"": []}"
665,1790831471.4243462,gimbal,"{""timestamp"": 1790831471.4243462, ""type"": ""gimbal"", ""phase"": ""move"", ""target_yaw"": 90, ""target_pitch"": 0, ""actual_yaw"": -85.6, ""actual_pitch"": -2.9, ""ground_yaw"": 93.0, ""ground_pitch"": -3.9, ""delta_yaw"": 180, ""delta_pitch"": 0}"
666,1790831472.5224566,hardware_action,"{""timestamp"": 1790831472.5224566, ""type"": ""hardware_action"", ""name"": ""Gimbal move action"", ""state"": ""action_succeeded"", ""completed"": true, ""succeeded"": true, ""elapsed_sec"": 1.0977764310009661}"
667,1790831472.7726846,gimbal,"{""timestamp"": 1790831472.7726846, ""type"": ""gimbal"", ""phase"": ""move_completed"", ""target_yaw"": 90, ""target_pitch"": 0, ""actual_yaw"": 89.1, ""actual_pitch"": -2.2, ""ground_yaw"": -90.5, ""ground_pitch"": 0.0}"
668,1790831472.9549878,tof_sample,"{""timestamp"": 1790831472.9549878, ""type"": ""tof_sample"", ""gimbal_yaw"": 90, ""range_m"": 0.197, ""accepted"": 3, ""capped_far_samples"": 0}"
669,1790831479.9717424,sign_inspection,"{""timestamp"": 1790831479.9717424, ""type"": ""sign_inspection"", ""cell"": [2, 4], ""direction"": ""S"", ""camera_yaws"": [90.0, 72.0, 108.0], ""frames"": 156, ""detected_frames"": 0}"
670,1790831479.971754,target_scan_complete,"{""timestamp"": 1790831479.971754, ""type"": ""target_scan_complete"", ""cell"": [2, 4], ""direction"": ""S"", ""targets"": []}"
671,1790831480.3218606,gimbal,"{""timestamp"": 1790831480.3218606, ""type"": ""gimbal"", ""phase"": ""move"", ""target_yaw"": 0, ""target_pitch"": 0, ""actual_yaw"": 92.2, ""actual_pitch"": -5.5, ""ground_yaw"": -87.8, ""ground_pitch"": -3.7, ""delta_yaw"": -90, ""delta_pitch"": 0}"
672,1790831480.9213212,hardware_action,"{""timestamp"": 1790831480.9213212, ""type"": ""hardware_action"", ""name"": ""Gimbal move action"", ""state"": ""action_succeeded"", ""completed"": true, ""succeeded"": true, ""elapsed_sec"": 0.5986144809940015}"
673,1790831481.171521,gimbal,"{""timestamp"": 1790831481.171521, ""type"": ""gimbal"", ""phase"": ""move_completed"", ""target_yaw"": 0, ""target_pitch"": 0, ""actual_yaw"": 0.1, ""actual_pitch"": -1.1, ""ground_yaw"": 179.1, ""ground_pitch"": 0.0}"
674,1790831481.3342483,tof_sample,"{""timestamp"": 1790831481.3342483, ""type"": ""tof_sample"", ""gimbal_yaw"": 0, ""range_m"": 2.564, ""accepted"": 3, ""capped_far_samples"": 0}"
675,1790831481.334334,range_mismatch,"{""timestamp"": 1790831481.334334, ""type"": ""range_mismatch"", ""direction"": ""S"", ""residual_m"": -0.17129064225450058}"
676,1790831481.3343713,scan,"{""timestamp"": 1790831481.3343713, ""type"": ""scan"", ""cell"": [2, 4], ""pose"": [1.3057906422545005, 2.4871944775422774, 89.61000000000001], ""ranges_m"": {""0"": 0.192, ""2"": 0.197, ""1"": 2.564}, ""scan_headings"": {""0"": 1, ""2"": 1, ""1"": 1}}"
677,1790831481.3452907,frontier_plan,"{""timestamp"": 1790831481.3452907, ""type"": ""frontier_plan"", ""frontier"": [2, 5], ""route"": [[2, 4], [2, 5]]}"
678,1790831481.3452938,motion_start,"{""timestamp"": 1790831481.3452938, ""type"": ""motion_start"", ""step"": 24, ""from"": [2, 4], ""to"": [2, 5], ""direction"": 1, ""backtrack"": false}"
679,1790831481.3644738,hardware_action,"{""timestamp"": 1790831481.3644738, ""type"": ""hardware_action"", ""name"": ""Gimbal front position hold"", ""state"": ""action_succeeded"", ""completed"": true, ""succeeded"": true, ""elapsed_sec"": 0.01891416400030721}"
680,1790831481.364507,gimbal,"{""timestamp"": 1790831481.364507, ""type"": ""gimbal"", ""phase"": ""front_position_hold"", ""target_yaw"": 0, ""target_pitch"": 0, ""actual_yaw"": 0.1, ""actual_pitch"": -1.1, ""ground_yaw"": 179.1, ""ground_pitch"": 0.0}"
681,1790831481.4013538,robot_mode,"{""timestamp"": 1790831481.4013538, ""type"": ""robot_mode"", ""phase"": ""before_motion"", ""mode"": ""chassis_lead""}"
682,1790831481.6296356,gimbal,"{""timestamp"": 1790831481.6296356, ""type"": ""gimbal"", ""phase"": ""move_completed"", ""target_yaw"": 0, ""target_pitch"": 0, ""actual_yaw"": 0.1, ""actual_pitch"": -1.1, ""ground_yaw"": 179.1, ""ground_pitch"": 0.0}"
683,1790831481.781585,tof_sample,"{""timestamp"": 1790831481.781585, ""type"": ""tof_sample"", ""gimbal_yaw"": 0, ""range_m"": 2.551, ""accepted"": 3, ""capped_far_samples"": 0}"
684,1790831481.7816007,walk_start,"{""timestamp"": 1790831481.7816007, ""type"": ""walk_start"", ""direction"": 1, ""cell_size_m"": 0.6}"
685,1790831484.1943364,walk_end,"{""completed"": true, ""reason"": ""distance_reached"", ""distance_m"": 0.6077174573266564, ""false_obstacle_count"": 0, ""stop_tof_mm"": null, ""end_tof_mm"": 2458.0, ""front_stop_limit_mm"": 240.0, ""lateral_deviation_m"": 0.012797322392752478, ""heading_error_deg"": -0.17000000000001592, ""timestamp"": 1790831484.1943364, ""type"": ""walk_end""}"
686,1790831484.2222383,chassis_wheel_stop,"{""timestamp"": 1790831484.2222383, ""type"": ""chassis_wheel_stop"", ""acknowledged"": true}"
687,1790831484.5268302,chassis_stationary,"{""timestamp"": 1790831484.5268302, ""type"": ""chassis_stationary"", ""yaw"": 89.85000000000002, ""position_m"": [1.350472181219423, 2.5856408101189254]}"
688,1790831484.5268497,move,"{""timestamp"": 1790831484.5268497, ""type"": ""move"", ""from"": [2, 4], ""to"": [2, 5], ""direction"": 1, ""backtrack"": false, ""odometry_delta_m"": [-0.013302633466798053, 0.6045645759907272], ""yaw"": 89.85000000000002}"
689,1790831484.537511,face_zero_start,"{""timestamp"": 1790831484.537511, ""type"": ""face_zero_start"", ""after_moves"": 24, ""heading_before"": 1, ""cell"": [2, 5]}"
690,1790831484.5375247,chassis_turn,"{""timestamp"": 1790831484.5375247, ""type"": ""chassis_turn"", ""degrees"": 90.0, ""reason"": ""face_zero_reference""}"
691,1790831486.1987293,chassis_turn,"{""timestamp"": 1790831486.1987293, ""type"": ""chassis_turn"", ""degrees"": -90.0, ""reason"": ""face_zero_restore""}"
692,1790831487.882858,chassis_wheel_stop,"{""timestamp"": 1790831487.882858, ""type"": ""chassis_wheel_stop"", ""acknowledged"": true}"
693,1790831488.186419,chassis_stationary,"{""timestamp"": 1790831488.186419, ""type"": ""chassis_stationary"", ""yaw"": 89.47000000000003, ""position_m"": [1.3536166264648746, 2.5905468231741833]}"
694,1790831488.186443,face_zero,"{""timestamp"": 1790831488.186443, ""type"": ""face_zero"", ""after_moves"": 24, ""cell"": [2, 5], ""heading"": 1, ""yaw_deg"": 89.47000000000003, ""tolerance_deg"": 5}"
695,1790831488.2256618,robot_mode,"{""timestamp"": 1790831488.2256618, ""type"": ""robot_mode"", ""phase"": ""before_gimbal_scan"", ""mode"": ""free""}"
696,1790831488.2560627,scan_mode,"{""timestamp"": 1790831488.2560627, ""type"": ""scan_mode"", ""mode"": ""gimbal""}"
697,1790831488.2560935,gimbal,"{""timestamp"": 1790831488.2560935, ""type"": ""gimbal"", ""phase"": ""move"", ""target_yaw"": -90, ""target_pitch"": 0, ""actual_yaw"": 0.4, ""actual_pitch"": -1.3, ""ground_yaw"": 178.9, ""ground_pitch"": 0.0, ""delta_yaw"": -90, ""delta_pitch"": 0}"
698,1790831488.8274488,hardware_action,"{""timestamp"": 1790831488.8274488, ""type"": ""hardware_action"", ""name"": ""Gimbal move action"", ""state"": ""action_succeeded"", ""completed"": true, ""succeeded"": true, ""elapsed_sec"": 0.5710642110061599}"
699,1790831489.077677,gimbal,"{""timestamp"": 1790831489.077677, ""type"": ""gimbal"", ""phase"": ""move_completed"", ""target_yaw"": -90, ""target_pitch"": 0, ""actual_yaw"": -90.4, ""actual_pitch"": 0.3, ""ground_yaw"": 89.1, ""ground_pitch"": 0.0}"
700,1790831489.210558,tof_sample,"{""timestamp"": 1790831489.210558, ""type"": ""tof_sample"", ""gimbal_yaw"": -90, ""range_m"": 2.796, ""accepted"": 3, ""capped_far_samples"": 0}"
701,1790831489.2106178,gimbal,"{""timestamp"": 1790831489.2106178, ""type"": ""gimbal"", ""phase"": ""move"", ""target_yaw"": 90, ""target_pitch"": 0, ""actual_yaw"": -90.3, ""actual_pitch"": 0.3, ""ground_yaw"": 89.1, ""ground_pitch"": 0.0, ""delta_yaw"": 180.0, ""delta_pitch"": 0}"
702,1790831490.3284457,hardware_action,"{""timestamp"": 1790831490.3284457, ""type"": ""hardware_action"", ""name"": ""Gimbal move action"", ""state"": ""action_succeeded"", ""completed"": true, ""succeeded"": true, ""elapsed_sec"": 1.117548362002708}"
703,1790831490.5787134,gimbal,"{""timestamp"": 1790831490.5787134, ""type"": ""gimbal"", ""phase"": ""move_completed"", ""target_yaw"": 90, ""target_pitch"": 0, ""actual_yaw"": 88.5, ""actual_pitch"": -1.9, ""ground_yaw"": -91.0, ""ground_pitch"": 0.0}"
704,1790831490.8119032,tof_sample,"{""timestamp"": 1790831490.8119032, ""type"": ""tof_sample"", ""gimbal_yaw"": 90, ""range_m"": 0.193, ""accepted"": 3, ""capped_far_samples"": 0}"
705,1790831497.8775158,sign_inspection,"{""timestamp"": 1790831497.8775158, ""type"": ""sign_inspection"", ""cell"": [2, 5], ""direction"": ""S"", ""camera_yaws"": [90.0, 72.0, 108.0], ""frames"": 160, ""detected_frames"": 0}"
706,1790831497.8775268,target_scan_complete,"{""timestamp"": 1790831497.8775268, ""type"": ""target_scan_complete"", ""cell"": [2, 5], ""direction"": ""S"", ""targets"": []}"
707,1790831498.2290092,gimbal,"{""timestamp"": 1790831498.2290092, ""type"": ""gimbal"", ""phase"": ""move"", ""target_yaw"": 0, ""target_pitch"": 0, ""actual_yaw"": 92.5, ""actual_pitch"": -6.0, ""ground_yaw"": -87.3, ""ground_pitch"": -4.1, ""delta_yaw"": -90, ""delta_pitch"": 0}"
708,1790831498.8298306,hardware_action,"{""timestamp"": 1790831498.8298306, ""type"": ""hardware_action"", ""name"": ""Gimbal move action"", ""state"": ""action_succeeded"", ""completed"": true, ""succeeded"": true, ""elapsed_sec"": 0.6005408310011262}"
709,1790831499.0799744,gimbal,"{""timestamp"": 1790831499.0799744, ""type"": ""gimbal"", ""phase"": ""move_completed"", ""target_yaw"": 0, ""target_pitch"": 0, ""actual_yaw"": 0.1, ""actual_pitch"": -1.0, ""ground_yaw"": 179.1, ""ground_pitch"": 0.0}"
710,1790831499.2841885,tof_sample,"{""timestamp"": 1790831499.2841885, ""type"": ""tof_sample"", ""gimbal_yaw"": 0, ""range_m"": 2.46, ""accepted"": 3, ""capped_far_samples"": 0}"
711,1790831499.2843182,range_mismatch,"{""timestamp"": 1790831499.2843182, ""type"": ""range_mismatch"", ""direction"": ""S"", ""residual_m"": -0.16198800878770253}"
712,1790831499.2843707,boundary_open,"{""timestamp"": 1790831499.2843707, ""type"": ""boundary_open"", ""cell"": [2, 5], ""direction"": ""E"", ""range_m"": 2.46, ""traversable"": false}"
713,1790831499.2843742,scan,"{""timestamp"": 1790831499.2843742, ""type"": ""scan"", ""cell"": [2, 5], ""pose"": [1.2924880087877024, 3.0917590535330044, 89.54000000000002], ""ranges_m"": {""0"": 2.796, ""2"": 0.193, ""1"": 2.46}, ""scan_headings"": {""0"": 1, ""2"": 1, ""1"": 1}}"
714,1790831499.298575,frontier_plan,"{""timestamp"": 1790831499.298575, ""type"": ""frontier_plan"", ""frontier"": [3, 5], ""route"": [[2, 5], [3, 5]]}"
715,1790831499.2985795,motion_start,"{""timestamp"": 1790831499.2985795, ""type"": ""motion_start"", ""step"": 25, ""from"": [2, 5], ""to"": [3, 5], ""direction"": 0, ""backtrack"": false}"
716,1790831499.3328319,hardware_action,"{""timestamp"": 1790831499.3328319, ""type"": ""hardware_action"", ""name"": ""Gimbal front position hold"", ""state"": ""action_succeeded"", ""completed"": true, ""succeeded"": true, ""elapsed_sec"": 0.033923207003681455}"
717,1790831499.3328483,gimbal,"{""timestamp"": 1790831499.3328483, ""type"": ""gimbal"", ""phase"": ""front_position_hold"", ""target_yaw"": 0, ""target_pitch"": 0, ""actual_yaw"": 0.1, ""actual_pitch"": -1.1, ""ground_yaw"": 179.1, ""ground_pitch"": 0.0}"
718,1790831499.3872333,robot_mode,"{""timestamp"": 1790831499.3872333, ""type"": ""robot_mode"", ""phase"": ""before_motion"", ""mode"": ""chassis_lead""}"
719,1790831499.3872385,chassis_turn,"{""timestamp"": 1790831499.3872385, ""type"": ""chassis_turn"", ""degrees"": 90}"
720,1790831501.2488313,gimbal,"{""timestamp"": 1790831501.2488313, ""type"": ""gimbal"", ""phase"": ""move_completed"", ""target_yaw"": 0, ""target_pitch"": 0, ""actual_yaw"": 0.0, ""actual_pitch"": 0.5, ""ground_yaw"": 87.1, ""ground_pitch"": 0.0}"
721,1790831501.391127,tof_sample,"{""timestamp"": 1790831501.391127, ""type"": ""tof_sample"", ""gimbal_yaw"": 0, ""range_m"": 2.796, ""accepted"": 3, ""capped_far_samples"": 0}"
722,1790831501.3911405,walk_start,"{""timestamp"": 1790831501.3911405, ""type"": ""walk_start"", ""direction"": 0, ""cell_size_m"": 0.6}"
723,1790831503.597937,walk_end,"{""completed"": true, ""reason"": ""distance_reached"", ""distance_m"": 0.6017637271476179, ""false_obstacle_count"": 0, ""stop_tof_mm"": null, ""end_tof_mm"": 1996.0, ""front_stop_limit_mm"": 240.0, ""lateral_deviation_m"": 0.04490505973058445, ""heading_error_deg"": -0.18999999999999773, ""timestamp"": 1790831503.597937, ""type"": ""walk_end""}"
724,1790831503.6140666,chassis_wheel_stop,"{""timestamp"": 1790831503.6140666, ""type"": ""chassis_wheel_stop"", ""acknowledged"": true}"
725,1790831503.918607,chassis_stationary,"{""timestamp"": 1790831503.918607, ""type"": ""chassis_stationary"", ""yaw"": -0.18999999999999773, ""position_m"": [1.9815479509062381, 2.6287010494841914]}"
726,1790831503.9186254,move,"{""timestamp"": 1790831503.9186254, ""type"": ""move"", ""from"": [2, 5], ""to"": [3, 5], ""direction"": 0, ""backtrack"": false, ""odometry_delta_m"": [0.6242827846123247, 0.044369381747800585], ""yaw"": -0.18999999999999773}"
727,1790831503.9186459,odometry_mismatch,"{""timestamp"": 1790831503.9186459, ""type"": ""odometry_mismatch"", ""cell"": [3, 5], ""predicted_position_m"": [1.916770793400027, 3.136128435280805], ""expected_position_m"": [1.7999999999999998, 3.0], ""error_m"": 0.1793498510823808}"
728,1790831503.9743114,robot_mode,"{""timestamp"": 1790831503.9743114, ""type"": ""robot_mode"", ""phase"": ""before_gimbal_scan"", ""mode"": ""free""}"
729,1790831504.0046427,scan_mode,"{""timestamp"": 1790831504.0046427, ""type"": ""scan_mode"", ""mode"": ""gimbal""}"
730,1790831504.0046747,gimbal,"{""timestamp"": 1790831504.0046747, ""type"": ""gimbal"", ""phase"": ""move"", ""target_yaw"": -90, ""target_pitch"": 0, ""actual_yaw"": 0.2, ""actual_pitch"": 0.2, ""ground_yaw"": 86.6, ""ground_pitch"": 0.0, ""delta_yaw"": -90, ""delta_pitch"": 0}"
731,1790831504.5307605,hardware_action,"{""timestamp"": 1790831504.5307605, ""type"": ""hardware_action"", ""name"": ""Gimbal move action"", ""state"": ""action_succeeded"", ""completed"": true, ""succeeded"": true, ""elapsed_sec"": 0.5258270790000097}"
732,1790831504.7810469,gimbal,"{""timestamp"": 1790831504.7810469, ""type"": ""gimbal"", ""phase"": ""move_completed"", ""target_yaw"": -90, ""target_pitch"": 0, ""actual_yaw"": -91.0, ""actual_pitch"": 0.2, ""ground_yaw"": -3.0, ""ground_pitch"": 0.0}"
733,1790831505.005396,tof_sample,"{""timestamp"": 1790831505.005396, ""type"": ""tof_sample"", ""gimbal_yaw"": -90, ""range_m"": 1.642, ""accepted"": 3, ""capped_far_samples"": 0}"
734,1790831505.0054762,gimbal,"{""timestamp"": 1790831505.0054762, ""type"": ""gimbal"", ""phase"": ""move"", ""target_yaw"": 90, ""target_pitch"": 0, ""actual_yaw"": -90.9, ""actual_pitch"": 0.3, ""ground_yaw"": -3.1, ""ground_pitch"": 0.0, ""delta_yaw"": 180.0, ""delta_pitch"": 0}"
735,1790831506.0345178,hardware_action,"{""timestamp"": 1790831506.0345178, ""type"": ""hardware_action"", ""name"": ""Gimbal move action"", ""state"": ""action_succeeded"", ""completed"": true, ""succeeded"": true, ""elapsed_sec"": 1.0286525429983158}"
736,1790831506.2847252,gimbal,"{""timestamp"": 1790831506.2847252, ""type"": ""gimbal"", ""phase"": ""move_completed"", ""target_yaw"": 90, ""target_pitch"": 0, ""actual_yaw"": 88.0, ""actual_pitch"": -1.7, ""ground_yaw"": 176.5, ""ground_pitch"": 0.0}"
737,1790831506.457891,tof_sample,"{""timestamp"": 1790831506.457891, ""type"": ""tof_sample"", ""gimbal_yaw"": 90, ""range_m"": 0.204, ""accepted"": 3, ""capped_far_samples"": 0}"
738,1790831513.48223,sign_inspection,"{""timestamp"": 1790831513.48223, ""type"": ""sign_inspection"", ""cell"": [3, 5], ""direction"": ""E"", ""camera_yaws"": [90.0, 72.0, 108.0], ""frames"": 158, ""detected_frames"": 1}"
739,1790831513.4822419,target_scan_complete,"{""timestamp"": 1790831513.4822419, ""type"": ""target_scan_complete"", ""cell"": [3, 5], ""direction"": ""E"", ""targets"": []}"
740,1790831513.835158,gimbal,"{""timestamp"": 1790831513.835158, ""type"": ""gimbal"", ""phase"": ""move"", ""target_yaw"": 0, ""target_pitch"": 0, ""actual_yaw"": 91.3, ""actual_pitch"": -4.3, ""ground_yaw"": 179.7, ""ground_pitch"": -2.9, ""delta_yaw"": -90, ""delta_pitch"": 0}"
741,1790831514.4335842,hardware_action,"{""timestamp"": 1790831514.4335842, ""type"": ""hardware_action"", ""name"": ""Gimbal move action"", ""state"": ""action_succeeded"", ""completed"": true, ""succeeded"": true, ""elapsed_sec"": 0.5981151040032273}"
742,1790831514.6837404,gimbal,"{""timestamp"": 1790831514.6837404, ""type"": ""gimbal"", ""phase"": ""move_completed"", ""target_yaw"": 0, ""target_pitch"": 0, ""actual_yaw"": 0.2, ""actual_pitch"": 0.0, ""ground_yaw"": 87.6, ""ground_pitch"": 0.0}"
743,1790831514.876535,tof_sample,"{""timestamp"": 1790831514.876535, ""type"": ""tof_sample"", ""gimbal_yaw"": 0, ""range_m"": 1.881, ""accepted"": 3, ""capped_far_samples"": 0}"
744,1790831514.87666,scan,"{""timestamp"": 1790831514.87666, ""type"": ""scan"", ""cell"": [3, 5], ""pose"": [1.916770793400027, 3.136128435280805, 0.07999999999998408], ""ranges_m"": {""3"": 1.642, ""1"": 0.204, ""0"": 1.881}, ""scan_headings"": {""3"": 0, ""1"": 0, ""0"": 0}}"
745,1790831514.88794,frontier_plan,"{""timestamp"": 1790831514.88794, ""type"": ""frontier_plan"", ""frontier"": [4, 5], ""route"": [[3, 5], [4, 5]]}"
746,1790831514.8879435,motion_start,"{""timestamp"": 1790831514.8879435, ""type"": ""motion_start"", ""step"": 26, ""from"": [3, 5], ""to"": [4, 5], ""direction"": 0, ""backtrack"": false}"
747,1790831514.894214,hardware_action,"{""timestamp"": 1790831514.894214, ""type"": ""hardware_action"", ""name"": ""Gimbal front position hold"", ""state"": ""action_succeeded"", ""completed"": true, ""succeeded"": true, ""elapsed_sec"": 0.00602145599987125}"
748,1790831514.8942282,gimbal,"{""timestamp"": 1790831514.8942282, ""type"": ""gimbal"", ""phase"": ""front_position_hold"", ""target_yaw"": 0, ""target_pitch"": 0, ""actual_yaw"": 0.1, ""actual_pitch"": 0.0, ""ground_yaw"": 87.6, ""ground_pitch"": 0.0}"
749,1790831514.948228,robot_mode,"{""timestamp"": 1790831514.948228, ""type"": ""robot_mode"", ""phase"": ""before_motion"", ""mode"": ""chassis_lead""}"
750,1790831515.131369,gimbal,"{""timestamp"": 1790831515.131369, ""type"": ""gimbal"", ""phase"": ""move_completed"", ""target_yaw"": 0, ""target_pitch"": 0, ""actual_yaw"": 0.1, ""actual_pitch"": 0.0, ""ground_yaw"": 87.5, ""ground_pitch"": 0.0}"
751,1790831515.2829475,tof_sample,"{""timestamp"": 1790831515.2829475, ""type"": ""tof_sample"", ""gimbal_yaw"": 0, ""range_m"": 1.884, ""accepted"": 3, ""capped_far_samples"": 0}"
752,1790831515.2829595,walk_start,"{""timestamp"": 1790831515.2829595, ""type"": ""walk_start"", ""direction"": 0, ""cell_size_m"": 0.6}"
753,1790831517.59005,walk_end,"{""completed"": true, ""reason"": ""distance_reached"", ""distance_m"": 0.6118453852970911, ""false_obstacle_count"": 0, ""stop_tof_mm"": null, ""end_tof_mm"": 1029.0, ""front_stop_limit_mm"": 240.0, ""lateral_deviation_m"": -0.02119427966821119, ""heading_error_deg"": -0.19999999999998863, ""timestamp"": 1790831517.59005, ""type"": ""walk_end""}"
754,1790831517.612153,chassis_wheel_stop,"{""timestamp"": 1790831517.612153, ""type"": ""chassis_wheel_stop"", ""acknowledged"": true}"
755,1790831517.916122,chassis_stationary,"{""timestamp"": 1790831517.916122, ""type"": ""chassis_stationary"", ""yaw"": -0.09999999999999432, ""position_m"": [2.61597214637846, 2.6036115636500146]}"
756,1790831517.916143,move,"{""timestamp"": 1790831517.916143, ""type"": ""move"", ""from"": [3, 5], ""to"": [4, 5], ""direction"": 0, ""backtrack"": false, ""odometry_delta_m"": [0.631726401952698, -0.021422482953620037], ""yaw"": -0.09999999999999432}"
757,1790831517.9161642,odometry_mismatch,"{""timestamp"": 1790831517.9161642, ""type"": ""odometry_mismatch"", ""cell"": [4, 5], ""predicted_position_m"": [2.5484971953527253, 3.114705952327185], ""expected_position_m"": [2.4, 3.0], ""error_m"": 0.1876402742667787}"
758,1790831517.9279444,face_zero_start,"{""timestamp"": 1790831517.9279444, ""type"": ""face_zero_start"", ""after_moves"": 26, ""heading_before"": 0, ""cell"": [4, 5]}"
759,1790831518.1147673,chassis_wheel_stop,"{""timestamp"": 1790831518.1147673, ""type"": ""chassis_wheel_stop"", ""acknowledged"": true}"
760,1790831518.4194772,chassis_stationary,"{""timestamp"": 1790831518.4194772, ""type"": ""chassis_stationary"", ""yaw"": -0.060000000000002274, ""position_m"": [2.6141426906823724, 2.603988249004193]}"
761,1790831518.4195006,face_zero,"{""timestamp"": 1790831518.4195006, ""type"": ""face_zero"", ""after_moves"": 26, ""cell"": [4, 5], ""heading"": 0, ""yaw_deg"": -0.060000000000002274, ""tolerance_deg"": 5}"
762,1790831518.453918,robot_mode,"{""timestamp"": 1790831518.453918, ""type"": ""robot_mode"", ""phase"": ""before_gimbal_scan"", ""mode"": ""free""}"
763,1790831518.5355988,scan_mode,"{""timestamp"": 1790831518.5355988, ""type"": ""scan_mode"", ""mode"": ""gimbal""}"
764,1790831518.5356271,gimbal,"{""timestamp"": 1790831518.5356271, ""type"": ""gimbal"", ""phase"": ""move"", ""target_yaw"": -90, ""target_pitch"": 0, ""actual_yaw"": 0.1, ""actual_pitch"": -0.2, ""ground_yaw"": 87.2, ""ground_pitch"": 0.0, ""delta_yaw"": -90, ""delta_pitch"": 0}"
765,1790831519.1373422,hardware_action,"{""timestamp"": 1790831519.1373422, ""type"": ""hardware_action"", ""name"": ""Gimbal move action"", ""state"": ""action_succeeded"", ""completed"": true, ""succeeded"": true, ""elapsed_sec"": 0.6014772220005398}"
766,1790831519.3874822,gimbal,"{""timestamp"": 1790831519.3874822, ""type"": ""gimbal"", ""phase"": ""move_completed"", ""target_yaw"": -90, ""target_pitch"": 0, ""actual_yaw"": -90.7, ""actual_pitch"": 0.3, ""ground_yaw"": -2.5, ""ground_pitch"": 0.0}"
767,1790831519.5397213,tof_sample,"{""timestamp"": 1790831519.5397213, ""type"": ""tof_sample"", ""gimbal_yaw"": -90, ""range_m"": 0.212, ""accepted"": 3, ""capped_far_samples"": 0}"
768,1790831526.5926592,sign_inspection,"{""timestamp"": 1790831526.5926592, ""type"": ""sign_inspection"", ""cell"": [4, 5], ""direction"": ""W"", ""camera_yaws"": [-90.0, -108.0, -72.0], ""frames"": 159, ""detected_frames"": 0}"
769,1790831526.5926733,target_scan_complete,"{""timestamp"": 1790831526.5926733, ""type"": ""target_scan_complete"", ""cell"": [4, 5], ""direction"": ""W"", ""targets"": []}"
770,1790831526.9383698,gimbal,"{""timestamp"": 1790831526.9383698, ""type"": ""gimbal"", ""phase"": ""move"", ""target_yaw"": 90, ""target_pitch"": 0, ""actual_yaw"": -84.5, ""actual_pitch"": -4.4, ""ground_yaw"": 1.7, ""ground_pitch"": -5.0, ""delta_yaw"": 180, ""delta_pitch"": 0}"
771,1790831528.0393167,hardware_action,"{""timestamp"": 1790831528.0393167, ""type"": ""hardware_action"", ""name"": ""Gimbal move action"", ""state"": ""action_succeeded"", ""completed"": true, ""succeeded"": true, ""elapsed_sec"": 1.1003372390041477}"
772,1790831528.2895164,gimbal,"{""timestamp"": 1790831528.2895164, ""type"": ""gimbal"", ""phase"": ""move_completed"", ""target_yaw"": 90, ""target_pitch"": 0, ""actual_yaw"": 89.0, ""actual_pitch"": -1.9, ""ground_yaw"": 177.0, ""ground_pitch"": 0.0}"
773,1790831528.46233,tof_sample,"{""timestamp"": 1790831528.46233, ""type"": ""tof_sample"", ""gimbal_yaw"": 90, ""range_m"": 0.236, ""accepted"": 3, ""capped_far_samples"": 0}"
774,1790831535.4735303,sign_inspection,"{""timestamp"": 1790831535.4735303, ""type"": ""sign_inspection"", ""cell"": [4, 5], ""direction"": ""E"", ""camera_yaws"": [90.0, 72.0, 108.0], ""frames"": 159, ""detected_frames"": 0}"
775,1790831535.4735436,target_scan_complete,"{""timestamp"": 1790831535.4735436, ""type"": ""target_scan_complete"", ""cell"": [4, 5], ""direction"": ""E"", ""targets"": []}"
776,1790831535.8377028,gimbal,"{""timestamp"": 1790831535.8377028, ""type"": ""gimbal"", ""phase"": ""move"", ""target_yaw"": 0, ""target_pitch"": 0, ""actual_yaw"": 89.8, ""actual_pitch"": -2.3, ""ground_yaw"": 177.1, ""ground_pitch"": -1.0, ""delta_yaw"": -90, ""delta_pitch"": 0}"
777,1790831536.4383333,hardware_action,"{""timestamp"": 1790831536.4383333, ""type"": ""hardware_action"", ""name"": ""Gimbal move action"", ""state"": ""action_succeeded"", ""completed"": true, ""succeeded"": true, ""elapsed_sec"": 0.5995507160041598}"
778,1790831536.688472,gimbal,"{""timestamp"": 1790831536.688472, ""type"": ""gimbal"", ""phase"": ""move_completed"", ""target_yaw"": 0, ""target_pitch"": 0, ""actual_yaw"": 0.1, ""actual_pitch"": -0.3, ""ground_yaw"": 86.8, ""ground_pitch"": 0.0}"
779,1790831536.8411646,tof_sample,"{""timestamp"": 1790831536.8411646, ""type"": ""tof_sample"", ""gimbal_yaw"": 0, ""range_m"": 0.981, ""accepted"": 3, ""capped_far_samples"": 0}"
780,1790831536.8412867,scan,"{""timestamp"": 1790831536.8412867, ""type"": ""scan"", ""cell"": [4, 5], ""pose"": [2.5484971953527253, 3.114705952327185, -0.6500000000000057], ""ranges_m"": {""3"": 0.212, ""1"": 0.236, ""0"": 0.981}, ""scan_headings"": {""3"": 0, ""1"": 0, ""0"": 0}}"
781,1790831536.852195,frontier_plan,"{""timestamp"": 1790831536.852195, ""type"": ""frontier_plan"", ""frontier"": [5, 5], ""route"": [[4, 5], [5, 5]]}"
782,1790831536.8521981,motion_start,"{""timestamp"": 1790831536.8521981, ""type"": ""motion_start"", ""step"": 27, ""from"": [4, 5], ""to"": [5, 5], ""direction"": 0, ""backtrack"": false}"
783,1790831536.8787963,hardware_action,"{""timestamp"": 1790831536.8787963, ""type"": ""hardware_action"", ""name"": ""Gimbal front position hold"", ""state"": ""action_succeeded"", ""completed"": true, ""succeeded"": true, ""elapsed_sec"": 0.02626767499896232}"
784,1790831536.8788104,gimbal,"{""timestamp"": 1790831536.8788104, ""type"": ""gimbal"", ""phase"": ""front_position_hold"", ""target_yaw"": 0, ""target_pitch"": 0, ""actual_yaw"": 0.1, ""actual_pitch"": -0.3, ""ground_yaw"": 86.8, ""ground_pitch"": 0.0}"
785,1790831536.9383836,robot_mode,"{""timestamp"": 1790831536.9383836, ""type"": ""robot_mode"", ""phase"": ""before_motion"", ""mode"": ""chassis_lead""}"
786,1790831537.1332393,gimbal,"{""timestamp"": 1790831537.1332393, ""type"": ""gimbal"", ""phase"": ""move_completed"", ""target_yaw"": 0, ""target_pitch"": 0, ""actual_yaw"": 0.1, ""actual_pitch"": -0.3, ""ground_yaw"": 86.8, ""ground_pitch"": 0.0}"
787,1790831537.3361235,tof_sample,"{""timestamp"": 1790831537.3361235, ""type"": ""tof_sample"", ""gimbal_yaw"": 0, ""range_m"": 0.982, ""accepted"": 3, ""capped_far_samples"": 0}"
788,1790831537.3361354,walk_start,"{""timestamp"": 1790831537.3361354, ""type"": ""walk_start"", ""direction"": 0, ""cell_size_m"": 0.6}"
789,1790831540.45073,walk_end,"{""completed"": true, ""reason"": ""distance_reached"", ""distance_m"": 0.6152415108497613, ""false_obstacle_count"": 0, ""stop_tof_mm"": null, ""end_tof_mm"": 243.0, ""front_stop_limit_mm"": 240.0, ""lateral_deviation_m"": 0.026619793900461985, ""heading_error_deg"": -0.3199999999999932, ""timestamp"": 1790831540.45073, ""type"": ""walk_end""}"
790,1790831540.480163,chassis_wheel_stop,"{""timestamp"": 1790831540.480163, ""type"": ""chassis_wheel_stop"", ""acknowledged"": true}"
791,1790831540.7865007,chassis_stationary,"{""timestamp"": 1790831540.7865007, ""type"": ""chassis_stationary"", ""yaw"": -0.5799999999999841, ""position_m"": [3.2201978260925945, 2.6316102935139414]}"
792,1790831540.7865307,move,"{""timestamp"": 1790831540.7865307, ""type"": ""move"", ""from"": [4, 5], ""to"": [5, 5], ""direction"": 0, ""backtrack"": false, ""odometry_delta_m"": [0.6123884874078049, 0.026291987189663857], ""yaw"": -0.5799999999999841}"
793,1790831540.7865624,odometry_mismatch,"{""timestamp"": 1790831540.7865624, ""type"": ""odometry_mismatch"", ""cell"": [5, 5], ""predicted_position_m"": [3.1608856827605303, 3.140997939516849], ""expected_position_m"": [3.0, 3.0], ""error_m"": 0.2139266740388373}"
794,1790831540.859123,robot_mode,"{""timestamp"": 1790831540.859123, ""type"": ""robot_mode"", ""phase"": ""before_gimbal_scan"", ""mode"": ""free""}"
795,1790831540.8940847,scan_mode,"{""timestamp"": 1790831540.8940847, ""type"": ""scan_mode"", ""mode"": ""gimbal""}"
796,1790831540.8941317,gimbal,"{""timestamp"": 1790831540.8941317, ""type"": ""gimbal"", ""phase"": ""move"", ""target_yaw"": -90, ""target_pitch"": 0, ""actual_yaw"": 0.4, ""actual_pitch"": 0.2, ""ground_yaw"": 87.1, ""ground_pitch"": 0.0, ""delta_yaw"": -90, ""delta_pitch"": 0}"
797,1790831541.4388444,hardware_action,"{""timestamp"": 1790831541.4388444, ""type"": ""hardware_action"", ""name"": ""Gimbal move action"", ""state"": ""action_succeeded"", ""completed"": true, ""succeeded"": true, ""elapsed_sec"": 0.5443199169967556}"
798,1790831541.689061,gimbal,"{""timestamp"": 1790831541.689061, ""type"": ""gimbal"", ""phase"": ""move_completed"", ""target_yaw"": -90, ""target_pitch"": 0, ""actual_yaw"": -90.2, ""actual_pitch"": 0.4, ""ground_yaw"": -2.5, ""ground_pitch"": 0.0}"
799,1790831541.9035418,tof_sample,"{""timestamp"": 1790831541.9035418, ""type"": ""tof_sample"", ""gimbal_yaw"": -90, ""range_m"": 2.404, ""accepted"": 3, ""capped_far_samples"": 0}"
800,1790831541.903641,gimbal,"{""timestamp"": 1790831541.903641, ""type"": ""gimbal"", ""phase"": ""move"", ""target_yaw"": 90, ""target_pitch"": 0, ""actual_yaw"": -90.2, ""actual_pitch"": 0.4, ""ground_yaw"": -2.6, ""ground_pitch"": 0.0, ""delta_yaw"": 180.0, ""delta_pitch"": 0}"
801,1790831542.9191623,hardware_action,"{""timestamp"": 1790831542.9191623, ""type"": ""hardware_action"", ""name"": ""Gimbal move action"", ""state"": ""action_succeeded"", ""completed"": true, ""succeeded"": true, ""elapsed_sec"": 1.0151567040011287}"
802,1790831543.1694362,gimbal,"{""timestamp"": 1790831543.1694362, ""type"": ""gimbal"", ""phase"": ""move_completed"", ""target_yaw"": 90, ""target_pitch"": 0, ""actual_yaw"": 88.6, ""actual_pitch"": -2.0, ""ground_yaw"": 177.1, ""ground_pitch"": 0.0}"
803,1790831543.3526294,tof_sample,"{""timestamp"": 1790831543.3526294, ""type"": ""tof_sample"", ""gimbal_yaw"": 90, ""range_m"": 0.227, ""accepted"": 3, ""capped_far_samples"": 0}"
804,1790831550.389139,sign_inspection,"{""timestamp"": 1790831550.389139, ""type"": ""sign_inspection"", ""cell"": [5, 5], ""direction"": ""E"", ""camera_yaws"": [90.0, 72.0, 108.0], ""frames"": 143, ""detected_frames"": 143}"
805,1790831550.3891678,target_scan_complete,"{""timestamp"": 1790831550.3891678, ""type"": ""target_scan_complete"", ""cell"": [5, 5], ""direction"": ""E"", ""targets"": [{""direction"": 1, ""color"": ""Green"", ""shape"": ""Horizontal_Rect"", ""yaw"": 74.71, ""pitch"": -27.57, ""tof_distance_mm"": 227.0}, {""direction"": 1, ""color"": ""Red"", ""shape"": ""Circle"", ""yaw"": 42.83, ""pitch"": -24.53, ""tof_distance_mm"": 227.0}, {""direction"": 1, ""color"": ""Blue"", ""shape"": ""Vertical_Rect"", ""yaw"": 119.98, ""pitch"": -30.94, ""tof_distance_mm"": 227.0}]}"
806,1790831550.7223787,gimbal,"{""timestamp"": 1790831550.7223787, ""type"": ""gimbal"", ""phase"": ""move"", ""target_yaw"": 0, ""target_pitch"": 0, ""actual_yaw"": 91.3, ""actual_pitch"": -4.5, ""ground_yaw"": 179.4, ""ground_pitch"": -2.8, ""delta_yaw"": -90, ""delta_pitch"": 0}"
807,1790831551.3397462,hardware_action,"{""timestamp"": 1790831551.3397462, ""type"": ""hardware_action"", ""name"": ""Gimbal move action"", ""state"": ""action_succeeded"", ""completed"": true, ""succeeded"": true, ""elapsed_sec"": 0.6171310060017277}"
808,1790831551.5899272,gimbal,"{""timestamp"": 1790831551.5899272, ""type"": ""gimbal"", ""phase"": ""move_completed"", ""target_yaw"": 0, ""target_pitch"": 0, ""actual_yaw"": 0.1, ""actual_pitch"": 0.3, ""ground_yaw"": 87.3, ""ground_pitch"": 0.0}"
809,1790831551.7932193,tof_sample,"{""timestamp"": 1790831551.7932193, ""type"": ""tof_sample"", ""gimbal_yaw"": 0, ""range_m"": 0.248, ""accepted"": 3, ""capped_far_samples"": 0}"
810,1790831553.0278804,target_gimbal_move,"{""timestamp"": 1790831553.0278804, ""type"": ""target_gimbal_move"", ""phase"": ""lift"", ""requested_yaw"": 0.0, ""requested_pitch"": 0, ""succeeded"": true, ""action_state"": ""action_succeeded"", ""reason"": ""None"", ""actual_yaw"": 0.2, ""actual_pitch"": 0.2}"
811,1790831553.1291027,target_gimbal_move,"{""timestamp"": 1790831553.1291027, ""type"": ""target_gimbal_move"", ""phase"": ""turn"", ""requested_yaw"": -14.79, ""requested_pitch"": 0, ""succeeded"": true, ""action_state"": ""action_succeeded"", ""reason"": ""None"", ""actual_yaw"": 0.0, ""actual_pitch"": 0.6}"
812,1790831553.5237744,target_gimbal_move,"{""timestamp"": 1790831553.5237744, ""type"": ""target_gimbal_move"", ""phase"": ""aim"", ""requested_yaw"": -14.79, ""requested_pitch"": -20.0, ""succeeded"": true, ""action_state"": ""action_succeeded"", ""reason"": ""None"", ""actual_yaw"": -15.3, ""actual_pitch"": -18.7}"
813,1790831553.9258442,target_gimbal_move,"{""timestamp"": 1790831553.9258442, ""type"": ""target_gimbal_move"", ""phase"": ""aim"", ""requested_yaw"": -4.79, ""requested_pitch"": -20.0, ""succeeded"": true, ""action_state"": ""action_succeeded"", ""reason"": ""None"", ""actual_yaw"": -14.6, ""actual_pitch"": -19.4}"
814,1790831554.4298754,target_gimbal_move,"{""timestamp"": 1790831554.4298754, ""type"": ""target_gimbal_move"", ""phase"": ""aim"", ""requested_yaw"": -4.79, ""requested_pitch"": -10.84, ""succeeded"": true, ""action_state"": ""action_succeeded"", ""reason"": ""None"", ""actual_yaw"": -4.9, ""actual_pitch"": -17.2}"
815,1790831555.7075388,target_fire,"{""timestamp"": 1790831555.7075388, ""type"": ""target_fire"", ""cell"": [5, 5], ""direction"": 0, ""color"": ""Green"", ""shape"": ""Square"", ""fire_mode"": ""water_fire"", ""yaw"": -4.79, ""pitch"": -10.84, ""locked"": true, ""fired"": true, ""aim_moves"": 2, ""aim_error_px"": -33.0, ""aim_failure"": null, ""visible_labels"": [""Green Circle"", ""Green Square""], ""actual_yaw"": -4.9, ""actual_pitch"": -11.2, ""fire_commands_sent"": 1, ""shots_requested"": 3, ""fire_command_timestamp"": 1790831554.6802452, ""burst_hold_sec"": 1.0, ""target_distance_m"": 0.248, ""barrel_pitch_offset_deg"": 9.16}"
816,1790831560.277287,sign_inspection,"{""timestamp"": 1790831560.277287, ""type"": ""sign_inspection"", ""cell"": [5, 5], ""direction"": ""N"", ""camera_yaws"": [0.0, -18.0, 18.0], ""frames"": 100, ""detected_frames"": 64}"
817,1790831560.2773218,target_scan_complete,"{""timestamp"": 1790831560.2773218, ""type"": ""target_scan_complete"", ""cell"": [5, 5], ""direction"": ""N"", ""targets"": [{""direction"": 0, ""color"": ""Green"", ""shape"": ""Square"", ""yaw"": -14.79, ""pitch"": -29.92, ""tof_distance_mm"": 248.0}, {""direction"": 0, ""color"": ""Green"", ""shape"": ""Circle"", ""yaw"": -51.06, ""pitch"": -19.2, ""tof_distance_mm"": 248.0}, {""direction"": 0, ""color"": ""Yellow"", ""shape"": ""Vertical_Rect"", ""yaw"": 36.75, ""pitch"": -22.67, ""tof_distance_mm"": 248.0}]}"
818,1790831560.7263553,scan,"{""timestamp"": 1790831560.7263553, ""type"": ""scan"", ""cell"": [5, 5], ""pose"": [3.1608856827605303, 3.140997939516849, -1.009999999999991], ""ranges_m"": {""3"": 2.404, ""1"": 0.227, ""0"": 0.248}, ""scan_headings"": {""3"": 0, ""1"": 0, ""0"": 0}}"
819,1790831560.737886,frontier_plan,"{""timestamp"": 1790831560.737886, ""type"": ""frontier_plan"", ""frontier"": [5, 4], ""route"": [[5, 5], [5, 4]]}"
820,1790831560.7378888,motion_start,"{""timestamp"": 1790831560.7378888, ""type"": ""motion_start"", ""step"": 28, ""from"": [5, 5], ""to"": [5, 4], ""direction"": 3, ""backtrack"": false}"
821,1790831560.7633214,hardware_action,"{""timestamp"": 1790831560.7633214, ""type"": ""hardware_action"", ""name"": ""Gimbal front position hold"", ""state"": ""action_succeeded"", ""completed"": true, ""succeeded"": true, ""elapsed_sec"": 0.025204574994859286}"
822,1790831560.7633357,gimbal,"{""timestamp"": 1790831560.7633357, ""type"": ""gimbal"", ""phase"": ""front_position_hold"", ""target_yaw"": 0, ""target_pitch"": 0, ""actual_yaw"": 0.0, ""actual_pitch"": 0.9, ""ground_yaw"": 87.3, ""ground_pitch"": -0.1}"
823,1790831560.8024333,robot_mode,"{""timestamp"": 1790831560.8024333, ""type"": ""robot_mode"", ""phase"": ""before_motion"", ""mode"": ""chassis_lead""}"
824,1790831560.8024364,chassis_turn,"{""timestamp"": 1790831560.8024364, ""type"": ""chassis_turn"", ""degrees"": 90}"
825,1790831562.6746364,gimbal,"{""timestamp"": 1790831562.6746364, ""type"": ""gimbal"", ""phase"": ""move_completed"", ""target_yaw"": 0, ""target_pitch"": 0, ""actual_yaw"": -0.1, ""actual_pitch"": 0.3, ""ground_yaw"": -4.6, ""ground_pitch"": 0.0}"
826,1790831562.8168201,tof_sample,"{""timestamp"": 1790831562.8168201, ""type"": ""tof_sample"", ""gimbal_yaw"": 0, ""range_m"": 2.334, ""accepted"": 3, ""capped_far_samples"": 0}"
827,1790831562.8168335,walk_start,"{""timestamp"": 1790831562.8168335, ""type"": ""walk_start"", ""direction"": 3, ""cell_size_m"": 0.6}"
828,1790831565.0243752,walk_end,"{""completed"": true, ""reason"": ""distance_reached"", ""distance_m"": 0.6019816512404907, ""false_obstacle_count"": 0, ""stop_tof_mm"": null, ""end_tof_mm"": 1550.0, ""front_stop_limit_mm"": 240.0, ""lateral_deviation_m"": 0.04330978261053794, ""heading_error_deg"": -0.18000000000000682, ""timestamp"": 1790831565.0243752, ""type"": ""walk_end""}"
829,1790831565.0466309,chassis_wheel_stop,"{""timestamp"": 1790831565.0466309, ""type"": ""chassis_wheel_stop"", ""acknowledged"": true}"
830,1790831565.3508403,chassis_stationary,"{""timestamp"": 1790831565.3508403, ""type"": ""chassis_stationary"", ""yaw"": -90.25, ""position_m"": [3.266640515557654, 2.0051060915366103]}"
831,1790831565.350866,move,"{""timestamp"": 1790831565.350866, ""type"": ""move"", ""from"": [5, 5], ""to"": [5, 4], ""direction"": 3, ""backtrack"": false, ""odometry_delta_m"": [0.042981700844965776, -0.623975633652849], ""yaw"": -90.25}"
832,1790831565.3508933,odometry_mismatch,"{""timestamp"": 1790831565.3508933, ""type"": ""odometry_mismatch"", ""cell"": [5, 4], ""predicted_position_m"": [3.203867383605496, 2.5170223058639998], ""expected_position_m"": [3.0, 2.4], ""error_m"": 0.23506622506833688}"
833,1790831565.3626554,face_zero_start,"{""timestamp"": 1790831565.3626554, ""type"": ""face_zero_start"", ""after_moves"": 28, ""heading_before"": 3, ""cell"": [5, 4]}"
834,1790831565.3626719,chassis_turn,"{""timestamp"": 1790831565.3626719, ""type"": ""chassis_turn"", ""degrees"": -90.0, ""reason"": ""face_zero_reference""}"
835,1790831566.984332,chassis_turn,"{""timestamp"": 1790831566.984332, ""type"": ""chassis_turn"", ""degrees"": 90.0, ""reason"": ""face_zero_restore""}"
836,1790831568.6627376,chassis_wheel_stop,"{""timestamp"": 1790831568.6627376, ""type"": ""chassis_wheel_stop"", ""acknowledged"": true}"
837,1790831568.9679794,chassis_stationary,"{""timestamp"": 1790831568.9679794, ""type"": ""chassis_stationary"", ""yaw"": -90.53, ""position_m"": [3.2647821894937104, 1.9940588735954246]}"
838,1790831568.9679928,face_zero,"{""timestamp"": 1790831568.9679928, ""type"": ""face_zero"", ""after_moves"": 28, ""cell"": [5, 4], ""heading"": 3, ""yaw_deg"": -90.53, ""tolerance_deg"": 5}"
839,1790831569.0081716,robot_mode,"{""timestamp"": 1790831569.0081716, ""type"": ""robot_mode"", ""phase"": ""before_gimbal_scan"", ""mode"": ""free""}"
840,1790831569.0390713,scan_mode,"{""timestamp"": 1790831569.0390713, ""type"": ""scan_mode"", ""mode"": ""gimbal""}"
841,1790831569.0391002,gimbal,"{""timestamp"": 1790831569.0391002, ""type"": ""gimbal"", ""phase"": ""move"", ""target_yaw"": -90, ""target_pitch"": 0, ""actual_yaw"": -0.1, ""actual_pitch"": 0.6, ""ground_yaw"": -5.1, ""ground_pitch"": 0.0, ""delta_yaw"": -90, ""delta_pitch"": 0}"
842,1790831569.621032,hardware_action,"{""timestamp"": 1790831569.621032, ""type"": ""hardware_action"", ""name"": ""Gimbal move action"", ""state"": ""action_succeeded"", ""completed"": true, ""succeeded"": true, ""elapsed_sec"": 0.5816796939980122}"
843,1790831569.8712144,gimbal,"{""timestamp"": 1790831569.8712144, ""type"": ""gimbal"", ""phase"": ""move_completed"", ""target_yaw"": -90, ""target_pitch"": 0, ""actual_yaw"": -91.1, ""actual_pitch"": -1.0, ""ground_yaw"": -94.9, ""ground_pitch"": 0.0}"
844,1790831570.0435848,tof_sample,"{""timestamp"": 1790831570.0435848, ""type"": ""tof_sample"", ""gimbal_yaw"": -90, ""range_m"": 0.199, ""accepted"": 3, ""capped_far_samples"": 0}"
845,1790831577.0815766,sign_inspection,"{""timestamp"": 1790831577.0815766, ""type"": ""sign_inspection"", ""cell"": [5, 4], ""direction"": ""S"", ""camera_yaws"": [-90.0, -108.0, -72.0], ""frames"": 156, ""detected_frames"": 0}"
846,1790831577.0815926,target_scan_complete,"{""timestamp"": 1790831577.0815926, ""type"": ""target_scan_complete"", ""cell"": [5, 4], ""direction"": ""S"", ""targets"": []}"
847,1790831577.4293227,gimbal,"{""timestamp"": 1790831577.4293227, ""type"": ""gimbal"", ""phase"": ""move"", ""target_yaw"": 90, ""target_pitch"": 0, ""actual_yaw"": -88.4, ""actual_pitch"": -1.9, ""ground_yaw"": -93.4, ""ground_pitch"": -1.4, ""delta_yaw"": 180, ""delta_pitch"": 0}"
848,1790831578.5297801,hardware_action,"{""timestamp"": 1790831578.5297801, ""type"": ""hardware_action"", ""name"": ""Gimbal move action"", ""state"": ""action_succeeded"", ""completed"": true, ""succeeded"": true, ""elapsed_sec"": 1.1002195099936216}"
849,1790831578.7800016,gimbal,"{""timestamp"": 1790831578.7800016, ""type"": ""gimbal"", ""phase"": ""move_completed"", ""target_yaw"": 90, ""target_pitch"": 0, ""actual_yaw"": 89.1, ""actual_pitch"": -0.6, ""ground_yaw"": 85.2, ""ground_pitch"": 0.0}"
850,1790831578.963804,tof_sample,"{""timestamp"": 1790831578.963804, ""type"": ""tof_sample"", ""gimbal_yaw"": 90, ""range_m"": 0.205, ""accepted"": 3, ""capped_far_samples"": 0}"
851,1790831585.9777346,sign_inspection,"{""timestamp"": 1790831585.9777346, ""type"": ""sign_inspection"", ""cell"": [5, 4], ""direction"": ""N"", ""camera_yaws"": [90.0, 72.0, 108.0], ""frames"": 164, ""detected_frames"": 0}"
852,1790831585.9777443,target_scan_complete,"{""timestamp"": 1790831585.9777443, ""type"": ""target_scan_complete"", ""cell"": [5, 4], ""direction"": ""N"", ""targets"": []}"
853,1790831586.3265824,gimbal,"{""timestamp"": 1790831586.3265824, ""type"": ""gimbal"", ""phase"": ""move"", ""target_yaw"": 0, ""target_pitch"": 0, ""actual_yaw"": 92.6, ""actual_pitch"": -4.9, ""ground_yaw"": 88.4, ""ground_pitch"": -4.4, ""delta_yaw"": -90, ""delta_pitch"": 0}"
854,1790831586.9282103,hardware_action,"{""timestamp"": 1790831586.9282103, ""type"": ""hardware_action"", ""name"": ""Gimbal move action"", ""state"": ""action_succeeded"", ""completed"": true, ""succeeded"": true, ""elapsed_sec"": 0.6012137779980549}"
855,1790831587.178338,gimbal,"{""timestamp"": 1790831587.178338, ""type"": ""gimbal"", ""phase"": ""move_completed"", ""target_yaw"": 0, ""target_pitch"": 0, ""actual_yaw"": 0.2, ""actual_pitch"": 0.8, ""ground_yaw"": -5.0, ""ground_pitch"": 0.0}"
856,1790831587.3406916,tof_sample,"{""timestamp"": 1790831587.3406916, ""type"": ""tof_sample"", ""gimbal_yaw"": 0, ""range_m"": 1.535, ""accepted"": 3, ""capped_far_samples"": 0}"
857,1790831587.3408208,scan,"{""timestamp"": 1790831587.3408208, ""type"": ""scan"", ""cell"": [5, 4], ""pose"": [3.203867383605496, 2.5170223058639998, -90.56], ""ranges_m"": {""2"": 0.199, ""0"": 0.205, ""3"": 1.535}, ""scan_headings"": {""2"": 3, ""0"": 3, ""3"": 3}}"
858,1790831587.3536024,frontier_plan,"{""timestamp"": 1790831587.3536024, ""type"": ""frontier_plan"", ""frontier"": [5, 3], ""route"": [[5, 4], [5, 3]]}"
859,1790831587.3536057,motion_start,"{""timestamp"": 1790831587.3536057, ""type"": ""motion_start"", ""step"": 29, ""from"": [5, 4], ""to"": [5, 3], ""direction"": 3, ""backtrack"": false}"
860,1790831587.367324,hardware_action,"{""timestamp"": 1790831587.367324, ""type"": ""hardware_action"", ""name"": ""Gimbal front position hold"", ""state"": ""action_succeeded"", ""completed"": true, ""succeeded"": true, ""elapsed_sec"": 0.01349530799780041}"
861,1790831587.3673384,gimbal,"{""timestamp"": 1790831587.3673384, ""type"": ""gimbal"", ""phase"": ""front_position_hold"", ""target_yaw"": 0, ""target_pitch"": 0, ""actual_yaw"": 0.1, ""actual_pitch"": 0.8, ""ground_yaw"": -5.0, ""ground_pitch"": 0.0}"
862,1790831587.426098,robot_mode,"{""timestamp"": 1790831587.426098, ""type"": ""robot_mode"", ""phase"": ""before_motion"", ""mode"": ""chassis_lead""}"
863,1790831587.589988,gimbal,"{""timestamp"": 1790831587.589988, ""type"": ""gimbal"", ""phase"": ""move_completed"", ""target_yaw"": 0, ""target_pitch"": 0, ""actual_yaw"": 0.2, ""actual_pitch"": 0.8, ""ground_yaw"": -5.0, ""ground_pitch"": 0.0}"
864,1790831587.8432071,tof_sample,"{""timestamp"": 1790831587.8432071, ""type"": ""tof_sample"", ""gimbal_yaw"": 0, ""range_m"": 1.536, ""accepted"": 3, ""capped_far_samples"": 0}"
865,1790831587.8432193,walk_start,"{""timestamp"": 1790831587.8432193, ""type"": ""walk_start"", ""direction"": 3, ""cell_size_m"": 0.6}"
866,1790831590.1003942,walk_end,"{""completed"": true, ""reason"": ""distance_reached"", ""distance_m"": 0.6032593741008327, ""false_obstacle_count"": 0, ""stop_tof_mm"": null, ""end_tof_mm"": 836.0, ""front_stop_limit_mm"": 240.0, ""lateral_deviation_m"": -0.005453628101718381, ""heading_error_deg"": -0.2300000000000182, ""timestamp"": 1790831590.1003942, ""type"": ""walk_end""}"
867,1790831590.1294498,chassis_wheel_stop,"{""timestamp"": 1790831590.1294498, ""type"": ""chassis_wheel_stop"", ""acknowledged"": true}"
868,1790831590.4339495,chassis_stationary,"{""timestamp"": 1790831590.4339495, ""type"": ""chassis_stationary"", ""yaw"": -90.27, ""position_m"": [3.2562366036103896, 1.3668293618838736]}"
869,1790831590.433968,move,"{""timestamp"": 1790831590.433968, ""type"": ""move"", ""from"": [5, 4], ""to"": [5, 3], ""direction"": 3, ""backtrack"": false, ""odometry_delta_m"": [-0.006268062340642366, -0.629626131521313], ""yaw"": -90.27}"
870,1790831590.4339879,odometry_mismatch,"{""timestamp"": 1790831590.4339879, ""type"": ""odometry_mismatch"", ""cell"": [5, 3], ""predicted_position_m"": [3.1975993212648537, 1.8873961743426868], ""expected_position_m"": [3.0, 1.7999999999999998], ""error_m"": 0.2160638402279942}"
871,1790831590.4902408,robot_mode,"{""timestamp"": 1790831590.4902408, ""type"": ""robot_mode"", ""phase"": ""before_gimbal_scan"", ""mode"": ""free""}"
872,1790831590.5004191,scan_mode,"{""timestamp"": 1790831590.5004191, ""type"": ""scan_mode"", ""mode"": ""gimbal""}"
873,1790831590.5004563,gimbal,"{""timestamp"": 1790831590.5004563, ""type"": ""gimbal"", ""phase"": ""move"", ""target_yaw"": -90, ""target_pitch"": 0, ""actual_yaw"": 0.2, ""actual_pitch"": 0.7, ""ground_yaw"": -4.6, ""ground_pitch"": 0.0, ""delta_yaw"": -90, ""delta_pitch"": 0}"
874,1790831591.037813,hardware_action,"{""timestamp"": 1790831591.037813, ""type"": ""hardware_action"", ""name"": ""Gimbal move action"", ""state"": ""action_succeeded"", ""completed"": true, ""succeeded"": true, ""elapsed_sec"": 0.5370474279989139}"
875,1790831591.2880113,gimbal,"{""timestamp"": 1790831591.2880113, ""type"": ""gimbal"", ""phase"": ""move_completed"", ""target_yaw"": -90, ""target_pitch"": 0, ""actual_yaw"": -90.6, ""actual_pitch"": -0.9, ""ground_yaw"": -94.4, ""ground_pitch"": 0.0}"
876,1790831591.4506228,tof_sample,"{""timestamp"": 1790831591.4506228, ""type"": ""tof_sample"", ""gimbal_yaw"": -90, ""range_m"": 1.636, ""accepted"": 3, ""capped_far_samples"": 0}"
877,1790831591.4507155,gimbal,"{""timestamp"": 1790831591.4507155, ""type"": ""gimbal"", ""phase"": ""move"", ""target_yaw"": 90, ""target_pitch"": 0, ""actual_yaw"": -90.6, ""actual_pitch"": -0.9, ""ground_yaw"": -94.4, ""ground_pitch"": 0.0, ""delta_yaw"": 180.0, ""delta_pitch"": 0}"
878,1790831592.5344837,hardware_action,"{""timestamp"": 1790831592.5344837, ""type"": ""hardware_action"", ""name"": ""Gimbal move action"", ""state"": ""action_succeeded"", ""completed"": true, ""succeeded"": true, ""elapsed_sec"": 1.0833374010035186}"
879,1790831592.7846754,gimbal,"{""timestamp"": 1790831592.7846754, ""type"": ""gimbal"", ""phase"": ""move_completed"", ""target_yaw"": 90, ""target_pitch"": 0, ""actual_yaw"": 88.3, ""actual_pitch"": -0.6, ""ground_yaw"": 85.2, ""ground_pitch"": 0.0}"
880,1790831592.9068086,tof_sample,"{""timestamp"": 1790831592.9068086, ""type"": ""tof_sample"", ""gimbal_yaw"": 90, ""range_m"": 0.216, ""accepted"": 3, ""capped_far_samples"": 0}"
881,1790831599.9824069,sign_inspection,"{""timestamp"": 1790831599.9824069, ""type"": ""sign_inspection"", ""cell"": [5, 3], ""direction"": ""N"", ""camera_yaws"": [90.0, 72.0, 108.0], ""frames"": 154, ""detected_frames"": 0}"
882,1790831599.982416,target_scan_complete,"{""timestamp"": 1790831599.982416, ""type"": ""target_scan_complete"", ""cell"": [5, 3], ""direction"": ""N"", ""targets"": []}"
883,1790831600.3332493,gimbal,"{""timestamp"": 1790831600.3332493, ""type"": ""gimbal"", ""phase"": ""move"", ""target_yaw"": 0, ""target_pitch"": 0, ""actual_yaw"": 89.0, ""actual_pitch"": 0.0, ""ground_yaw"": 85.0, ""ground_pitch"": 0.1, ""delta_yaw"": -90, ""delta_pitch"": 0}"
884,1790831600.9300156,hardware_action,"{""timestamp"": 1790831600.9300156, ""type"": ""hardware_action"", ""name"": ""Gimbal move action"", ""state"": ""action_succeeded"", ""completed"": true, ""succeeded"": true, ""elapsed_sec"": 0.5965365040028701}"
885,1790831601.1801727,gimbal,"{""timestamp"": 1790831601.1801727, ""type"": ""gimbal"", ""phase"": ""move_completed"", ""target_yaw"": 0, ""target_pitch"": 0, ""actual_yaw"": 0.1, ""actual_pitch"": 0.9, ""ground_yaw"": -4.3, ""ground_pitch"": 0.0}"
886,1790831601.332618,tof_sample,"{""timestamp"": 1790831601.332618, ""type"": ""tof_sample"", ""gimbal_yaw"": 0, ""range_m"": 0.791, ""accepted"": 3, ""capped_far_samples"": 0}"
887,1790831601.332737,scan,"{""timestamp"": 1790831601.332737, ""type"": ""scan"", ""cell"": [5, 3], ""pose"": [3.1975993212648537, 1.8873961743426868, -90.3], ""ranges_m"": {""2"": 1.636, ""0"": 0.216, ""3"": 0.791}, ""scan_headings"": {""2"": 3, ""0"": 3, ""3"": 3}}"
888,1790831601.3449252,frontier_plan,"{""timestamp"": 1790831601.3449252, ""type"": ""frontier_plan"", ""frontier"": [4, 3], ""route"": [[5, 3], [4, 3]]}"
889,1790831601.3449285,motion_start,"{""timestamp"": 1790831601.3449285, ""type"": ""motion_start"", ""step"": 30, ""from"": [5, 3], ""to"": [4, 3], ""direction"": 2, ""backtrack"": false}"
890,1790831601.357154,hardware_action,"{""timestamp"": 1790831601.357154, ""type"": ""hardware_action"", ""name"": ""Gimbal front position hold"", ""state"": ""action_succeeded"", ""completed"": true, ""succeeded"": true, ""elapsed_sec"": 0.012006498000118881}"
891,1790831601.3571718,gimbal,"{""timestamp"": 1790831601.3571718, ""type"": ""gimbal"", ""phase"": ""front_position_hold"", ""target_yaw"": 0, ""target_pitch"": 0, ""actual_yaw"": 0.1, ""actual_pitch"": 0.9, ""ground_yaw"": -4.3, ""ground_pitch"": 0.0}"
892,1790831601.393277,robot_mode,"{""timestamp"": 1790831601.393277, ""type"": ""robot_mode"", ""phase"": ""before_motion"", ""mode"": ""chassis_lead""}"
893,1790831601.393281,chassis_turn,"{""timestamp"": 1790831601.393281, ""type"": ""chassis_turn"", ""degrees"": 90}"
894,1790831603.1422262,gimbal,"{""timestamp"": 1790831603.1422262, ""type"": ""gimbal"", ""phase"": ""move_completed"", ""target_yaw"": 0, ""target_pitch"": 0, ""actual_yaw"": 0.0, ""actual_pitch"": -0.6, ""ground_yaw"": -96.1, ""ground_pitch"": 0.0}"
895,1790831603.335178,tof_sample,"{""timestamp"": 1790831603.335178, ""type"": ""tof_sample"", ""gimbal_yaw"": 0, ""range_m"": 1.637, ""accepted"": 3, ""capped_far_samples"": 0}"
896,1790831603.335189,walk_start,"{""timestamp"": 1790831603.335189, ""type"": ""walk_start"", ""direction"": 2, ""cell_size_m"": 0.6}"
897,1790831605.4943058,walk_end,"{""completed"": true, ""reason"": ""distance_reached"", ""distance_m"": 0.60185946658242, ""false_obstacle_count"": 0, ""stop_tof_mm"": null, ""end_tof_mm"": 913.0, ""front_stop_limit_mm"": 240.0, ""lateral_deviation_m"": -0.0029461475056041424, ""heading_error_deg"": -0.22000000000002728, ""timestamp"": 1790831605.4943058, ""type"": ""walk_end""}"
898,1790831605.5576735,chassis_wheel_stop,"{""timestamp"": 1790831605.5576735, ""type"": ""chassis_wheel_stop"", ""acknowledged"": true}"
899,1790831605.8612182,chassis_stationary,"{""timestamp"": 1790831605.8612182, ""type"": ""chassis_stationary"", ""yaw"": 179.8, ""position_m"": [2.6280205277375996, 1.3693198266985653]}"
900,1790831605.8612428,move,"{""timestamp"": 1790831605.8612428, ""type"": ""move"", ""from"": [5, 3], ""to"": [4, 3], ""direction"": 2, ""backtrack"": false, ""odometry_delta_m"": [-0.6205891457921084, 0.00313166489609773], ""yaw"": 179.8}"
901,1790831605.8612728,odometry_mismatch,"{""timestamp"": 1790831605.8612728, ""type"": ""odometry_mismatch"", ""cell"": [4, 3], ""predicted_position_m"": [2.5770101754727452, 1.8905278392387845], ""expected_position_m"": [2.4, 1.7999999999999998], ""error_m"": 0.1988162264457691}"
902,1790831605.8742955,face_zero_start,"{""timestamp"": 1790831605.8742955, ""type"": ""face_zero_start"", ""after_moves"": 30, ""heading_before"": 2, ""cell"": [4, 3]}"
903,1790831605.8743117,chassis_turn,"{""timestamp"": 1790831605.8743117, ""type"": ""chassis_turn"", ""degrees"": 180.0, ""reason"": ""face_zero_reference""}"
904,1790831608.4479098,chassis_turn,"{""timestamp"": 1790831608.4479098, ""type"": ""chassis_turn"", ""degrees"": 180.0, ""reason"": ""face_zero_restore""}"
905,1790831611.078328,chassis_wheel_stop,"{""timestamp"": 1790831611.078328, ""type"": ""chassis_wheel_stop"", ""acknowledged"": true}"
906,1790831611.382636,chassis_stationary,"{""timestamp"": 1790831611.382636, ""type"": ""chassis_stationary"", ""yaw"": -178.6, ""position_m"": [2.6256803815308842, 1.3714048724369592]}"
907,1790831611.3826532,face_zero,"{""timestamp"": 1790831611.3826532, ""type"": ""face_zero"", ""after_moves"": 30, ""cell"": [4, 3], ""heading"": 2, ""yaw_deg"": -178.6, ""tolerance_deg"": 5}"
908,1790831611.4158587,robot_mode,"{""timestamp"": 1790831611.4158587, ""type"": ""robot_mode"", ""phase"": ""before_gimbal_scan"", ""mode"": ""free""}"
909,1790831611.4565914,scan_mode,"{""timestamp"": 1790831611.4565914, ""type"": ""scan_mode"", ""mode"": ""gimbal""}"
910,1790831611.4566357,gimbal,"{""timestamp"": 1790831611.4566357, ""type"": ""gimbal"", ""phase"": ""move"", ""target_yaw"": -90, ""target_pitch"": 0, ""actual_yaw"": 0.0, ""actual_pitch"": -0.3, ""ground_yaw"": -101.8, ""ground_pitch"": 0.0, ""delta_yaw"": -90, ""delta_pitch"": 0}"
911,1790831612.0404124,hardware_action,"{""timestamp"": 1790831612.0404124, ""type"": ""hardware_action"", ""name"": ""Gimbal move action"", ""state"": ""action_succeeded"", ""completed"": true, ""succeeded"": true, ""elapsed_sec"": 0.5834741569997277}"
912,1790831612.2905884,gimbal,"{""timestamp"": 1790831612.2905884, ""type"": ""gimbal"", ""phase"": ""move_completed"", ""target_yaw"": -90, ""target_pitch"": 0, ""actual_yaw"": -91.2, ""actual_pitch"": -1.4, ""ground_yaw"": 168.3, ""ground_pitch"": 0.0}"
913,1790831612.5146132,tof_sample,"{""timestamp"": 1790831612.5146132, ""type"": ""tof_sample"", ""gimbal_yaw"": -90, ""range_m"": 0.223, ""accepted"": 3, ""capped_far_samples"": 0}"
914,1790831619.584621,sign_inspection,"{""timestamp"": 1790831619.584621, ""type"": ""sign_inspection"", ""cell"": [4, 3], ""direction"": ""E"", ""camera_yaws"": [-90.0, -108.0, -72.0], ""frames"": 162, ""detected_frames"": 0}"
915,1790831619.5846307,target_scan_complete,"{""timestamp"": 1790831619.5846307, ""type"": ""target_scan_complete"", ""cell"": [4, 3], ""direction"": ""E"", ""targets"": []}"
916,1790831619.936333,gimbal,"{""timestamp"": 1790831619.936333, ""type"": ""gimbal"", ""phase"": ""move"", ""target_yaw"": 90, ""target_pitch"": 0, ""actual_yaw"": -87.5, ""actual_pitch"": -2.9, ""ground_yaw"": 170.5, ""ground_pitch"": -1.9, ""delta_yaw"": 180, ""delta_pitch"": 0}"
917,1790831621.0350554,hardware_action,"{""timestamp"": 1790831621.0350554, ""type"": ""hardware_action"", ""name"": ""Gimbal move action"", ""state"": ""action_succeeded"", ""completed"": true, ""succeeded"": true, ""elapsed_sec"": 1.0984879349998664}"
918,1790831621.2852335,gimbal,"{""timestamp"": 1790831621.2852335, ""type"": ""gimbal"", ""phase"": ""move_completed"", ""target_yaw"": 90, ""target_pitch"": 0, ""actual_yaw"": 89.0, ""actual_pitch"": -0.1, ""ground_yaw"": -11.3, ""ground_pitch"": 0.0}"
919,1790831621.4372025,tof_sample,"{""timestamp"": 1790831621.4372025, ""type"": ""tof_sample"", ""gimbal_yaw"": 90, ""range_m"": 2.295, ""accepted"": 3, ""capped_far_samples"": 0}"
920,1790831621.4372582,gimbal,"{""timestamp"": 1790831621.4372582, ""type"": ""gimbal"", ""phase"": ""move"", ""target_yaw"": 0, ""target_pitch"": 0, ""actual_yaw"": 89.1, ""actual_pitch"": -0.1, ""ground_yaw"": -11.3, ""ground_pitch"": 0.0, ""delta_yaw"": -90, ""delta_pitch"": 0}"
921,1790831622.0364435,hardware_action,"{""timestamp"": 1790831622.0364435, ""type"": ""hardware_action"", ""name"": ""Gimbal move action"", ""state"": ""action_succeeded"", ""completed"": true, ""succeeded"": true, ""elapsed_sec"": 0.5989412449998781}"
922,1790831622.2866566,gimbal,"{""timestamp"": 1790831622.2866566, ""type"": ""gimbal"", ""phase"": ""move_completed"", ""target_yaw"": 0, ""target_pitch"": 0, ""actual_yaw"": -0.6, ""actual_pitch"": -0.6, ""ground_yaw"": -101.1, ""ground_pitch"": 0.0}"
923,1790831622.4892924,tof_sample,"{""timestamp"": 1790831622.4892924, ""type"": ""tof_sample"", ""gimbal_yaw"": 0, ""range_m"": 0.884, ""accepted"": 3, ""capped_far_samples"": 0}"
924,1790831622.489421,scan,"{""timestamp"": 1790831622.489421, ""type"": ""scan"", ""cell"": [4, 3], ""pose"": [2.5770101754727452, 1.8905278392387845, -178.82999999999998], ""ranges_m"": {""1"": 0.223, ""3"": 2.295, ""2"": 0.884}, ""scan_headings"": {""1"": 2, ""3"": 2, ""2"": 2}}"
925,1790831622.5027611,frontier_plan,"{""timestamp"": 1790831622.5027611, ""type"": ""frontier_plan"", ""frontier"": [3, 3], ""route"": [[4, 3], [3, 3]]}"
926,1790831622.5027645,motion_start,"{""timestamp"": 1790831622.5027645, ""type"": ""motion_start"", ""step"": 31, ""from"": [4, 3], ""to"": [3, 3], ""direction"": 2, ""backtrack"": false}"
927,1790831622.5346253,hardware_action,"{""timestamp"": 1790831622.5346253, ""type"": ""hardware_action"", ""name"": ""Gimbal front position hold"", ""state"": ""action_succeeded"", ""completed"": true, ""succeeded"": true, ""elapsed_sec"": 0.03158274999441346}"
928,1790831622.5346406,gimbal,"{""timestamp"": 1790831622.5346406, ""type"": ""gimbal"", ""phase"": ""front_position_hold"", ""target_yaw"": 0, ""target_pitch"": 0, ""actual_yaw"": -0.6, ""actual_pitch"": -0.6, ""ground_yaw"": -101.1, ""ground_pitch"": 0.0}"
929,1790831622.5731413,robot_mode,"{""timestamp"": 1790831622.5731413, ""type"": ""robot_mode"", ""phase"": ""before_motion"", ""mode"": ""chassis_lead""}"
930,1790831623.1358364,gimbal,"{""timestamp"": 1790831623.1358364, ""type"": ""gimbal"", ""phase"": ""move_completed"", ""target_yaw"": 0, ""target_pitch"": 0, ""actual_yaw"": 0.0, ""actual_pitch"": -0.6, ""ground_yaw"": -100.8, ""ground_pitch"": 0.0}"
931,1790831623.287785,tof_sample,"{""timestamp"": 1790831623.287785, ""type"": ""tof_sample"", ""gimbal_yaw"": 0, ""range_m"": 0.886, ""accepted"": 3, ""capped_far_samples"": 0}"
932,1790831623.2877965,walk_start,"{""timestamp"": 1790831623.2877965, ""type"": ""walk_start"", ""direction"": 2, ""cell_size_m"": 0.6}"
933,1790831626.1968443,walk_end,"{""completed"": true, ""reason"": ""distance_reached"", ""distance_m"": 0.6073022708674234, ""false_obstacle_count"": 0, ""stop_tof_mm"": null, ""end_tof_mm"": 246.0, ""front_stop_limit_mm"": 240.0, ""lateral_deviation_m"": -0.005527693847460732, ""heading_error_deg"": -0.17000000000007276, ""timestamp"": 1790831626.1968443, ""type"": ""walk_end""}"
934,1790831626.2169886,chassis_wheel_stop,"{""timestamp"": 1790831626.2169886, ""type"": ""chassis_wheel_stop"", ""acknowledged"": true}"
935,1790831626.5210226,chassis_stationary,"{""timestamp"": 1790831626.5210226, ""type"": ""chassis_stationary"", ""yaw"": 179.82999999999998, ""position_m"": [2.0097774547597136, 1.3734874657016598]}"
936,1790831626.5210478,move,"{""timestamp"": 1790831626.5210478, ""type"": ""move"", ""from"": [4, 3], ""to"": [3, 3], ""direction"": 2, ""backtrack"": false, ""odometry_delta_m"": [-0.6181468698289456, 0.004750086386240637], ""yaw"": 179.82999999999998}"
937,1790831626.5210745,odometry_mismatch,"{""timestamp"": 1790831626.5210745, ""type"": ""odometry_mismatch"", ""cell"": [3, 3], ""predicted_position_m"": [1.9588633056437996, 1.8952779256250252], ""expected_position_m"": [1.7999999999999998, 1.7999999999999998], ""error_m"": 0.18524425224951843}"
938,1790831626.5758157,robot_mode,"{""timestamp"": 1790831626.5758157, ""type"": ""robot_mode"", ""phase"": ""before_gimbal_scan"", ""mode"": ""free""}"
939,1790831626.6477356,scan_mode,"{""timestamp"": 1790831626.6477356, ""type"": ""scan_mode"", ""mode"": ""gimbal""}"
940,1790831626.6477804,gimbal,"{""timestamp"": 1790831626.6477804, ""type"": ""gimbal"", ""phase"": ""move"", ""target_yaw"": -90, ""target_pitch"": 0, ""actual_yaw"": -0.2, ""actual_pitch"": -0.7, ""ground_yaw"": -101.9, ""ground_pitch"": 0.0, ""delta_yaw"": -90, ""delta_pitch"": 0}"
941,1790831627.2348325,hardware_action,"{""timestamp"": 1790831627.2348325, ""type"": ""hardware_action"", ""name"": ""Gimbal move action"", ""state"": ""action_succeeded"", ""completed"": true, ""succeeded"": true, ""elapsed_sec"": 0.5863948370024445}"
942,1790831627.4849997,gimbal,"{""timestamp"": 1790831627.4849997, ""type"": ""gimbal"", ""phase"": ""move_completed"", ""target_yaw"": -90, ""target_pitch"": 0, ""actual_yaw"": -91.2, ""actual_pitch"": -1.3, ""ground_yaw"": 168.2, ""ground_pitch"": 0.0}"
943,1790831627.6478522,tof_sample,"{""timestamp"": 1790831627.6478522, ""type"": ""tof_sample"", ""gimbal_yaw"": -90, ""range_m"": 1.621, ""accepted"": 3, ""capped_far_samples"": 0}"
944,1790831627.6479278,gimbal,"{""timestamp"": 1790831627.6479278, ""type"": ""gimbal"", ""phase"": ""move"", ""target_yaw"": 90, ""target_pitch"": 0, ""actual_yaw"": -91.2, ""actual_pitch"": -1.3, ""ground_yaw"": 168.2, ""ground_pitch"": 0.0, ""delta_yaw"": 180.0, ""delta_pitch"": 0}"
945,1790831628.734918,hardware_action,"{""timestamp"": 1790831628.734918, ""type"": ""hardware_action"", ""name"": ""Gimbal move action"", ""state"": ""action_succeeded"", ""completed"": true, ""succeeded"": true, ""elapsed_sec"": 1.0866673519994947}"
946,1790831628.9851482,gimbal,"{""timestamp"": 1790831628.9851482, ""type"": ""gimbal"", ""phase"": ""move_completed"", ""target_yaw"": 90, ""target_pitch"": 0, ""actual_yaw"": 87.8, ""actual_pitch"": -0.3, ""ground_yaw"": -11.9, ""ground_pitch"": 0.0}"
947,1790831629.159703,tof_sample,"{""timestamp"": 1790831629.159703, ""type"": ""tof_sample"", ""gimbal_yaw"": 90, ""range_m"": 0.199, ""accepted"": 3, ""capped_far_samples"": 0}"
948,1790831636.1904733,sign_inspection,"{""timestamp"": 1790831636.1904733, ""type"": ""sign_inspection"", ""cell"": [3, 3], ""direction"": ""W"", ""camera_yaws"": [90.0, 72.0, 108.0], ""frames"": 160, ""detected_frames"": 4}"
949,1790831636.1904976,target_scan_complete,"{""timestamp"": 1790831636.1904976, ""type"": ""target_scan_complete"", ""cell"": [3, 3], ""direction"": ""W"", ""targets"": []}"
950,1790831636.539907,gimbal,"{""timestamp"": 1790831636.539907, ""type"": ""gimbal"", ""phase"": ""move"", ""target_yaw"": 0, ""target_pitch"": 0, ""actual_yaw"": 91.5, ""actual_pitch"": -2.9, ""ground_yaw"": -8.4, ""ground_pitch"": -3.2, ""delta_yaw"": -90, ""delta_pitch"": 0}"
951,1790831637.134975,hardware_action,"{""timestamp"": 1790831637.134975, ""type"": ""hardware_action"", ""name"": ""Gimbal move action"", ""state"": ""action_succeeded"", ""completed"": true, ""succeeded"": true, ""elapsed_sec"": 0.5947800899957656}"
952,1790831637.3851383,gimbal,"{""timestamp"": 1790831637.3851383, ""type"": ""gimbal"", ""phase"": ""move_completed"", ""target_yaw"": 0, ""target_pitch"": 0, ""actual_yaw"": 0.2, ""actual_pitch"": -0.5, ""ground_yaw"": -100.7, ""ground_pitch"": 0.0}"
953,1790831637.5280473,tof_sample,"{""timestamp"": 1790831637.5280473, ""type"": ""tof_sample"", ""gimbal_yaw"": 0, ""range_m"": 0.232, ""accepted"": 3, ""capped_far_samples"": 0}"
954,1790831644.586287,sign_inspection,"{""timestamp"": 1790831644.586287, ""type"": ""sign_inspection"", ""cell"": [3, 3], ""direction"": ""S"", ""camera_yaws"": [0.0, -18.0, 18.0], ""frames"": 137, ""detected_frames"": 137}"
955,1790831644.5863156,target_scan_complete,"{""timestamp"": 1790831644.5863156, ""type"": ""target_scan_complete"", ""cell"": [3, 3], ""direction"": ""S"", ""targets"": [{""direction"": 2, ""color"": ""Blue"", ""shape"": ""Vertical_Rect"", ""yaw"": 29.33, ""pitch"": -28.93, ""tof_distance_mm"": 232.0}, {""direction"": 2, ""color"": ""Yellow"", ""shape"": ""Square"", ""yaw"": -17.56, ""pitch"": -25.74, ""tof_distance_mm"": 232.0}, {""direction"": 2, ""color"": ""Red"", ""shape"": ""Circle"", ""yaw"": 56.06, ""pitch"": -19.43, ""tof_distance_mm"": 232.0}]}"
956,1790831644.9369032,range_mismatch,"{""timestamp"": 1790831644.9369032, ""type"": ""range_mismatch"", ""direction"": ""W"", ""residual_m"": -0.15877792562502507}"
957,1790831644.936912,range_mismatch,"{""timestamp"": 1790831644.936912, ""type"": ""range_mismatch"", ""direction"": ""S"", ""residual_m"": -0.18936330564379952}"
958,1790831644.9369416,scan,"{""timestamp"": 1790831644.9369416, ""type"": ""scan"", ""cell"": [3, 3], ""pose"": [1.9588633056437996, 1.8952779256250252, 179.77999999999997], ""ranges_m"": {""1"": 1.621, ""3"": 0.199, ""2"": 0.232}, ""scan_headings"": {""1"": 2, ""3"": 2, ""2"": 2}}"
959,1790831644.9517565,frontier_plan,"{""timestamp"": 1790831644.9517565, ""type"": ""frontier_plan"", ""frontier"": [3, 4], ""route"": [[3, 3], [3, 4]]}"
960,1790831644.9517603,motion_start,"{""timestamp"": 1790831644.9517603, ""type"": ""motion_start"", ""step"": 32, ""from"": [3, 3], ""to"": [3, 4], ""direction"": 1, ""backtrack"": false}"
961,1790831645.0347655,hardware_action,"{""timestamp"": 1790831645.0347655, ""type"": ""hardware_action"", ""name"": ""Gimbal front position hold"", ""state"": ""action_succeeded"", ""completed"": true, ""succeeded"": true, ""elapsed_sec"": 0.08271124799648533}"
962,1790831645.0347905,gimbal,"{""timestamp"": 1790831645.0347905, ""type"": ""gimbal"", ""phase"": ""front_position_hold"", ""target_yaw"": 0, ""target_pitch"": 0, ""actual_yaw"": 0.0, ""actual_pitch"": 0.0, ""ground_yaw"": -100.7, ""ground_pitch"": -0.1}"
963,1790831645.0750778,robot_mode,"{""timestamp"": 1790831645.0750778, ""type"": ""robot_mode"", ""phase"": ""before_motion"", ""mode"": ""chassis_lead""}"
964,1790831645.0750816,chassis_turn,"{""timestamp"": 1790831645.0750816, ""type"": ""chassis_turn"", ""degrees"": 90}"
965,1790831646.9072196,gimbal,"{""timestamp"": 1790831646.9072196, ""type"": ""gimbal"", ""phase"": ""move_completed"", ""target_yaw"": 0, ""target_pitch"": 0, ""actual_yaw"": 0.0, ""actual_pitch"": -1.2, ""ground_yaw"": 167.2, ""ground_pitch"": 0.0}"
966,1790831647.0598142,tof_sample,"{""timestamp"": 1790831647.0598142, ""type"": ""tof_sample"", ""gimbal_yaw"": 0, ""range_m"": 1.599, ""accepted"": 3, ""capped_far_samples"": 0}"
967,1790831647.059835,walk_start,"{""timestamp"": 1790831647.059835, ""type"": ""walk_start"", ""direction"": 1, ""cell_size_m"": 0.6}"
968,1790831649.5717504,walk_end,"{""completed"": true, ""reason"": ""distance_reached"", ""distance_m"": 0.6182887459793749, ""false_obstacle_count"": 0, ""stop_tof_mm"": null, ""end_tof_mm"": 900.0, ""front_stop_limit_mm"": 240.0, ""lateral_deviation_m"": 0.030143110245164844, ""heading_error_deg"": -0.2799999999999727, ""timestamp"": 1790831649.5717504, ""type"": ""walk_end""}"
969,1790831649.5958836,chassis_wheel_stop,"{""timestamp"": 1790831649.5958836, ""type"": ""chassis_wheel_stop"", ""acknowledged"": true}"
970,1790831649.900519,chassis_stationary,"{""timestamp"": 1790831649.900519, ""type"": ""chassis_stationary"", ""yaw"": 89.74000000000001, ""position_m"": [1.9863788173914905, 1.980713170254185]}"
971,1790831649.9005406,move,"{""timestamp"": 1790831649.9005406, ""type"": ""move"", ""from"": [3, 3], ""to"": [3, 4], ""direction"": 1, ""backtrack"": false, ""odometry_delta_m"": [-0.02965050840594885, 0.613128984024788], ""yaw"": 89.74000000000001}"
972,1790831649.900563,odometry_mismatch,"{""timestamp"": 1790831649.900563, ""type"": ""odometry_mismatch"", ""cell"": [3, 4], ""predicted_position_m"": [1.9292127972378508, 2.508406909649813], ""expected_position_m"": [1.7999999999999998, 2.4], ""error_m"": 0.16866536404921065}"
973,1790831649.9143846,face_zero_start,"{""timestamp"": 1790831649.9143846, ""type"": ""face_zero_start"", ""after_moves"": 32, ""heading_before"": 1, ""cell"": [3, 4]}"
974,1790831649.9144,chassis_turn,"{""timestamp"": 1790831649.9144, ""type"": ""chassis_turn"", ""degrees"": 90.0, ""reason"": ""face_zero_reference""}"
975,1790831651.5280433,chassis_turn,"{""timestamp"": 1790831651.5280433, ""type"": ""chassis_turn"", ""degrees"": -90.0, ""reason"": ""face_zero_restore""}"
976,1790831653.1557858,chassis_wheel_stop,"{""timestamp"": 1790831653.1557858, ""type"": ""chassis_wheel_stop"", ""acknowledged"": true}"
977,1790831653.4593189,chassis_stationary,"{""timestamp"": 1790831653.4593189, ""type"": ""chassis_stationary"", ""yaw"": 89.72000000000003, ""position_m"": [1.9862548590807378, 1.9745584944432917]}"
978,1790831653.4593349,face_zero,"{""timestamp"": 1790831653.4593349, ""type"": ""face_zero"", ""after_moves"": 32, ""cell"": [3, 4], ""heading"": 1, ""yaw_deg"": 89.72000000000003, ""tolerance_deg"": 5}"
979,1790831653.4952917,robot_mode,"{""timestamp"": 1790831653.4952917, ""type"": ""robot_mode"", ""phase"": ""before_gimbal_scan"", ""mode"": ""free""}"
980,1790831653.525735,scan_mode,"{""timestamp"": 1790831653.525735, ""type"": ""scan_mode"", ""mode"": ""gimbal""}"
981,1790831653.525779,gimbal,"{""timestamp"": 1790831653.525779, ""type"": ""gimbal"", ""phase"": ""move"", ""target_yaw"": -90, ""target_pitch"": 0, ""actual_yaw"": 0.4, ""actual_pitch"": -1.8, ""ground_yaw"": 167.0, ""ground_pitch"": 0.0, ""delta_yaw"": -90, ""delta_pitch"": 0}"
982,1790831654.1373353,hardware_action,"{""timestamp"": 1790831654.1373353, ""type"": ""hardware_action"", ""name"": ""Gimbal move action"", ""state"": ""action_succeeded"", ""completed"": true, ""succeeded"": true, ""elapsed_sec"": 0.6112410100031411}"
983,1790831654.3879874,gimbal,"{""timestamp"": 1790831654.3879874, ""type"": ""gimbal"", ""phase"": ""move_completed"", ""target_yaw"": -90, ""target_pitch"": 0, ""actual_yaw"": -90.2, ""actual_pitch"": -0.1, ""ground_yaw"": 77.2, ""ground_pitch"": 0.0}"
984,1790831654.5811074,tof_sample,"{""timestamp"": 1790831654.5811074, ""type"": ""tof_sample"", ""gimbal_yaw"": -90, ""range_m"": 0.216, ""accepted"": 3, ""capped_far_samples"": 0}"
985,1790831661.6915278,sign_inspection,"{""timestamp"": 1790831661.6915278, ""type"": ""sign_inspection"", ""cell"": [3, 4], ""direction"": ""N"", ""camera_yaws"": [-90.0, -108.0, -72.0], ""frames"": 159, ""detected_frames"": 0}"
986,1790831661.6915393,target_scan_complete,"{""timestamp"": 1790831661.6915393, ""type"": ""target_scan_complete"", ""cell"": [3, 4], ""direction"": ""N"", ""targets"": []}"
987,1790831662.044305,gimbal,"{""timestamp"": 1790831662.044305, ""type"": ""gimbal"", ""phase"": ""move"", ""target_yaw"": 90, ""target_pitch"": 0, ""actual_yaw"": -86.4, ""actual_pitch"": -3.6, ""ground_yaw"": 79.4, ""ground_pitch"": -3.8, ""delta_yaw"": 180, ""delta_pitch"": 0}"
988,1790831663.136603,hardware_action,"{""timestamp"": 1790831663.136603, ""type"": ""hardware_action"", ""name"": ""Gimbal move action"", ""state"": ""action_succeeded"", ""completed"": true, ""succeeded"": true, ""elapsed_sec"": 1.0920136570057366}"
989,1790831663.3867743,gimbal,"{""timestamp"": 1790831663.3867743, ""type"": ""gimbal"", ""phase"": ""move_completed"", ""target_yaw"": 90, ""target_pitch"": 0, ""actual_yaw"": 89.0, ""actual_pitch"": -1.6, ""ground_yaw"": -103.4, ""ground_pitch"": 0.0}"
990,1790831663.559249,tof_sample,"{""timestamp"": 1790831663.559249, ""type"": ""tof_sample"", ""gimbal_yaw"": 90, ""range_m"": 0.206, ""accepted"": 3, ""capped_far_samples"": 0}"
991,1790831670.5947697,sign_inspection,"{""timestamp"": 1790831670.5947697, ""type"": ""sign_inspection"", ""cell"": [3, 4], ""direction"": ""S"", ""camera_yaws"": [90.0, 72.0, 108.0], ""frames"": 151, ""detected_frames"": 0}"
992,1790831670.594783,target_scan_complete,"{""timestamp"": 1790831670.594783, ""type"": ""target_scan_complete"", ""cell"": [3, 4], ""direction"": ""S"", ""targets"": []}"
993,1790831670.9410686,gimbal,"{""timestamp"": 1790831670.9410686, ""type"": ""gimbal"", ""phase"": ""move"", ""target_yaw"": 0, ""target_pitch"": 0, ""actual_yaw"": 91.9, ""actual_pitch"": -4.8, ""ground_yaw"": -100.7, ""ground_pitch"": -3.5, ""delta_yaw"": -90, ""delta_pitch"": 0}"
994,1790831671.543867,hardware_action,"{""timestamp"": 1790831671.543867, ""type"": ""hardware_action"", ""name"": ""Gimbal move action"", ""state"": ""action_succeeded"", ""completed"": true, ""succeeded"": true, ""elapsed_sec"": 0.6017338120000204}"
995,1790831671.794084,gimbal,"{""timestamp"": 1790831671.794084, ""type"": ""gimbal"", ""phase"": ""move_completed"", ""target_yaw"": 0, ""target_pitch"": 0, ""actual_yaw"": 0.2, ""actual_pitch"": -1.3, ""ground_yaw"": 166.5, ""ground_pitch"": 0.0}"
996,1790831671.9275227,tof_sample,"{""timestamp"": 1790831671.9275227, ""type"": ""tof_sample"", ""gimbal_yaw"": 0, ""range_m"": 0.914, ""accepted"": 3, ""capped_far_samples"": 0}"
997,1790831671.9276667,range_mismatch,"{""timestamp"": 1790831671.9276667, ""type"": ""range_mismatch"", ""direction"": ""S"", ""residual_m"": -0.1857127972378507}"
998,1790831671.9276874,range_mismatch,"{""timestamp"": 1790831671.9276874, ""type"": ""range_mismatch"", ""direction"": ""E"", ""residual_m"": 0.15990690964981347}"
999,1790831671.9277384,scan,"{""timestamp"": 1790831671.9277384, ""type"": ""scan"", ""cell"": [3, 4], ""pose"": [1.9292127972378508, 2.508406909649813, 89.44999999999999], ""ranges_m"": {""0"": 0.216, ""2"": 0.206, ""1"": 0.914}, ""scan_headings"": {""0"": 1, ""2"": 1, ""1"": 1}}"
1000,1790831671.9494135,frontier_plan,"{""timestamp"": 1790831671.9494135, ""type"": ""frontier_plan"", ""frontier"": [4, 2], ""route"": [[3, 4], [3, 3], [4, 3], [4, 2]]}"
1001,1790831671.9494178,motion_start,"{""timestamp"": 1790831671.9494178, ""type"": ""motion_start"", ""step"": 33, ""from"": [3, 4], ""to"": [3, 3], ""direction"": 3, ""backtrack"": true}"
1002,1790831672.041939,hardware_action,"{""timestamp"": 1790831672.041939, ""type"": ""hardware_action"", ""name"": ""Gimbal front position hold"", ""state"": ""action_succeeded"", ""completed"": true, ""succeeded"": true, ""elapsed_sec"": 0.09223046600527596}"
1003,1790831672.0419593,gimbal,"{""timestamp"": 1790831672.0419593, ""type"": ""gimbal"", ""phase"": ""front_position_hold"", ""target_yaw"": 0, ""target_pitch"": 0, ""actual_yaw"": 0.1, ""actual_pitch"": -1.3, ""ground_yaw"": 166.3, ""ground_pitch"": 0.0}"
1004,1790831672.1034522,robot_mode,"{""timestamp"": 1790831672.1034522, ""type"": ""robot_mode"", ""phase"": ""before_motion"", ""mode"": ""chassis_lead""}"
1005,1790831672.1034544,chassis_turn,"{""timestamp"": 1790831672.1034544, ""type"": ""chassis_turn"", ""degrees"": 180}"
1006,1790831674.9452777,gimbal,"{""timestamp"": 1790831674.9452777, ""type"": ""gimbal"", ""phase"": ""move_completed"", ""target_yaw"": 0, ""target_pitch"": 0, ""actual_yaw"": 0.0, ""actual_pitch"": 0.7, ""ground_yaw"": -16.0, ""ground_pitch"": 0.0}"
1007,1790831675.0873904,tof_sample,"{""timestamp"": 1790831675.0873904, ""type"": ""tof_sample"", ""gimbal_yaw"": 0, ""range_m"": 0.851, ""accepted"": 3, ""capped_far_samples"": 0}"
1008,1790831675.08741,walk_start,"{""timestamp"": 1790831675.08741, ""type"": ""walk_start"", ""direction"": 3, ""cell_size_m"": 0.6}"
1009,1790831677.4629915,walk_end,"{""completed"": true, ""reason"": ""front_wall"", ""distance_m"": 0.5695017221872343, ""false_obstacle_count"": 0, ""stop_tof_mm"": 240.0, ""end_tof_mm"": 240.0, ""front_stop_limit_mm"": 240.0, ""lateral_deviation_m"": 0.014270715671404997, ""heading_error_deg"": -0.3199999999999932, ""timestamp"": 1790831677.4629915, ""type"": ""walk_end""}"
1010,1790831677.481773,chassis_wheel_stop,"{""timestamp"": 1790831677.481773, ""type"": ""chassis_wheel_stop"", ""acknowledged"": true}"
1011,1790831677.785006,chassis_stationary,"{""timestamp"": 1790831677.785006, ""type"": ""chassis_stationary"", ""yaw"": -90.23, ""position_m"": [2.0069849615868627, 1.3811433446113333]}"
1012,1790831677.7850394,move,"{""timestamp"": 1790831677.7850394, ""type"": ""move"", ""from"": [3, 4], ""to"": [3, 3], ""direction"": 3, ""backtrack"": true, ""odometry_delta_m"": [0.018185611370646892, -0.5860934789255685], ""yaw"": -90.23}"
1013,1790831677.785081,odometry_mismatch,"{""timestamp"": 1790831677.785081, ""type"": ""odometry_mismatch"", ""cell"": [3, 3], ""predicted_position_m"": [1.9473984086084977, 1.9223134307242447], ""expected_position_m"": [1.7999999999999998, 1.7999999999999998], ""error_m"": 0.19153815858948925}"
1014,1790831677.8057265,scan_skipped,"{""timestamp"": 1790831677.8057265, ""type"": ""scan_skipped"", ""cell"": [3, 3], ""reason"": ""previously_scanned""}"
1015,1790831677.8276205,frontier_plan,"{""timestamp"": 1790831677.8276205, ""type"": ""frontier_plan"", ""frontier"": [4, 2], ""route"": [[3, 3], [4, 3], [4, 2]]}"
1016,1790831677.8276265,motion_start,"{""timestamp"": 1790831677.8276265, ""type"": ""motion_start"", ""step"": 34, ""from"": [3, 3], ""to"": [4, 3], ""direction"": 0, ""backtrack"": true}"
1017,1790831677.8422856,hardware_action,"{""timestamp"": 1790831677.8422856, ""type"": ""hardware_action"", ""name"": ""Gimbal front position hold"", ""state"": ""action_succeeded"", ""completed"": true, ""succeeded"": true, ""elapsed_sec"": 0.014193344999512192}"
1018,1790831677.8423076,gimbal,"{""timestamp"": 1790831677.8423076, ""type"": ""gimbal"", ""phase"": ""front_position_hold"", ""target_yaw"": 0, ""target_pitch"": 0, ""actual_yaw"": 0.1, ""actual_pitch"": 0.5, ""ground_yaw"": -16.5, ""ground_pitch"": 0.0}"
1019,1790831677.8968053,robot_mode,"{""timestamp"": 1790831677.8968053, ""type"": ""robot_mode"", ""phase"": ""before_motion"", ""mode"": ""chassis_lead""}"
1020,1790831677.8968096,chassis_turn,"{""timestamp"": 1790831677.8968096, ""type"": ""chassis_turn"", ""degrees"": -90}"
1021,1790831680.2689805,gimbal,"{""timestamp"": 1790831680.2689805, ""type"": ""gimbal"", ""phase"": ""move_completed"", ""target_yaw"": 0, ""target_pitch"": 0, ""actual_yaw"": 0.0, ""actual_pitch"": -0.2, ""ground_yaw"": 75.4, ""ground_pitch"": 0.0}"
1022,1790831680.4106178,tof_sample,"{""timestamp"": 1790831680.4106178, ""type"": ""tof_sample"", ""gimbal_yaw"": 0, ""range_m"": 1.79, ""accepted"": 3, ""capped_far_samples"": 0}"
1023,1790831680.4106321,walk_start,"{""timestamp"": 1790831680.4106321, ""type"": ""walk_start"", ""direction"": 0, ""cell_size_m"": 0.6}"
1024,1790831682.5679998,walk_end,"{""completed"": true, ""reason"": ""distance_reached"", ""distance_m"": 0.6058548213856163, ""false_obstacle_count"": 0, ""stop_tof_mm"": null, ""end_tof_mm"": 967.0, ""front_stop_limit_mm"": 240.0, ""lateral_deviation_m"": -0.022926949291232512, ""heading_error_deg"": -0.25, ""timestamp"": 1790831682.5679998, ""type"": ""walk_end""}"
1025,1790831682.584143,chassis_wheel_stop,"{""timestamp"": 1790831682.584143, ""type"": ""chassis_wheel_stop"", ""acknowledged"": true}"
1026,1790831682.8880613,chassis_stationary,"{""timestamp"": 1790831682.8880613, ""type"": ""chassis_stationary"", ""yaw"": 0.06999999999999318, ""position_m"": [2.622538056499291, 1.3453429501479985]}"
1027,1790831682.8880937,move,"{""timestamp"": 1790831682.8880937, ""type"": ""move"", ""from"": [3, 3], ""to"": [4, 3], ""direction"": 0, ""backtrack"": true, ""odometry_delta_m"": [0.6177405871904353, -0.025135471700667544], ""yaw"": 0.06999999999999318}"
1028,1790831682.8881261,odometry_mismatch,"{""timestamp"": 1790831682.8881261, ""type"": ""odometry_mismatch"", ""cell"": [4, 3], ""predicted_position_m"": [2.5651389957989332, 1.897177959023577], ""expected_position_m"": [2.4, 1.7999999999999998], ""error_m"": 0.19161013452703432}"
1029,1790831682.907823,face_zero_start,"{""timestamp"": 1790831682.907823, ""type"": ""face_zero_start"", ""after_moves"": 34, ""heading_before"": 0, ""cell"": [4, 3]}"
1030,1790831683.185818,chassis_wheel_stop,"{""timestamp"": 1790831683.185818, ""type"": ""chassis_wheel_stop"", ""acknowledged"": true}"
1031,1790831683.491314,chassis_stationary,"{""timestamp"": 1790831683.491314, ""type"": ""chassis_stationary"", ""yaw"": 0.060000000000002274, ""position_m"": [2.6208773374038032, 1.3453535372098866]}"
1032,1790831683.491332,face_zero,"{""timestamp"": 1790831683.491332, ""type"": ""face_zero"", ""after_moves"": 34, ""cell"": [4, 3], ""heading"": 0, ""yaw_deg"": 0.060000000000002274, ""tolerance_deg"": 5}"
1033,1790831683.491338,scan_skipped,"{""timestamp"": 1790831683.491338, ""type"": ""scan_skipped"", ""cell"": [4, 3], ""reason"": ""previously_scanned""}"
1034,1790831683.5114176,frontier_plan,"{""timestamp"": 1790831683.5114176, ""type"": ""frontier_plan"", ""frontier"": [4, 2], ""route"": [[4, 3], [4, 2]]}"
1035,1790831683.511422,motion_start,"{""timestamp"": 1790831683.511422, ""type"": ""motion_start"", ""step"": 35, ""from"": [4, 3], ""to"": [4, 2], ""direction"": 3, ""backtrack"": false}"
1036,1790831683.5230114,hardware_action,"{""timestamp"": 1790831683.5230114, ""type"": ""hardware_action"", ""name"": ""Gimbal front position hold"", ""state"": ""action_succeeded"", ""completed"": true, ""succeeded"": true, ""elapsed_sec"": 0.011261435996857472}"
1037,1790831683.5230274,gimbal,"{""timestamp"": 1790831683.5230274, ""type"": ""gimbal"", ""phase"": ""front_position_hold"", ""target_yaw"": 0, ""target_pitch"": 0, ""actual_yaw"": 0.0, ""actual_pitch"": -0.1, ""ground_yaw"": 76.0, ""ground_pitch"": 0.0}"
1038,1790831683.579795,robot_mode,"{""timestamp"": 1790831683.579795, ""type"": ""robot_mode"", ""phase"": ""before_motion"", ""mode"": ""chassis_lead""}"
1039,1790831683.5798006,chassis_turn,"{""timestamp"": 1790831683.5798006, ""type"": ""chassis_turn"", ""degrees"": 90}"
1040,1790831685.3802104,gimbal,"{""timestamp"": 1790831685.3802104, ""type"": ""gimbal"", ""phase"": ""move_completed"", ""target_yaw"": 0, ""target_pitch"": 0, ""actual_yaw"": -0.2, ""actual_pitch"": 0.6, ""ground_yaw"": -15.8, ""ground_pitch"": 0.0}"
1041,1790831685.532622,tof_sample,"{""timestamp"": 1790831685.532622, ""type"": ""tof_sample"", ""gimbal_yaw"": 0, ""range_m"": 2.231, ""accepted"": 3, ""capped_far_samples"": 0}"
1042,1790831685.5326385,walk_start,"{""timestamp"": 1790831685.5326385, ""type"": ""walk_start"", ""direction"": 3, ""cell_size_m"": 0.6}"
1043,1790831686.8867528,walk_end,"{""completed"": false, ""reason"": ""interrupted"", ""distance_m"": 0.4959199078884783, ""false_obstacle_count"": 0, ""stop_tof_mm"": null, ""end_tof_mm"": 1677.0, ""front_stop_limit_mm"": 240.0, ""lateral_deviation_m"": -0.003800784114262909, ""heading_error_deg"": -0.2400000000000091, ""timestamp"": 1790831686.8867528, ""type"": ""walk_end""}"
1044,1790831686.8867693,finish,"{""timestamp"": 1790831686.8867693, ""type"": ""finish"", ""status"": ""failed"", ""error"": ""Cell motion failed: interrupted""}"
