timestamp,monotonic_time,frame_index,sharp_left_raw,sharp_left_mm,sharp_left_valid,sharp_right_raw,sharp_right_mm,sharp_right_valid,tof_raw,tof_filtered_mm,tof_valid,sharp_left_received_at,sharp_right_received_at,tof_received_at,position_received_at,attitude_received_at,gimbal_received_at,gimbal_yaw,gimbal_pitch,gimbal_yaw_ground,gimbal_pitch_ground,yaw,yaw_raw,pitch,roll,pos_x,pos_y,pos_z,pos_x_raw,pos_y_raw,vel_vx,vel_vy,wall_left,wall_right,wall_front,sharp_diff_mm,is_static,elapsed_sec
1790831882.710441,38807.280665753,1,234.0,154.22404787387973,True,248.0,142.15807869689456,True,3054.0,3054.0,True,38807.243844424,38807.243844424,38807.221012152,38807.243900491,38807.221393077,38807.260678485,0.0,0.9,74.9,0.0,0.0,88.75,-2.01,-0.94,0.0,0.0,0.0,0.0,0.0,0.0,-0.0,True,True,False,12.065969176985163,True,0.49330735206604004
1790831882.759349,38807.330762645,2,234.0,154.22404787387973,True,248.0,142.15807869689456,True,3069.0,3057.0,True,38807.301591537,38807.301591537,38807.322970921,38807.30164377,38807.281712642,38807.301691236,0.0,0.9,74.9,0.0,0.0,88.75,-2.0,-0.94,1.9777091691252573e-05,1.0433917971490315e-05,0.0,-1e-05,2e-05,-0.0,-0.0,True,True,False,12.065969176985163,True,0.5421652793884277
1790831882.8094554,38807.38089243,3,234.0,154.22404787387973,True,248.0,142.15807869689456,True,3069.0,3057.0,True,38807.343233432,38807.343233432,38807.322970921,38807.343266444,38807.341110996,38807.363642611,0.0,0.9,74.9,0.0,0.0,88.75,-2.0,-0.94,4.9333654802958624e-05,3.1083605064125336e-05,0.0,-3e-05,5e-05,-0.0,0.0,True,True,False,12.065969176985163,True,0.5922558307647705
1790831882.8595958,38807.431027483,4,234.0,154.22404787387973,True,248.0,142.15807869689456,True,3064.0,3059.8,True,38807.403801835,38807.403801835,38807.382735375,38807.403855715,38807.38310542,38807.42165887,0.0,0.9,74.9,0.0,-0.009999999999990905,88.74,-2.0,-0.94,4.9333654802958624e-05,3.1083605064125336e-05,0.0,-3e-05,5e-05,-0.0,0.0,True,True,False,12.065969176985163,True,0.6424009799957275
1790831882.9101064,38807.481505318,5,234.0,154.22404787387973,True,248.0,142.15807869689456,True,3070.0,3062.4800000000005,True,38807.442809761,38807.442809761,38807.441261646,38807.461551042,38807.441732899,38807.461978824,0.0,0.9,74.9,0.0,-0.009999999999990905,88.74,-2.01,-0.94,2.9120265411014827e-05,4.06449276342332e-05,0.0,-4e-05,3e-05,-0.0,0.0,True,True,False,12.065969176985163,True,0.6929168701171875
1790831882.9603796,38807.531821553,6,234.0,154.22404787387973,True,248.0,142.15807869689456,True,3062.0,3063.0880000000006,True,38807.505657696,38807.505657696,38807.481817951,38807.507649785,38807.482312469,38807.53136865,0.0,0.9,74.9,0.0,-0.009999999999990905,88.74,-2.01,-0.94,3.911788568181392e-05,4.0863076484578814e-05,0.0,-4e-05,4e-05,-0.0,-0.0,True,True,False,12.065969176985163,True,0.7431697845458984
1790831883.0107515,38807.58217413,7,234.0,154.22404787387973,True,248.0,142.15807869689456,True,3056.0,3063.4528000000005,True,38807.542508604,38807.542508604,38807.541074444,38807.563899662,38807.541857903,38807.563962225,0.0,0.9,74.9,0.0,-0.009999999999990905,88.74,-2.01,-0.94,8.688727168725422e-06,6.020387047514016e-05,0.0,-6e-05,1e-05,-0.0,-0.0,True,True,False,12.065969176985163,True,0.7935471534729004
1790831883.060826,38807.63226056,8,234.0,154.22404787387973,True,248.0,142.15807869689456,True,3072.0,,False,38807.604460871,38807.604460871,38807.583018899,38807.60479829,38807.604231851,38807.621611174,0.0,0.9,74.9,0.0,-0.009999999999990905,88.74,-2.0,-0.94,1.8686347439524515e-05,6.042201932548577e-05,0.0,-6e-05,2e-05,-0.0,-0.0,True,True,False,12.065969176985163,True,0.8436257839202881
1790831883.110979,38807.682383824,9,234.0,154.22404787387973,True,248.0,142.15807869689456,True,3050.0,3050.0,True,38807.662974613,38807.662974613,38807.641998972,38807.663072857,38807.64202784,38807.663135888,0.0,0.9,74.9,0.0,0.0,88.75,-2.0,-0.94,3.911788568181392e-05,4.0863076484578814e-05,0.0,-4e-05,4e-05,-0.0,0.0,True,True,False,12.065969176985163,True,0.8937840461730957
1790831883.1611512,38807.73254281,10,234.0,154.22404787387973,True,248.0,142.15807869689456,True,3065.0,3053.0,True,38807.705145893,38807.705145893,38807.683249948,38807.722891419,38807.703838345,38807.723107665,0.0,0.9,74.9,0.0,0.0,88.75,-2.01,-0.94,7.910836676501029e-05,4.173567188596126e-05,0.0,-4e-05,8e-05,-0.0,0.0,True,True,False,12.065969176985163,True,0.9439945220947266
1790831883.2147894,38807.7862293,11,234.0,154.22404787387973,True,248.0,142.15807869689456,True,3068.0,3057.8,True,38807.762588476,38807.762588476,38807.741990121,38807.763650192,38807.742022214,38807.723107665,0.0,0.9,74.9,0.0,0.0,88.75,-2.01,-0.94,5.9331275073757715e-05,3.130175391447094e-05,0.0,-3e-05,6e-05,-0.0,0.0,True,True,False,12.065969176985163,True,0.9975721836090088
1790831883.2649276,38807.836334638,12,234.0,154.22404787387973,True,248.0,142.15807869689456,True,3069.0,3061.28,True,38807.80667045,38807.80667045,38807.806588052,38807.824265646,38807.806620338,38807.824337973,0.0,0.9,74.9,0.0,0.0,88.75,-2.01,-0.94,5.8894977373066495e-05,5.1296994456069126e-05,0.0,-5e-05,6e-05,-0.0,-0.0,True,True,False,12.065969176985163,True,1.0477471351623535
1790831883.3150132,38807.886421236,13,234.0,154.22404787387973,True,248.0,142.15807869689456,True,3070.0,3063.968,True,38807.876544584,38807.876544584,38807.843221467,38807.876621226,38807.843522881,38807.824337973,0.0,0.9,74.9,0.0,-0.009999999999990905,88.74,-2.0,-0.94,8.888783818546378e-05,5.195144100710596e-05,0.0,-5e-05,9e-05,-0.0,0.0,True,True,False,12.065969176985163,True,1.0978164672851562
1790831883.365163,38807.936561703,14,234.0,154.22404787387973,True,248.0,142.15807869689456,True,3070.0,3065.9808000000003,True,38807.921970564,38807.921970564,38807.905225243,38807.922067082,38807.90526597,38807.888412731,0.0,0.8,74.9,0.0,-0.01999999999998181,88.73,-1.96,-0.94,0.0008091527953836895,4.766291769039181e-05,0.0,-3e-05,0.00081,-0.0,0.01,True,True,False,12.065969176985163,False,1.1479899883270264
1790831883.4152923,38807.986691493,15,234.0,154.22404787387973,True,248.0,142.15807869689456,True,3084.0,3067.5884800000003,True,38807.971913013,38807.971913013,38807.945318045,38807.983188406,38807.971820424,38807.983592259,0.3,0.6,74.9,0.0,-0.3100000000000023,88.44,-1.93,-0.93,0.006112908962465156,-6.666345785481315e-05,0.0,0.0002,0.00611,0.01,0.11,True,True,False,12.065969176985163,False,1.1981010437011719
1790831883.465425,38808.036799986,16,234.0,154.22404787387973,True,248.0,142.15807869689456,True,3047.0,3068.553088,True,38808.023664484,38808.023664484,38807.999396017,38808.023749184,38807.999414462,38807.983592259,0.3,0.6,74.9,0.0,-0.6700000000000159,88.08,-1.91,-0.91,0.019979427356058253,-0.0002142020634617545,0.0,0.00065,0.01997,0.02,0.25,True,True,False,12.065969176985163,False,1.2482874393463135
1790831883.5155227,38808.086923559,17,234.0,154.22404787387973,True,248.0,142.15807869689456,True,3028.0,3069.1318528,True,38808.081557176,38808.081557176,38808.06541601,38808.081611639,38808.065434292,38808.081934331,0.6,0.8,74.8,0.0,-0.7599999999999909,87.99,-1.93,-0.92,0.03723579346800327,-0.0003177810696139308,0.0,0.00113,0.03722,0.01,0.32,True,True,False,12.065969176985163,False,1.2983224391937256
1790831883.5781934,38808.149640977,18,234.0,154.22404787387973,True,248.0,142.15807869689456,True,3005.0,3060.27911168,True,38808.122638293,38808.122638293,38808.104162675,38808.122871527,38808.121489312,38808.132785309,0.0,0.9,74.5,0.0,-0.6599999999999966,88.09,-1.93,-0.88,0.05634044766378915,-0.0007811254981344787,0.0,0.00201,0.05631,0.02,0.38,True,True,False,12.065969176985163,False,1.3609745502471924
1790831883.6285553,38808.199920518,19,235.0,154.22404787387973,True,238.0,142.15807869689456,True,2974.0,3047.367467008,True,38808.181994283,38808.181994283,38808.163303967,38808.182054332,38808.163751292,38808.132785309,0.0,0.9,74.5,0.0,-0.5500000000000114,88.2,-1.97,-0.85,0.07507151860594469,-0.0015426905708213331,0.0,0.00318,0.07502,0.02,0.37,True,True,False,12.065969176985163,False,1.411376714706421
1790831883.6789644,38808.250411885,20,235.0,154.22404787387973,True,238.0,142.15807869689456,True,2936.0,3030.4204802048,True,38808.245019448,38808.245019448,38808.235802008,38808.247565261,38808.235825747,38808.247610681,0.0,1.0,74.5,0.0,-0.38999999999998636,88.36,-2.01,-0.91,0.09147201605390722,-0.0018449875429776157,0.0,0.00384,0.09141,0.02,0.33,True,True,False,12.065969176985163,False,1.4617586135864258
1790831883.7290974,38808.300514825,21,235.0,153.94379279653668,True,238.0,145.0314272972828,True,2920.0,3007.85228812288,True,38808.285783407,38808.285783407,38808.265304967,38808.247565261,38808.285711617,38808.247610681,0.0,1.0,74.5,0.0,-0.2599999999999909,88.49,-2.02,-0.83,0.09147201605390722,-0.0018449875429776157,0.0,0.00384,0.09141,0.01,0.25,True,True,False,8.912365499253895,False,1.5118944644927979
1790831883.7791765,38808.35060896,22,235.0,153.76181112791556,True,238.0,146.91845568634886,True,2890.0,2979.111372873728,True,38808.345381772,38808.345381772,38808.322125025,38808.345463344,38808.322164315,38808.303864908,-0.1,1.0,74.5,0.0,-0.21999999999999886,88.53,-1.98,-0.93,0.12274333782155489,-0.002022849580085956,0.0,0.0047,0.12267,0.01,0.19,True,True,False,6.8433554415667,False,1.5619795322418213
1790831883.830545,38808.401983116,23,235.0,153.64360083893484,True,238.0,148.1532002742406,True,2889.0,2955.4668237242367,True,38808.345381772,38808.345381772,38808.382810727,38808.345463344,38808.383372827,38808.364454236,-0.1,0.9,74.5,0.0,-0.18000000000000682,88.57,-1.95,-0.92,0.12274333782155489,-0.002022849580085956,0.0,0.0047,0.12267,0.0,0.18,True,True,False,5.490400564694255,False,1.61332106590271
1790831883.8807416,38808.45217854,24,235.0,153.5667970197481,True,238.0,148.95923867340724,True,2872.0,2929.280094234542,True,38808.404650789,38808.404650789,38808.4432835,38808.404693172,38808.444637957,38808.421867265,-0.2,0.8,74.7,0.0,-0.040000000000020464,88.71,-1.92,-1.02,0.13112134360848454,-0.0018400408434963334,0.0,0.0047,0.13105,0.02,0.19,True,True,False,4.607558346340852,False,1.6635520458221436
1790831883.9309325,38808.502394739,25,235.0,153.5168884242816,True,238.0,149.48462312406372,True,2855.0,2913.168056540725,True,38808.462485271,38808.462485271,38808.486861112,38808.462564998,38808.444637957,38808.464108388,-0.2,0.7,74.9,0.0,-0.040000000000020464,88.71,-1.92,-1.02,0.14113856004896963,-0.002061569136215536,0.0,0.00514,0.14106,0.01,0.25,True,True,False,4.032265300217887,False,1.7137019634246826
1790831883.9813302,38808.552761208,26,235.0,153.48445370448798,True,238.0,149.82673965202162,True,2833.0,2896.700833924435,True,38808.503344786,38808.503344786,38808.541057886,38808.521977175,38808.541563922,38808.523513653,0.0,0.9,74.9,0.0,0.06999999999999318,88.82,-1.95,-1.02,0.15383077574502196,-0.0020246811316261336,0.0,0.00538,0.15375,0.01,0.3,True,True,False,3.6577140524663605,False,1.764143466949463
1790831884.031408,38808.602841207,27,235.0,153.46337361553924,True,238.0,150.04937592349495,True,2801.0,2880.0205003546607,True,38808.572173543,38808.572173543,38808.582204965,38808.572203534,38808.541563922,38808.582125847,-0.1,0.7,74.9,0.0,0.06999999999999318,88.82,-1.95,-1.02,0.1682741020304166,-0.0020196004201218413,0.0,0.00569,0.16819,0.0,0.33,True,True,False,3.4139976920442905,False,1.8141863346099854
1790831884.0853014,38808.656773004,28,235.0,153.44967260506508,True,238.0,150.19419957315966,True,2764.0,2861.2123002127964,True,38808.605703485,38808.605703485,38808.642456397,38808.62183527,38808.605653162,38808.621899704,0.0,1.0,74.9,0.0,-0.030000000000001137,88.72,-1.93,-1.0,0.18421161763517238,-0.0017318568742957317,0.0,0.00575,0.18413,0.01,0.32,True,True,False,3.25547303190541,False,1.868074655532837
1790831884.1355593,38808.706933054,29,235.0,153.44076739075916,True,238.0,150.28838145137166,True,2742.0,2837.127380127678,True,38808.662229984,38808.662229984,38808.705123806,38808.662255692,38808.705461626,38808.682951837,0.2,1.0,74.9,0.0,-0.05000000000001137,88.7,-1.99,-0.97,0.19946387856710032,-0.0016691156248302488,0.0,0.00602,0.19938,0.01,0.29,True,True,False,3.1523859393875,False,1.918372392654419
1790831884.1856408,38808.757085974,30,235.0,153.4349791884174,True,238.0,150.3496193209649,True,2691.0,2807.8764280766068,True,38808.721697898,38808.721697898,38808.743894149,38808.72173152,38808.705461626,38808.743849464,0.1,0.9,74.9,0.0,-0.05000000000001137,88.7,-1.99,-0.97,0.2135974967729505,-0.0016807951479574706,0.0,0.00634,0.21351,0.01,0.26,True,True,False,3.085359867452496,False,1.9684371948242188
1790831884.236331,38808.807740052,31,235.0,153.43121693588466,True,238.0,150.38943223779967,True,2671.0,2781.525856845964,True,38808.761671013,38808.761671013,38808.797936084,38808.782098148,38808.797986614,38808.782497442,0.2,0.8,74.9,0.0,-0.13999999999998636,88.61,-1.85,-1.0,0.2260893237658862,-0.0016282748798333814,0.0,0.00656,0.226,0.01,0.21,True,True,False,3.041784698084996,False,2.0191493034362793
1790831884.286529,38808.857911367,32,235.0,153.42877150511146,True,238.0,150.41531414116793,True,2671.0,2781.525856845964,True,38808.824976573,38808.824976573,38808.797936084,38808.825010043,38808.797986614,38808.843389634,0.2,0.7,74.9,0.0,-0.13999999999998636,88.61,-1.85,-1.0,0.23660184009405397,-0.0016289457043485228,0.0,0.00679,0.23651,0.01,0.21,True,True,False,3.0134573639435303,False,2.069366455078125
1790831884.3392894,38808.910747198,33,235.0,153.42718198920898,True,238.0,150.4321388602446,True,2672.0,2745.3155141075786,True,38808.88334125,38808.88334125,38808.862271082,38808.883392877,38808.862894116,38808.910368694,0.2,0.6,74.9,0.0,-0.20999999999997954,88.54,-1.79,-1.04,0.2463328340771418,-0.0020267598583313335,0.0,0.0074,0.24623,0.01,0.21,True,True,False,2.995043128964369,False,2.122060537338257
1790831884.3895483,38808.960933096,34,235.0,153.4261488098296,True,238.0,150.44307555374183,True,2651.0,2715.9893084645473,True,38808.94248346,38808.94248346,38808.92205565,38808.943375628,38808.922067795,38808.910368694,0.2,0.6,74.9,0.0,-0.2599999999999909,88.49,-1.77,-0.98,0.26828310151964957,-0.0022579723198997963,0.0,0.00811,0.26817,0.01,0.23,True,True,False,2.9830732560877777,False,2.172532796859741
1790831884.4395852,38809.01103388,35,235.0,153.42547724575002,True,238.0,150.45018466904122,True,2631.0,2697.9935850787288,True,38809.006174509,38809.006174509,38808.985694608,38809.006798734,38808.985728917,38809.006832319,0.2,0.5,74.9,0.0,-0.2699999999999818,88.48,-1.77,-1.03,0.28118853947414385,-0.0023664674935151234,0.0,0.0085,0.28107,0.01,0.26,True,True,False,2.975292576708796,False,2.2223589420318604
1790831884.4907308,38809.062142759,36,235.0,153.4250407301617,True,238.0,150.45480570574813,True,2598.0,2679.1961510472374,True,38809.044208396,38809.044208396,38809.022727206,38809.044255981,38809.043487388,38809.006832319,0.2,0.5,74.9,0.0,-0.3499999999999943,88.4,-1.68,-0.99,0.2954065016191673,-0.002576354231255561,0.0,0.00902,0.29528,0.0,0.29,True,True,False,2.9702350244135687,False,2.273564100265503
1790831884.5407605,38809.112216755,37,235.0,153.42475699547862,True,238.0,150.45780942682717,True,2571.0,2659.917690628343,True,38809.106124796,38809.106124796,38809.084047646,38809.10693146,38809.084063342,38809.062439327,0.2,0.6,74.8,0.0,-0.37999999999999545,88.37,-1.63,-0.93,0.3096603466439625,-0.003055522269756538,0.0,0.00981,0.30952,0.01,0.3,True,True,False,2.966947568651449,False,2.3235340118408203
1790831884.5947776,38809.166234319,38,235.0,153.42457256812435,True,238.0,150.45976186547875,True,2541.0,2635.1506143770057,True,38809.106124796,38809.106124796,38809.131890948,38809.10693146,38809.136425887,38809.124056208,0.2,0.6,74.7,0.0,-0.36000000000001364,88.39,-1.6,-0.97,0.3096603466439625,-0.003055522269756538,0.0,0.00981,0.30952,0.01,0.29,True,True,False,2.964810702645593,False,2.3775503635406494
1790831884.6448834,38809.216315128,39,252.0,153.42445269042435,True,253.0,150.46103095903135,True,2531.0,2609.4903686262032,True,38809.204846804,38809.204846804,38809.182670952,38809.167240063,38809.203619534,38809.167259384,0.2,0.5,74.7,0.0,-0.3499999999999943,88.4,-1.59,-0.91,0.32321304935669976,-0.0034899750061569146,0.0,0.01054,0.32306,0.01,0.27,True,True,False,2.963421731392998,False,2.427708864212036
1790831884.694931,38809.266386132,40,252.0,153.4243747699532,True,253.0,150.46185587340176,True,2511.0,2582.094221175722,True,38809.261327214,38809.261327214,38809.252980597,38809.261581496,38809.252996435,38809.223355299,0.2,0.5,74.7,0.0,-0.3299999999999841,88.42,-1.59,-0.96,0.3473497787814527,-0.003993554867015607,0.0,0.01157,0.34718,0.01,0.25,True,True,False,2.962518896551444,False,2.477705955505371
1790831884.7450337,38809.316465419,41,252.0,148.72336195770862,True,253.0,146.06539129049452,True,2488.0,2561.656532705433,True,38809.261327214,38809.261327214,38809.304896263,38809.261581496,38809.306169839,38809.281334161,0.1,0.5,74.7,0.0,-0.37999999999999545,88.37,-1.54,-0.89,0.3473497787814527,-0.003993554867015607,0.0,0.01157,0.34718,0.01,0.25,True,True,False,2.6579706672141015,False,2.527841567993164
1790831884.7951224,38809.366551491,42,252.0,145.72091881184838,True,253.0,143.2512203372945,True,2463.0,2541.39391962326,True,38809.365470522,38809.365470522,38809.344035618,38809.321921734,38809.365375871,38809.342186013,0.2,0.5,74.7,0.0,-0.30000000000001137,88.45,-1.52,-0.9,0.35855431239680907,-0.004079149623564891,0.0,0.0119,0.35838,0.01,0.25,True,True,False,2.4696984745538657,False,2.5779147148132324
1790831884.8496594,38809.421109972,43,252.0,143.7918141814758,True,253.0,141.44040107606838,True,2463.0,2541.39391962326,True,38809.365470522,38809.365470522,38809.344035618,38809.383613287,38809.365375871,38809.383679871,0.1,0.4,74.7,0.0,-0.30000000000001137,88.45,-1.52,-0.9,0.36987445447840817,-0.003962174188494049,0.0,0.01203,0.3697,0.01,0.27,True,True,False,2.351413105407403,False,2.632444381713867
1790831884.899996,38809.471413891,44,252.0,142.5473954143332,True,253.0,140.2711391164259,True,2392.0,2520.036351773956,True,38809.441450434,38809.441450434,38809.463099844,38809.44224474,38809.422677538,38809.442751195,0.1,0.3,74.7,0.0,-0.3299999999999841,88.42,-1.53,-0.9,0.3816925514607392,-0.004204421409775833,0.0,0.01253,0.38151,0.02,0.28,True,True,False,2.2762562979073095,False,2.682806968688965
1790831884.9500484,38809.521485619,45,252.0,141.7425366456888,True,253.0,139.5144019043235,True,2392.0,2520.036351773956,True,38809.484187769,38809.484187769,38809.463099844,38809.484248359,38809.482767021,38809.507511927,0.0,0.3,74.7,0.0,-0.28000000000000114,88.47,-1.46,-0.9,0.4075234226102694,-0.004420975459305794,0.0,0.01331,0.40733,0.01,0.29,True,True,False,2.228134741365295,False,2.732835054397583
1790831885.0001662,38809.571572456,46,252.0,141.22107412024423,True,253.0,139.0239098100106,True,2359.0,2497.2218110643735,True,38809.541976791,38809.541976791,38809.564403959,38809.542030529,38809.522206945,38809.561759906,0.0,0.4,74.7,0.0,-0.29000000000002046,88.46,-1.45,-0.91,0.42084548838338215,-0.004370344077144617,0.0,0.01355,0.42065,0.02,0.29,True,True,False,2.1971643102336316,False,2.782965660095215
1790831885.051675,38809.623082045,47,252.0,140.88283990104384,True,253.0,138.7056759957336,True,2359.0,2497.2218110643735,True,38809.589900956,38809.589900956,38809.564403959,38809.606184179,38809.589853475,38809.606226314,0.1,0.4,74.7,0.0,-0.20999999999997954,88.54,-1.48,-0.9,0.43384068677146326,-0.004466878290836033,0.0,0.01393,0.43364,0.02,0.29,True,True,False,2.1771639053102376,False,2.834505558013916
1790831885.1053784,38809.676836541,48,252.0,140.66329034700163,True,253.0,138.49907162132217,True,2336.0,2455.1330866386243,True,38809.64251477,38809.64251477,38809.62344385,38809.643143445,38809.62345832,38809.606226314,0.1,0.4,74.7,0.0,-0.25,88.5,-1.49,-0.94,0.4466604718936822,-0.004317180528213347,0.0,0.01406,0.44646,0.01,0.29,True,True,False,2.1642187256794614,False,2.888153314590454
1790831885.1555574,38809.72694591,49,252.0,140.52071102273936,True,253.0,138.36488339101174,True,2270.0,2416.6798519831746,True,38809.683324493,38809.683324493,38809.7219054,38809.70504107,38809.68252255,38809.705910298,0.0,0.5,74.7,0.0,-0.20999999999997954,88.54,-1.52,-0.96,0.45930269948838054,-0.004281383267875673,0.0,0.0143,0.4591,0.01,0.29,True,True,False,2.155827631727618,False,2.938385248184204
1790831885.2055874,38809.77703254,50,252.0,140.42808849374683,True,253.0,138.27770524032655,True,2270.0,2416.6798519831746,True,38809.743829146,38809.743829146,38809.7219054,38809.743866983,38809.742244496,38809.764571856,0.0,0.5,74.7,0.0,-0.21999999999999886,88.53,-1.54,-1.0,0.47159108369429464,-0.00407326405242571,0.0,0.01436,0.47139,0.02,0.28,True,True,False,2.150383253420273,False,2.988367795944214
1790831885.255693,38809.827116484,51,252.0,140.36790667832798,True,253.0,138.2210581164657,True,2264.0,2384.4079111899046,True,38809.806797528,38809.806797528,38809.782323891,38809.807512524,38809.782342603,38809.821314526,0.1,0.5,74.7,0.0,-0.2400000000000091,88.51,-1.57,-0.95,0.48373041341839335,-0.004368516232121231,0.0,0.01492,0.48352,0.01,0.28,True,True,False,2.146848561862271,False,3.0385303497314453
1790831885.305767,38809.877197113,52,252.0,140.32879814331568,True,253.0,138.18424537575686,True,2231.0,2338.6447467139424,True,38809.861797513,38809.861797513,38809.845486501,38809.861839375,38809.845509323,38809.862298042,0.1,0.5,74.7,0.0,-0.2300000000000182,88.52,-1.57,-1.0,0.49593794406673974,-0.004122151726390839,0.0,0.01494,0.49573,0.01,0.28,True,True,False,2.144552767558821,False,3.08855938911438
1790831885.3566453,38809.928100738,53,252.0,140.30338167057454,True,253.0,138.1603204277369,True,2217.0,2308.7868480283655,True,38809.861797513,38809.861797513,38809.904116571,38809.861839375,38809.904166478,38809.862298042,0.1,0.5,74.7,0.0,-0.21999999999999886,88.53,-1.6,-1.04,0.49593794406673974,-0.004122151726390839,0.0,0.01494,0.49573,0.02,0.28,True,True,False,2.143061242837632,False,3.1394331455230713
1790831885.406768,38809.978208495,54,252.0,140.28686268498734,True,253.0,138.14477061990266,True,2184.0,2277.6721088170193,True,38809.962433114,38809.962433114,38809.942640667,38809.96248513,38809.961656552,38809.928475678,0.1,0.5,74.7,0.0,-0.25,88.5,-1.59,-0.96,0.520157235013018,-0.004283849158389252,0.0,0.01563,0.51994,0.01,0.29,True,True,False,2.1420920650846824,False,3.1895558834075928
1790831885.4568453,38810.028281328,55,252.0,140.2761260717716,True,253.0,138.13466383985042,True,2171.0,2253.4032652902115,True,38810.026925028,38810.026925028,38810.013282268,38810.026982369,38810.013300648,38809.984449478,0.0,0.6,74.7,0.0,-0.15000000000000568,88.6,-1.62,-1.06,0.5327740508727613,-0.004458656370289395,0.0,0.01608,0.53255,0.01,0.29,True,True,False,2.141462231921196,False,3.23964262008667
1790831885.5069327,38810.0783625,56,252.0,140.26914758051458,True,253.0,138.1280946842209,True,2147.0,2225.641959174127,True,38810.062976333,38810.062976333,38810.061956561,38810.026982369,38810.06285139,38810.041736972,0.1,0.5,74.7,0.0,-0.18999999999999773,88.56,-1.6,-1.02,0.5327740508727613,-0.004458656370289395,0.0,0.01608,0.53255,0.01,0.29,True,True,False,2.1410528962936723,False,3.2897236347198486
1790831885.557042,38810.128452,57,252.0,140.26461169104596,True,253.0,138.12382483928008,True,2131.0,2203.7851755044762,True,38810.123120212,38810.123120212,38810.105691952,38810.123165841,38810.123025598,38810.082092382,0.0,0.5,74.7,0.0,-0.18999999999999773,88.56,-1.59,-1.07,0.5576568560605233,-0.004315806841461477,0.0,0.01648,0.55743,0.01,0.29,True,True,False,2.1407868517658812,False,3.339858293533325
1790831885.6100762,38810.181526764,58,252.0,140.26166341775212,True,253.0,138.1210494849458,True,2084.0,2181.0711053026857,True,38810.123120212,38810.123120212,38810.162350111,38810.123165841,38810.162382104,38810.137719223,0.1,0.5,74.7,0.0,-0.2300000000000182,88.52,-1.62,-1.01,0.5576568560605233,-0.004315806841461477,0.0,0.01648,0.55743,0.01,0.29,True,True,False,2.140613932806332,False,3.3928489685058594
1790831885.6602342,38810.23163279,59,262.0,140.25974706328986,True,261.0,138.1192455235891,True,2084.0,2161.0426631816117,True,38810.22605042,38810.22605042,38810.20660922,38810.183259122,38810.224530515,38810.203906772,0.0,0.6,74.7,0.0,-0.18999999999999773,88.56,-1.65,-1.07,0.5701554084409747,-0.004113104120425053,0.0,0.01655,0.56993,0.01,0.29,True,True,False,2.1405015397007787,False,3.4430758953094482
1790831885.7102573,38810.281711407,60,262.0,140.25850144268247,True,261.0,138.11807295671815,True,2033.0,2130.225597908967,True,38810.22605042,38810.22605042,38810.270560707,38810.24491064,38810.270585012,38810.244957976,0.1,0.5,74.7,0.0,-0.21999999999999886,88.53,-1.59,-1.01,0.5831438814415403,-0.004359820787028804,0.0,0.01708,0.58291,0.01,0.29,True,True,False,2.1404284859643212,False,3.493034839630127
1790831885.7604706,38810.331858711,61,262.0,137.64716277481568,True,261.0,135.8858427664182,True,2008.0,2111.73535874538,True,38810.298597731,38810.298597731,38810.324336183,38810.298679144,38810.324362024,38810.305233879,0.0,0.6,74.7,0.0,-0.17000000000001592,88.58,-1.62,-1.02,0.5959019728781766,-0.004591559636648906,0.0,0.01759,0.59566,0.01,0.29,True,True,False,1.7613200083974903,False,3.543330669403076
1790831885.810577,38810.381987171,62,262.0,135.9682171545938,True,261.0,134.44728671219843,True,2008.0,2111.73535874538,True,38810.349996768,38810.349996768,38810.324336183,38810.350053152,38810.324362024,38810.364278012,0.0,0.5,74.7,0.0,-0.17000000000001592,88.58,-1.62,-1.02,0.6213599152206275,-0.005136327191157565,0.0,0.01869,0.6211,0.01,0.28,True,True,False,1.520930442395354,False,3.5933737754821777
1790831885.8640625,38810.435518661,63,262.0,134.88468685856873,True,261.0,133.51746156005885,True,1966.0,2080.241215247228,True,38810.40592529,38810.40592529,38810.422061493,38810.406028972,38810.385336659,38810.40623413,0.0,0.5,74.7,0.0,-0.18000000000000682,88.57,-1.6,-0.96,0.6336272506685935,-0.005338764853361403,0.0,0.01916,0.63336,0.01,0.28,True,True,False,1.3672252985098794,False,3.6468465328216553
1790831885.9141793,38810.485596879,64,262.0,134.1836810570353,True,261.0,132.91528754077922,True,1953.0,2051.3447291483367,True,38810.443641445,38810.443641445,38810.484866823,38810.462123708,38810.484914779,38810.46424117,0.0,0.5,74.7,0.0,-0.07999999999998408,88.67,-1.62,-0.99,0.6456040006821552,-0.005517535971412866,0.0,0.0196,0.64533,0.0,0.28,True,True,False,1.2683935162560829,False,3.6969757080078125
1790831885.964243,38810.535684735,65,262.0,133.72941684243654,True,261.0,132.5248091375082,True,1924.0,2017.206837489002,True,38810.507204318,38810.507204318,38810.523704654,38810.50728311,38810.484914779,38810.522809374,0.0,0.5,74.7,0.0,-0.07999999999998408,88.67,-1.62,-0.99,0.6578569383059982,-0.005060130695743964,0.0,0.01941,0.65759,0.01,0.29,True,True,False,1.2046077049283213,False,3.7470450401306152
1790831886.0143955,38810.585802755,66,262.0,133.4347321905255,True,261.0,132.27139309004474,True,1896.0,1991.5241024934012,True,38810.541962857,38810.541962857,38810.584903748,38810.562246055,38810.584931881,38810.562328219,0.1,0.5,74.7,0.0,-0.11000000000001364,88.64,-1.62,-0.94,0.6702887795773091,-0.005008919320721951,0.0,0.01963,0.67002,0.01,0.29,True,True,False,1.163339100480755,False,3.797210693359375
1790831886.0644808,38810.635898117,67,262.0,133.2434352112851,True,261.0,132.1068395106384,True,1896.0,1991.5241024934012,True,38810.610802543,38810.610802543,38810.584903748,38810.610837208,38810.584931881,38810.624447388,0.0,0.6,74.7,0.0,-0.11000000000001364,88.64,-1.62,-0.94,0.6828953424410861,-0.004713838379894536,0.0,0.01961,0.68263,0.01,0.29,True,True,False,1.1365957006466942,False,3.847295045852661
1790831886.121533,38810.692970468,68,262.0,133.1191969735808,True,261.0,131.99995017875972,True,1855.0,1964.514461496041,True,38810.662746883,38810.662746883,38810.681925601,38810.666780151,38810.644569299,38810.668980757,0.1,0.6,74.7,0.0,-0.19999999999998863,88.55,-1.66,-0.91,0.6953139510862161,-0.004972989530967985,0.0,0.02014,0.69504,0.01,0.29,True,True,False,1.1192467948210947,False,3.904306173324585
1790831886.1716373,38810.743068762,69,262.0,133.0384863965669,True,261.0,131.9305018970644,True,1855.0,1964.514461496041,True,38810.702731597,38810.702731597,38810.681925601,38810.702756622,38810.701302769,38810.72420358,0.1,0.6,74.7,0.0,-0.19999999999998863,88.55,-1.62,-0.94,0.7079479262514464,-0.005017391381647045,0.0,0.02046,0.70767,0.01,0.29,True,True,False,1.1079844995024928,False,3.9544613361358643
1790831886.2217336,38810.793176559,70,262.0,132.986043228749,True,261.0,131.88537309771328,True,1805.0,1937.1086768976245,True,38810.763962949,38810.763962949,38810.781961619,38810.764185366,38810.744609373,38810.764266289,0.2,0.6,74.7,0.0,-0.30000000000001137,88.45,-1.66,-0.91,0.7204582586698164,-0.005354560155233775,0.0,0.02107,0.72017,0.01,0.28,True,True,False,1.100670131035713,False,4.004523754119873
1790831886.2718296,38810.843263901,71,262.0,132.95196307347675,True,261.0,131.85604469476982,True,1805.0,1937.1086768976245,True,38810.822864058,38810.822864058,38810.781961619,38810.823795956,38810.803195155,38810.82388501,0.0,0.5,74.7,0.0,-0.18000000000000682,88.57,-1.63,-0.97,0.7326234364265709,-0.005459203103233078,0.0,0.02144,0.73233,0.01,0.28,True,True,False,1.0959183787069264,False,4.054653167724609
1790831886.321958,38810.893364133,72,262.0,132.9298143119093,True,261.0,131.8369834791348,True,1788.0,1904.2652061385747,True,38810.866646748,38810.866646748,38810.845232475,38810.866688102,38810.862585498,38810.88326018,0.1,0.5,74.7,0.0,-0.3100000000000023,88.44,-1.64,-0.97,0.7447101602631113,-0.005635574583930741,0.0,0.02188,0.74441,0.02,0.28,True,True,False,1.0928308327744958,False,4.104767560958862
1790831886.3753457,38810.946797825,73,262.0,132.91541902776976,True,261.0,131.8245946380245,True,1766.0,1864.559123683145,True,38810.922095908,38810.922095908,38810.902861116,38810.922821626,38810.902917713,38810.88326018,0.1,0.5,74.7,0.0,-0.21999999999999886,88.53,-1.64,-1.0,0.7572906569453821,-0.005521105254528744,0.0,0.02204,0.75699,0.02,0.28,True,True,False,1.0908243897452508,False,4.158146858215332
1790831886.4255629,38810.996947417,74,262.0,132.9060626891757,True,261.0,131.81654229227752,True,1740.0,1833.935474209887,True,38810.961778837,38810.961778837,38810.948190962,38810.982602779,38810.96117963,38810.982661438,0.2,0.5,74.7,0.0,-0.2699999999999818,88.48,-1.66,-1.02,0.7696412083614246,-0.0054116533486847015,0.0,0.0222,0.76934,0.01,0.29,True,True,False,1.0895203968981946,False,4.2083892822265625
1790831886.4756508,38811.047098691,75,262.0,132.8999813209403,True,261.0,131.81130843695377,True,1725.0,1806.7612845259323,True,38811.033826213,38811.033826213,38811.002808696,38811.033856498,38811.033765712,38811.045400534,0.0,0.6,74.7,0.0,-0.2699999999999818,88.48,-1.67,-0.98,0.7820691229534291,-0.005180484808788303,0.0,0.02224,0.78177,0.01,0.29,True,True,False,1.0886728839865327,False,4.258452892303467
1790831886.5257938,38811.097190762,76,262.0,132.8960285379942,True,261.0,131.80790650256984,True,1695.0,1780.0567707155594,True,38811.082897555,38811.082897555,38811.063713236,38811.082951573,38811.063737291,38811.045400534,0.0,0.6,74.7,0.0,-0.21999999999999886,88.53,-1.67,-1.08,0.7946683432099846,-0.005465702141367927,0.0,0.0228,0.79436,0.01,0.29,True,True,False,1.0881220354243624,False,4.308609485626221
1790831886.5759544,38811.147379873,77,262.0,132.89345927403616,True,261.0,131.8056952754614,True,1676.0,1758.0340624293356,True,38811.123468903,38811.123468903,38811.118187274,38811.135908949,38811.122891513,38811.138347317,0.0,0.6,74.7,0.0,-0.2599999999999909,88.49,-1.67,-1.04,0.8073103526558327,-0.005419907260759447,0.0,0.02303,0.807,0.0,0.29,True,True,False,1.0877639985747578,False,4.358780384063721
1790831886.632284,38811.203734499,78,258.0,132.8917892714578,True,241.0,131.80425799061777,True,1655.0,1732.8204374576012,True,38811.183334058,38811.183334058,38811.163717055,38811.183395929,38811.163749103,38811.138347317,0.0,0.6,74.7,0.0,-0.2599999999999909,88.49,-1.78,-1.05,0.8200119487524499,-0.0058129169278144065,0.0,0.0237,0.81969,0.0,0.29,True,True,False,1.0875312808400395,False,4.4150612354278564
1790831886.6824458,38811.253850909,79,258.0,132.89070377780695,True,241.0,131.8033237608676,True,1631.0,1710.0922624745608,True,38811.222221887,38811.222221887,38811.204837644,38811.222259913,38811.221612043,38811.241538558,0.0,0.7,74.7,0.0,-0.2400000000000091,88.51,-1.79,-1.02,0.8324265934914286,-0.00543200223270637,0.0,0.02359,0.83211,0.01,0.29,True,True,False,1.0873800169393348,False,4.46530818939209
1790831886.732717,38811.304168807,80,258.0,133.90458122950525,True,241.0,137.31745402871059,True,1580.0,1688.0553574847365,True,38811.287696348,38811.287696348,38811.304078811,38811.287739685,38811.259020089,38811.287771184,0.1,0.7,74.7,0.0,-0.20999999999997954,88.54,-1.84,-1.09,0.845165125985224,-0.005684172620568757,0.0,0.02412,0.84484,0.01,0.27,True,True,False,-3.4128727992053314,False,4.515494346618652
1790831886.7828536,38811.354260694,81,258.0,134.56654357225779,True,241.0,140.9790286258335,True,1580.0,1688.0553574847365,True,38811.322958429,38811.322958429,38811.304078811,38811.341497968,38811.322114588,38811.341544821,0.0,0.7,74.7,0.0,-0.20999999999997954,88.54,-1.81,-1.04,0.8571038116305105,-0.005493686235151691,0.0,0.02419,0.85678,0.01,0.27,True,True,False,-6.412485053575722,False,4.565721273422241
1790831886.8329072,38811.404340627,82,258.0,134.9980620896872,True,241.0,143.39174935644138,True,1562.0,1665.2332144908419,True,38811.390317857,38811.390317857,38811.371471228,38811.390642931,38811.371486231,38811.341544821,0.0,0.7,74.7,0.0,-0.18999999999999773,88.56,-1.83,-1.1,0.8688923520497299,-0.005756583143526114,0.0,0.02471,0.86856,0.0,0.27,True,True,False,-8.39368726675417,False,4.615690231323242
1790831886.8859081,38811.457348208,83,258.0,135.27907429125185,True,241.0,144.97383241628353,True,1519.0,1631.1399286945052,True,38811.456610631,38811.456610631,38811.424154514,38811.456658944,38811.442776484,38811.40593203,0.0,0.7,74.7,0.0,-0.21999999999999886,88.53,-1.86,-1.04,0.8933811052187741,-0.005432286634716493,0.0,0.02492,0.89305,0.0,0.28,True,True,False,-9.694758125031683,False,4.668729782104492
1790831886.9361057,38811.507525598,84,258.0,135.46195410458097,True,241.0,146.00802306732095,True,1496.0,1603.4839572167032,True,38811.504088358,38811.504088358,38811.482054633,38811.504169622,38811.482087565,38811.504229616,0.0,0.7,74.7,0.0,-0.17000000000001592,88.58,-1.9,-1.11,0.9059402977674013,-0.005258267881390395,0.0,0.02502,0.90561,0.0,0.28,True,True,False,-10.54606896273998,False,4.718910455703735
1790831886.9862685,38811.557722796,85,258.0,135.58091972852162,True,241.0,146.6827129802495,True,1469.0,1569.6903743300218,True,38811.545373901,38811.545373901,38811.522610614,38811.504169622,38811.545319235,38811.504229616,0.0,0.7,74.7,0.0,-0.18999999999999773,88.56,-1.86,-1.04,0.9059402977674013,-0.005258267881390395,0.0,0.02502,0.90561,0.0,0.28,True,True,False,-11.101793251727884,False,4.769071817398071
1790831887.0364065,38811.607829684,86,258.0,135.65828699146255,True,241.0,147.1223033043242,True,1448.0,1540.214224598013,True,38811.604484775,38811.604484775,38811.582166535,38811.604564357,38811.582191162,38811.565200765,0.0,0.8,74.7,0.0,-0.15000000000000568,88.6,-1.91,-0.98,0.9315444586566132,-0.005169694977233186,0.0,0.02549,0.93121,-0.0,0.28,True,True,False,-11.464016312861645,False,4.819195508956909
1790831887.0866914,38811.658087053,87,258.0,135.70859244649193,True,241.0,147.40847720955628,True,1428.0,1511.7285347588077,True,38811.604484775,38811.604484775,38811.642961362,38811.604564357,38811.643336779,38811.630827484,0.0,0.8,74.7,0.0,-0.12000000000000455,88.63,-1.91,-1.03,0.9315444586566132,-0.005169694977233186,0.0,0.02549,0.93121,0.01,0.27,True,True,False,-11.699884763064347,False,4.869541168212891
1790831887.144724,38811.716181712,88,258.0,135.7412980624258,True,241.0,147.59467623016877,True,1407.0,1486.2371208552845,True,38811.702650164,38811.702650164,38811.681462859,38811.665495178,38811.70160918,38811.667495119,0.0,0.8,74.7,0.0,-0.12000000000000455,88.63,-1.95,-1.0,0.9441666910107699,-0.0051343340145962035,0.0,0.02573,0.94383,-0.0,0.27,True,True,False,-11.85337816774296,False,4.927494049072266
1790831887.1957211,38811.767127954,89,258.0,135.76255969992752,True,241.0,147.71578417105115,True,1380.0,1462.9422725131708,True,38811.765418643,38811.765418643,38811.744588135,38811.723803779,38811.744612814,38811.725509151,0.0,0.9,74.7,0.0,-0.060000000000002274,88.69,-1.98,-1.05,0.9563275057905175,-0.005039024557179524,0.0,0.0259,0.95599,0.0,0.26,True,True,False,-11.953224471123633,False,4.978561878204346
1790831887.2457583,38811.817208786,90,258.0,135.77638102637218,True,241.0,147.79453753161192,True,1363.0,1440.5653635079025,True,38811.804789488,38811.804789488,38811.802202295,38811.768476108,38811.804065059,38811.78228926,0.0,0.9,74.7,0.0,-0.2300000000000182,88.52,-2.02,-0.95,0.9684339694919041,-0.004744853438598595,0.0,0.02587,0.9681,-0.0,0.27,True,True,False,-12.018156505239745,False,5.028534412384033
1790831887.2958765,38811.867299784,91,258.0,135.78536542178523,True,241.0,147.8457412425485,True,1341.0,1416.3392181047416,True,38811.865510853,38811.865510853,38811.843349583,38811.86704988,38811.865406803,38811.823228019,0.1,0.9,74.7,0.0,-0.12000000000000455,88.63,-2.03,-1.0,0.992776285965337,-0.005043899768184042,0.0,0.0267,0.99243,0.0,0.26,True,True,False,-12.060375820763284,False,5.078710079193115
1790831887.345987,38811.91740512,92,258.0,135.79120550409078,True,241.0,147.87902958088398,True,1319.0,1395.0035308628449,True,38811.865510853,38811.865510853,38811.906479601,38811.86704988,38811.906511164,38811.884332192,0.1,1.0,74.7,0.0,-0.25,88.5,-2.08,-0.94,0.992776285965337,-0.005043899768184042,0.0,0.0267,0.99243,-0.0,0.27,True,True,False,-12.087824076793197,False,5.128786087036133
1790831887.3960145,38811.967472554,93,258.0,135.79500165277324,True,241.0,147.90066950463284,True,1298.0,1373.4021185177069,True,38811.922534945,38811.922534945,38811.946168673,38811.924381985,38811.967440478,38811.924472501,0.1,0.9,74.7,0.0,-0.18999999999999773,88.56,-1.97,-0.99,1.005072741678714,-0.005205692502753646,0.0,0.02713,1.00472,0.0,0.27,True,True,False,-12.105667851859607,False,5.178805351257324
1790831887.4461262,38812.01756919,94,258.0,135.797469189632,True,241.0,147.91473651293802,True,1275.0,1351.641271110624,True,38811.969436621,38811.969436621,38812.00315297,38811.981539366,38812.00318025,38811.981944048,0.1,0.9,74.7,0.0,-0.25,88.5,-1.99,-0.94,1.0179184120604339,-0.005325494189741844,0.0,0.02753,1.01756,-0.0,0.27,True,True,False,-12.11726732330601,False,5.228918075561523
1790831887.496216,38812.067654957,95,258.0,135.7990731055811,True,241.0,147.92388051528587,True,1254.0,1330.1847626663744,True,38812.021825926,38812.021825926,38812.065339221,38812.021871062,38812.065366032,38812.055416993,0.1,0.9,74.7,0.0,-0.19999999999998863,88.55,-1.98,-1.0,1.0304715336680963,-0.005331650750140478,0.0,0.02781,1.03011,0.01,0.26,True,True,False,-12.124807409704772,False,5.279012441635132
1790831887.5463543,38812.11775722,96,258.0,135.80011565812669,True,241.0,147.92982430564814,True,1231.0,1308.1108575998246,True,38812.082493914,38812.082493914,38812.103879586,38812.082557582,38812.065366032,38812.08261311,0.2,0.9,74.7,0.0,-0.19999999999998863,88.55,-1.98,-1.0,1.0429187890540916,-0.0050700530517309925,0.0,0.02782,1.04256,-0.0,0.26,True,True,False,-12.129708647521454,False,5.329164981842041
1790831887.5964255,38812.167840165,97,258.0,135.80079332031426,True,241.0,147.93368784916686,True,1212.0,1286.4665145598947,True,38812.123595071,38812.123595071,38812.165565727,38812.142258427,38812.165604542,38812.142995756,0.1,0.9,74.7,0.0,-0.25,88.5,-2.0,-1.03,1.0550546283965847,-0.005205343307093727,0.0,0.02822,1.05469,0.01,0.24,True,True,False,-12.132894528852603,False,5.379253387451172
1790831887.6536996,38812.22514588,98,35.0,135.80123380201763,True,193.0,147.93619918616247,True,1212.0,1286.4665145598947,True,38812.182100194,38812.182100194,38812.165565727,38812.182239278,38812.165604542,38812.202585865,0.2,0.9,74.7,0.0,-0.25,88.5,-2.0,-1.03,1.0669366005530014,-0.005166130118840723,0.0,0.02844,1.06657,-0.0,0.22,True,True,False,-12.134965384144834,False,5.43647575378418
1790831887.7039347,38812.275373243,99,35.0,135.80152011566628,True,193.0,147.93783156945142,True,1175.0,1264.2799087359367,True,38812.242476579,38812.242476579,38812.267144369,38812.243790606,38812.226718636,38812.243841939,0.2,0.9,74.7,0.0,-0.28000000000000114,88.47,-2.0,-1.03,1.0775238622709273,-0.004925112866053922,0.0,0.02843,1.07716,0.0,0.19,True,True,False,-12.13631145378514,False,5.486751079559326
1790831887.754084,38812.325528935,100,35.0,201.62386751471888,True,193.0,162.4064030130084,True,1161.0,1243.367945241562,True,38812.28389481,38812.28389481,38812.321905418,38812.283938279,38812.321934392,38812.311474773,0.2,0.9,74.7,0.0,-0.28000000000000114,88.47,-2.03,-1.06,1.095454612840028,-0.004763917243612623,0.0,0.02866,1.09509,-0.0,0.17,True,True,False,39.21746450171048,False,5.5368688106536865
1790831887.80429,38812.375714059,101,35.0,253.56513573933267,True,193.0,172.2569072335897,True,1145.0,1216.020767144937,True,38812.344618098,38812.344618098,38812.364817943,38812.345405885,38812.321934392,38812.345476983,0.1,0.9,74.7,0.0,-0.28000000000000114,88.47,-2.03,-1.06,1.095454612840028,-0.004763917243612623,0.0,0.02866,1.09509,-0.0,0.15,False,True,False,0.0,False,5.5871312618255615
1790831887.8544223,38812.425842024,102,35.0,291.19568375576614,True,193.0,178.84814157747627,True,1145.0,1216.020767144937,True,38812.383221285,38812.383221285,38812.364817943,38812.403287664,38812.383140203,38812.42452264,0.2,0.9,74.7,0.0,-0.2699999999999818,88.48,-1.99,-1.08,1.1094945439329853,-0.004607600561789365,0.0,0.02881,1.10913,-0.0,0.13,False,True,False,0.0,False,5.6373865604400635
1790831887.9107733,38812.482224643,103,35.0,317.2900757172065,True,193.0,183.21204568971748,True,1124.0,1194.0124602869623,True,38812.464107204,38812.464107204,38812.441599693,38812.464178015,38812.442771006,38812.464971658,0.1,0.9,74.7,0.0,-0.25,88.5,-1.99,-1.07,1.1147880843309457,-0.004712147465914116,0.0,0.02903,1.11442,-0.0,0.13,False,True,False,0.0,False,5.693575143814087
1790831887.9609404,38812.5323424,104,35.0,334.9420218468382,True,193.0,186.08221511840634,True,1119.0,1174.4074761721772,True,38812.507214815,38812.507214815,38812.484241169,38812.523228568,38812.507159336,38812.464971658,0.1,0.9,74.7,0.0,-0.25,88.5,-2.01,-1.06,1.119848189081072,-0.004661749869264032,0.0,0.02909,1.11948,-0.0,0.12,False,True,False,0.0,False,5.743760585784912
1790831888.0109775,38812.58242479,105,35.0,346.70756167845764,True,193.0,187.9620346638509,True,1109.0,1154.2444857033063,True,38812.581591794,38812.581591794,38812.569184597,38812.581644007,38812.569200009,38812.541914011,0.1,0.9,74.7,0.0,-0.25,88.5,-1.99,-1.06,1.1252879852526383,-0.004593064996030013,0.0,0.02914,1.12492,-0.0,0.12,False,True,False,0.0,False,5.793783187866211
1790831888.061126,38812.6325296,106,35.0,354.4784374420194,True,193.0,189.1899208469865,True,1100.0,1140.1466914219836,True,38812.623049255,38812.623049255,38812.603897267,38812.623107702,38812.622100971,38812.603789492,0.1,0.9,74.7,0.0,-0.2699999999999818,88.48,-1.97,-1.01,1.1303280947622234,-0.004543103697080619,0.0,0.0292,1.12996,-0.01,0.11,False,True,False,0.0,False,5.843935966491699
1790831888.1113431,38812.682746645,107,35.0,359.5815903221809,True,193.0,189.9905833357317,True,1100.0,1127.6880148531902,True,38812.623049255,38812.623049255,38812.663048879,38812.623107702,38812.66358749,38812.652302422,0.1,0.8,74.7,0.0,-0.18999999999999773,88.56,-1.94,-1.0,1.1303280947622234,-0.004543103697080619,0.0,0.0292,1.12996,-0.0,0.11,False,True,False,0.0,False,5.8942084312438965
1790831888.1649802,38812.736438545,108,35.0,362.92064502958596,True,193.0,190.51208561186735,True,1087.0,1116.6128089119143,True,38812.68446566,38812.68446566,38812.702636724,38812.684546841,38812.66358749,38812.701696106,0.0,0.9,74.7,0.0,-0.18999999999999773,88.56,-1.94,-1.0,1.1353508268174706,-0.004613550139081504,0.0,0.02938,1.13498,-0.01,0.11,False,True,False,0.0,False,5.947751998901367
1790831888.215124,38812.786536399,109,35.0,365.10032784356355,True,193.0,190.8515148670512,True,1077.0,1109.9676853471485,True,38812.785054461,38812.785054461,38812.765546378,38812.785128545,38812.765589552,38812.74487183,0.0,0.9,74.7,0.0,-0.17000000000001592,88.58,-2.01,-1.07,1.1453794934664887,-0.003984626262231752,0.0,0.02897,1.14502,-0.02,0.1,False,True,False,0.0,False,5.997974872589111
1790831888.265162,38812.836613761,110,35.0,366.5210497625334,True,193.0,191.07233518065206,True,1067.0,1100.7806112082892,True,38812.825104802,38812.825104802,38812.807996959,38812.785128545,38812.823983185,38812.807471426,0.0,0.9,74.7,0.0,-0.13999999999998636,88.61,-2.0,-1.08,1.1453794934664887,-0.003984626262231752,0.0,0.02897,1.14502,-0.02,0.09,False,True,False,0.0,False,6.04793119430542
1790831888.315298,38812.886736555,111,35.0,367.4461786278399,True,193.0,191.21594920778418,True,1061.0,1091.2683667249735,True,38812.825104802,38812.825104802,38812.86389934,38812.84282117,38812.823983185,38812.845467816,0.0,0.9,74.7,0.0,-0.13999999999998636,88.61,-2.0,-1.08,1.1500941881793043,-0.0032315965384163356,0.0,0.02832,1.14975,-0.03,0.08,False,True,False,0.0,False,6.0981104373931885
1790831888.3654683,38812.936894057,112,35.0,368.0482135788841,True,193.0,191.3093324732607,True,1057.0,1081.561020034984,True,38812.890206923,38812.890206923,38812.922987725,38812.890240379,38812.923021584,38812.907286168,0.0,0.9,74.7,0.0,-0.17000000000001592,88.58,-1.99,-1.09,1.156583947415935,-0.00039934918859500096,0.0,0.02563,1.1563,-0.02,0.06,False,True,False,0.0,False,6.1482744216918945
1790831888.423092,38812.994541656,113,35.0,368.4398325492442,True,193.0,191.37004602328312,True,1056.0,1073.3366120209905,True,38812.982155513,38812.982155513,38812.965508942,38812.941980171,38812.982065789,38812.964453477,0.0,0.9,74.7,0.0,-0.11000000000001364,88.64,-1.99,-1.08,1.1589911551858487,0.000213309568353387,0.0,0.02507,1.15872,-0.02,0.07,False,True,False,0.0,False,6.205893516540527
1790831888.4739478,38813.045386307,114,35.0,368.6945100465249,True,193.0,191.40951592640067,True,1052.0,1066.8019672125943,True,38812.982155513,38812.982155513,38813.022461446,38813.00203278,38813.022508189,38813.004074966,0.0,0.8,74.7,0.0,-0.13999999999998636,88.61,-1.99,-1.08,1.1623907079219309,0.0011877022995435,0.0,0.02417,1.16214,-0.03,0.1,False,True,False,0.0,False,6.256742715835571
1790831888.5244343,38813.095874634,115,35.0,368.86010330262326,True,193.0,191.43517393881936,True,1037.0,1062.4811803275566,True,38813.046253901,38813.046253901,38813.082903753,38813.046312413,38813.082920883,38813.064799483,0.1,0.8,74.7,0.0,-0.2300000000000182,88.52,-1.97,-1.08,1.167138156976923,0.0027316347690037705,0.0,0.02273,1.16692,-0.04,0.11,False,True,False,0.0,False,6.307254791259766
1790831888.5745516,38813.145978862,116,37.0,368.96776126209807,True,232.0,191.45185273499473,True,1037.0,1058.288708196534,True,38813.141492253,38813.141492253,38813.122205566,38813.104258267,38813.132658448,38813.104301132,0.1,0.8,74.7,0.0,-0.25,88.5,-1.96,-1.09,1.1727512541673182,0.004484500973589291,0.0,0.0211,1.17257,-0.03,0.12,False,True,False,0.0,False,6.357330560684204
1790831888.6246881,38813.196074601,117,37.0,369.0377483756788,True,232.0,191.46269441223234,True,1019.0,1049.7732249179203,True,38813.141492253,38813.141492253,38813.17930226,38813.165335826,38813.179320295,38813.165552102,0.1,0.9,74.7,0.0,-0.30000000000001137,88.45,-1.98,-1.09,1.1780988158142538,0.005571416072492404,0.0,0.02013,1.17794,-0.03,0.12,False,True,False,0.0,False,6.407508611679077
1790831888.6768816,38813.248347145,118,37.0,368.1327395486003,True,232.0,178.39740011780452,True,1019.0,1049.7732249179203,True,38813.204687135,38813.204687135,38813.17930226,38813.20517188,38813.179320295,38813.224757379,0.2,0.9,74.7,0.0,-0.30000000000001137,88.45,-1.98,-1.09,1.1831973095498207,0.0066128869690536725,0.0,0.0192,1.18306,-0.03,0.1,False,True,False,0.0,False,6.45965051651001
1790831888.7270193,38813.29842727,119,37.0,367.54515156390954,True,232.0,170.1989889331045,True,1007.0,1044.6639349507523,True,38813.264815164,38813.264815164,38813.250473193,38813.266442187,38813.250498309,38813.266482769,0.2,0.9,74.7,0.0,-0.3199999999999932,88.43,-1.98,-1.09,1.1872536883667162,0.00728153552685068,0.0,0.01862,1.18713,-0.03,0.08,False,True,False,0.0,False,6.5098958015441895
1790831888.7770696,38813.348513355,120,37.0,367.16350149946527,True,232.0,164.99424938312097,True,1001.0,1034.3983609704514,True,38813.30459765,38813.30459765,38813.344335727,38813.334947503,38813.30451617,38813.334996962,0.3,0.8,74.7,0.0,-0.3400000000000034,88.41,-1.97,-1.06,1.1903187757348497,0.007998570690359072,0.0,0.01797,1.19021,-0.03,0.06,False,True,False,0.0,False,6.559850215911865
1790831888.8271801,38813.398596014,121,37.0,366.9155481556444,True,232.0,161.66365488736193,True,1001.0,1034.3983609704514,True,38813.366647984,38813.366647984,38813.344335727,38813.366686325,38813.366567901,38813.38468505,0.2,0.8,74.7,0.0,-0.4000000000000057,88.35,-1.96,-1.03,1.1927924764650537,0.008772718413592662,0.0,0.01725,1.1927,-0.03,0.06,False,True,False,0.0,False,6.610030174255371
1790831888.8772833,38813.448676768,122,37.0,366.75442884334456,True,232.0,159.52094388957454,True,996.0,1023.4390165822708,True,38813.424063902,38813.424063902,38813.404300581,38813.443684285,38813.423443877,38813.445187206,0.1,0.7,74.7,0.0,-0.2699999999999818,88.48,-1.95,-0.99,1.1950145287245302,0.009161284696426901,0.0,0.01691,1.19493,-0.02,0.07,False,True,False,0.0,False,6.66009783744812
1790831888.9348452,38813.506304708,123,37.0,366.64972256794977,True,232.0,158.13755085784544,True,992.0,1014.4634099493626,True,38813.482486147,38813.482486147,38813.466203427,38813.48516322,38813.466232899,38813.485214341,0.1,0.7,74.7,0.0,-0.2599999999999909,88.49,-1.92,-0.99,1.1982031151443642,0.00926086704049955,0.0,0.01688,1.19812,-0.01,0.09,False,True,False,0.0,False,6.717633485794067
1790831888.985011,38813.556393147,124,37.0,366.5816724787292,True,232.0,157.24230383908326,True,986.0,1007.0780459696175,True,38813.521826269,38813.521826269,38813.507931162,38813.541285666,38813.521309655,38813.542200377,0.1,0.7,74.7,0.0,-0.2400000000000091,88.51,-1.89,-1.0,1.202699027409164,0.009038892025639154,0.0,0.0172,1.20261,-0.01,0.11,False,True,False,0.0,False,6.767825126647949
1790831889.0350487,38813.606490699,125,37.0,366.5374437189205,True,232.0,156.66206572279947,True,976.0,1001.0468275817705,True,38813.595215296,38813.595215296,38813.566709544,38813.595246811,38813.57953084,38813.605796046,0.1,0.8,74.7,0.0,-0.2400000000000091,88.51,-1.91,-0.99,1.2142117792889575,0.008579932164309877,0.0,0.01791,1.21411,-0.01,0.11,False,True,False,0.0,False,6.817861080169678
1790831889.085153,38813.656562615,126,37.0,366.5086966297778,True,232.0,156.2856175556127,True,967.0,995.0280965490622,True,38813.64325857,38813.64325857,38813.622560798,38813.643323984,38813.622598888,38813.605796046,0.1,0.8,74.7,0.0,-0.2300000000000182,88.52,-1.92,-1.0,1.218612695547762,0.008585939076024753,0.0,0.018,1.21851,-0.01,0.11,False,True,False,0.0,False,6.867961883544922
1790831889.1352139,38813.706647285,127,37.0,366.4900116998347,True,232.0,156.04122478898927,True,963.0,987.4168579294374,True,38813.681878574,38813.681878574,38813.665684545,38813.681907396,38813.68182003,38813.703037987,0.2,0.8,74.7,0.0,-0.2699999999999818,88.48,-1.93,-0.99,1.2220368618770883,0.008890709397921675,0.0,0.01777,1.22194,-0.01,0.09,False,True,False,0.0,False,6.918040752410889
1790831889.1935067,38813.764946435,128,37.0,366.4778667818266,True,232.0,155.88249562469935,True,955.0,979.2501147576625,True,38813.741671318,38813.741671318,38813.727238609,38813.741729518,38813.727263054,38813.703037987,0.2,0.8,74.7,0.0,-0.37000000000000455,88.38,-1.91,-0.96,1.22458494615304,0.009006323076384604,0.0,0.01771,1.22449,-0.01,0.07,False,True,False,0.0,False,6.9762864112854
1790831889.243657,38813.815064737,129,37.0,366.4699727061485,True,232.0,155.77937495953233,True,952.0,972.7500688545975,True,38813.782148138,38813.782148138,38813.781400946,38813.802714507,38813.782087781,38813.803272448,0.2,0.8,74.7,0.0,-0.3199999999999932,88.43,-1.9,-0.96,1.2266264240279359,0.008960846859417913,0.0,0.0178,1.22653,-0.0,0.06,False,True,False,0.0,False,7.026519298553467
1790831889.293737,38813.865183352,130,37.0,366.4648416080917,True,232.0,155.7123690428839,True,949.0,965.6500413127585,True,38813.850875794,38813.850875794,38813.822916364,38813.850915731,38813.822944173,38813.803272448,0.2,0.8,74.7,0.0,-0.3299999999999841,88.42,-1.88,-0.97,1.2281458441602473,0.00900400310494125,0.0,0.01779,1.22805,-0.01,0.05,False,True,False,0.0,False,7.0765159130096436
1790831889.3438172,38813.915258999,131,37.0,366.4615064159589,True,232.0,155.6688247099499,True,944.0,960.1900247876551,True,38813.903052182,38813.903052182,38813.880075901,38813.903835919,38813.880093228,38813.866802921,0.2,0.7,74.7,0.0,-0.36000000000001364,88.39,-1.86,-0.96,1.2294266302991612,0.00898193805643149,0.0,0.01784,1.22933,-0.01,0.04,False,True,False,0.0,False,7.126619100570679
1790831889.3942256,38813.965623169,132,37.0,366.45933855020036,True,232.0,155.64052491273776,True,943.0,955.7140148725931,True,38813.944993814,38813.944993814,38813.941989934,38813.963297582,38813.944619372,38813.965591544,0.2,0.7,74.7,0.0,-0.37000000000000455,88.38,-1.85,-0.95,1.2307080708846263,0.008929880147109336,0.0,0.01792,1.23061,-0.01,0.04,False,True,False,0.0,False,7.177044868469238
1790831889.447564,38814.018995837,133,37.0,366.4579294413137,True,232.0,155.62213174265975,True,941.0,951.0284089235558,True,38814.004617224,38814.004617224,38813.986424728,38814.004650886,38814.004549645,38813.965591544,0.2,0.7,74.7,0.0,-0.37000000000000455,88.38,-1.85,-0.95,1.2318936800955398,0.008685685964138538,0.0,0.01819,1.23179,-0.0,0.04,False,True,False,0.0,False,7.230358600616455
1790831889.4975805,38814.069024151,134,37.0,366.4570135221668,True,232.0,155.61017689956043,True,938.0,947.8170453541335,True,38814.066269074,38814.066269074,38814.042832691,38814.066326675,38814.042852221,38814.023441895,0.2,0.7,74.6,0.0,-0.36000000000001364,88.39,-1.86,-0.97,1.2329477559741355,0.008968747869315952,0.0,0.01793,1.23285,-0.0,0.03,False,True,False,0.0,False,7.280371904373169
1790831889.5477436,38814.119171764,135,37.0,366.4564181754097,True,232.0,155.60240655466907,True,937.0,945.0902272124802,True,38814.105613792,38814.105613792,38814.082796156,38814.066326675,38814.103903164,38814.082698242,-1.5,0.8,75.2,0.0,2.670000000000016,91.42,-1.93,-1.01,1.2329477559741355,0.008968747869315952,0.0,0.01793,1.23285,0.07,0.0,False,True,False,0.0,False,7.33053183555603
1790831889.5982294,38814.169627123,136,37.0,366.4560312003084,True,188.0,155.59735595855932,True,931.0,942.2541363274881,True,38814.163060624,38814.163060624,38814.142843953,38814.163141656,38814.142877539,38814.124808087,-1.9,0.8,78.7,0.0,6.8700000000000045,95.62,-1.84,-1.18,1.2335126081182335,0.006460473152442213,0.0,0.02045,1.23336,0.13,-0.01,False,True,False,0.0,False,7.381079196929932
1790831889.6483302,38814.219733487,137,37.0,366.45577966661546,True,188.0,155.59407312519733,True,910.0,940.1524817964928,True,38814.163060624,38814.163060624,38814.203079053,38814.163141656,38814.20343587,38814.189822038,-1.2,0.7,84.1,0.0,10.360000000000014,99.11,-1.86,-1.29,1.2335126081182335,0.006460473152442213,0.0,0.02045,1.23336,0.11,-0.01,False,True,False,0.0,False,7.431142807006836
1790831889.7016993,38814.273156583,138,37.0,366.455616169767,True,188.0,169.23068393255852,True,890.0,936.4914890778957,True,38814.223475845,38814.223475845,38814.24279924,38814.223554444,38814.20343587,38814.223615773,-1.5,0.7,86.8,0.0,10.360000000000014,99.11,-1.86,-1.29,1.2334947571393502,0.00682016933334063,0.0,0.02009,1.23335,0.13,-0.01,False,True,False,0.0,False,7.484489440917969
1790831889.75187,38814.323271266,139,37.0,366.4555098968374,True,188.0,178.469011480748,True,884.0,925.8948934467375,True,38814.32262558,38814.32262558,38814.307599791,38814.322713685,38814.307618328,38814.286646306,-1.7,0.6,92.0,0.0,18.49000000000001,107.24,-1.77,-1.54,1.2339884235167655,0.00574068171978977,0.0,0.02118,1.23382,0.13,0.0,False,True,False,0.0,False,7.534674406051636
1790831889.801883,38814.373338524,140,37.0,366.4554408194424,True,188.0,184.6321635332096,True,918.0,919.5369360680425,True,38814.364091489,38814.364091489,38814.341679718,38814.322713685,38814.36269325,38814.34160472,-1.7,0.4,95.4,0.0,22.54000000000002,111.29,-1.62,-1.66,1.2339884235167655,0.00574068171978977,0.0,0.02118,1.23382,0.11,0.01,False,True,False,0.0,False,7.584674119949341
1790831889.8523655,38814.42376912,141,37.0,366.4553959191396,True,188.0,188.70506840655315,True,961.0,915.7221616408254,True,38814.364091489,38814.364091489,38814.402829573,38814.382745568,38814.422597807,38814.383093485,-1.7,0.4,100.6,0.0,26.80000000000001,115.55,-1.58,-1.71,1.2340775295038013,0.0057826355405260835,0.0,0.02114,1.23391,0.11,0.02,False,True,False,0.0,False,7.635183095932007
1790831889.902407,38814.473852147,142,37.0,366.45536673394446,True,188.0,191.38070325080685,True,997.0,916.6332969844952,True,38814.42490583,38814.42490583,38814.463864258,38814.424983446,38814.463879086,38814.445918265,-1.8,0.2,105.9,0.0,31.110000000000014,119.86,-1.43,-1.83,1.2343913824115023,0.005609440990012413,0.0,0.02132,1.23422,0.11,0.04,False,True,False,0.0,False,7.685205698013306
1790831889.9582222,38814.52965168,143,37.0,366.4553477635683,True,188.0,193.13180012042696,True,1043.0,934.3799781906971,True,38814.483916764,38814.483916764,38814.503722354,38814.484015783,38814.463879086,38814.502815384,-1.7,0.2,109.5,0.0,31.110000000000014,119.86,-1.43,-1.83,1.2350596959276936,0.005694040304881159,0.0,0.02125,1.23489,0.09,0.04,False,True,False,0.0,False,7.740996599197388
1790831890.00834,38814.579753455,144,37.0,366.4553354328241,True,188.0,194.27505529399133,True,1106.0,959.4279869144182,True,38814.530734496,38814.530734496,38814.565908245,38814.54289009,38814.530683701,38814.543490579,-1.9,0.0,114.9,0.0,35.370000000000005,124.12,-1.33,-1.93,1.2351718140123304,0.006056572420834076,0.0,0.02089,1.23501,0.09,0.06,False,True,False,0.0,False,7.791188478469849
1790831890.0584843,38814.629933652,145,37.0,366.45532741784046,True,188.0,195.02030148981976,True,1161.0,992.8567921486509,True,38814.583637991,38814.583637991,38814.624614422,38814.583694354,38814.624630764,38814.612974519,-1.9,-0.1,120.3,0.0,44.120000000000005,132.87,-1.03,-2.05,1.2365422861311413,0.006966685694862435,0.0,0.02001,1.2364,0.08,0.06,False,True,False,0.0,False,7.841274976730347
1790831890.1086369,38814.680055841,146,37.0,366.45532220810117,True,188.0,195.50561158280559,True,1161.0,992.8567921486509,True,38814.642886173,38814.642886173,38814.624614422,38814.642949224,38814.624630764,38814.664520314,-1.8,-0.2,125.7,0.0,44.120000000000005,132.87,-1.03,-2.05,1.2369334649879593,0.007375316459708219,0.0,0.01961,1.2368,0.06,0.05,False,True,False,0.0,False,7.891477823257446
1790831890.158753,38814.730148872,147,37.0,366.4553188217707,True,188.0,195.82144342100352,True,1137.0,1038.1140752891906,True,38814.70321962,38814.70321962,38814.72362508,38814.703262217,38814.683705682,38814.703293059,-2.0,-0.4,131.2,0.0,48.44999999999999,137.2,-0.95,-2.07,1.236849083821941,0.008033632355628546,0.0,0.01895,1.23673,0.07,0.07,False,True,False,0.0,False,7.941571474075317
1790831890.2105258,38814.781978245,148,37.0,366.4553166206558,True,188.0,196.02689478318456,True,1137.0,1038.1140752891906,True,38814.742845628,38814.742845628,38814.72362508,38814.703262217,38814.742760518,38814.703293059,-2.0,-0.4,131.2,0.0,57.27000000000001,146.02,-0.64,-2.09,1.236849083821941,0.008033632355628546,0.0,0.01895,1.23673,0.07,0.07,False,True,False,0.0,False,7.993330478668213
1790831890.2606485,38814.832062025,149,37.0,366.4553151899312,True,188.0,196.16050605055867,True,920.0,1065.2684451735145,True,38814.823347646,38814.823347646,38814.802879055,38814.823397155,38814.823247332,38814.784676984,-1.9,-0.6,136.6,0.0,61.75999999999999,150.51,-0.53,-2.09,1.236777099913547,0.00858219257742042,0.0,0.0184,1.23667,0.05,0.07,False,True,False,0.0,False,8.043452501296997
1790831890.3114727,38814.882920511,150,37.0,366.4553142599602,True,188.0,196.24738205447835,True,869.0,1081.5610671041086,True,38814.869064265,38814.869064265,38814.868996623,38814.823397155,38814.869027549,38814.845701377,-2.0,-0.8,142.0,0.0,66.1,154.85,-0.35,-2.08,1.236777099913547,0.00858219257742042,0.0,0.0184,1.23667,0.03,0.07,False,True,False,0.0,False,8.094260692596436
1790831890.3615544,38814.932989454,151,37.0,366.455313655479,True,188.0,196.30386357437968,True,841.0,1016.9366402624652,True,38814.923635526,38814.923635526,38814.923548329,38814.883153321,38814.923582165,38814.883199116,-1.9,-0.9,145.7,0.0,70.53999999999999,159.29,-0.22,-2.07,1.2367514328028966,0.008841694406760508,0.0,0.01814,1.23665,0.01,0.08,False,True,False,0.0,False,8.144333124160767
1790831890.411736,38814.983130618,152,37.0,366.4553132625663,True,188.0,196.34058168189733,True,857.0,957.7619841574791,True,38814.923635526,38814.923635526,38814.965043027,38814.954063326,38814.923582165,38814.95412004,-2.0,-1.1,151.1,0.0,70.53999999999999,159.29,-0.22,-2.07,1.23760773776458,0.009020417132223013,0.0,0.01798,1.23751,-0.01,0.08,False,True,False,0.0,False,8.19459581375122
1790831890.4694724,38815.040925751,153,37.0,366.455313007173,True,188.0,196.36445061480714,True,1113.0,922.2571904944874,True,38815.023260674,38815.023260674,38815.023139454,38814.985658821,38815.023185307,38815.007851902,-1.9,-1.2,156.5,0.0,79.36000000000001,168.11,0.05,-2.08,1.2381404795886113,0.01119255574403566,0.0,0.01582,1.23809,-0.02,0.07,False,True,False,0.0,False,8.252399206161499
1790831890.5196676,38815.091065816,154,37.0,366.45531284116737,True,188.0,196.3799663350759,True,2173.0,900.9543142966925,True,38815.083058845,38815.083058845,38815.063485835,38815.08323777,38815.082942204,38815.044238374,-2.0,-1.2,160.1,0.0,83.89999999999998,172.65,0.17,-2.13,1.2372433435650683,0.013343496690519685,0.0,0.01365,1.23724,-0.04,0.06,False,True,False,0.0,False,8.302520513534546
1790831890.569813,38815.141260627,155,37.0,366.45531273326367,True,188.0,196.39005193936376,True,2173.0,985.7725885780155,True,38815.131321105,38815.131321105,38815.125717926,38815.08323777,38815.126572865,38815.103780251,-0.6,-1.4,164.4,0.0,86.57,175.32,0.28,-2.05,1.2372433435650683,0.013343496690519685,0.0,0.01365,1.23724,-0.08,-0.02,False,True,False,0.0,False,8.352593660354614
1790831890.6199498,38815.191347205,156,31.0,366.4553126631263,True,201.0,196.39660774528366,True,4207.0,1460.6635531468094,True,38815.183079787,38815.183079787,38815.165636282,38815.142486282,38815.182957364,38815.142532051,-0.4,-1.5,165.7,0.0,88.16999999999996,176.92,0.35,-2.08,1.2354727805012005,0.014725200869013024,0.0,0.01223,1.2355,-0.08,-0.03,False,True,False,0.0,False,8.402820587158203
1790831890.6703887,38815.241838096,157,31.0,366.455312617537,True,201.0,196.40086908805526,True,4382.0,1745.5981318880856,True,38815.183079787,38815.183079787,38815.228490927,38815.20867596,38815.228519974,38815.208723024,0.0,-1.6,166.8,0.0,88.86000000000001,177.61,0.4,-2.09,1.234875248468616,0.015522355477627706,0.0,0.01142,1.23492,-0.11,-0.08,False,True,False,0.0,False,8.453165769577026
1790831890.721709,38815.293158907,158,31.0,369.3036601296905,True,201.0,191.91807514811723,True,4382.0,1745.5981318880856,True,38815.242717705,38815.242717705,38815.228490927,38815.242765586,38815.228519974,38815.265135324,0.3,-1.5,166.7,0.0,88.86000000000001,177.61,0.4,-2.09,1.2341850828405452,0.016897626871145967,0.0,0.01003,1.23426,-0.11,-0.07,False,True,False,0.0,False,8.504510402679443
1790831890.7719731,38815.343383968,159,31.0,371.16171475192186,True,201.0,189.03692352094924,True,4391.0,2730.1588791328513,True,38815.343284823,38815.343284823,38815.328280808,38815.304956927,38815.342850874,38815.304983492,0.4,-1.5,166.7,0.0,88.44999999999999,177.2,0.35,-2.09,1.2342901829351265,0.01804019151707156,0.0,0.00889,1.23439,-0.11,-0.07,False,True,False,0.0,False,8.554776191711426
1790831890.8220713,38815.393478311,160,31.0,372.37225089873976,True,201.0,187.1779756865671,True,4388.0,3390.895327479711,True,38815.343284823,38815.343284823,38815.383549886,38815.362465575,38815.38356312,38815.36340018,0.4,-1.4,166.6,0.0,88.44,177.19,0.34,-2.08,1.2344200775449565,0.018963244814740255,0.0,0.00797,1.23454,-0.1,-0.06,False,True,False,0.0,False,8.604872226715088
1790831890.872407,38815.443821119,161,31.0,373.1602826655717,True,201.0,185.9754903998032,True,4392.0,3789.7371964878266,True,38815.402956001,38815.402956001,38815.426270186,38815.403022871,38815.443217929,38815.403052836,0.4,-1.4,166.5,0.0,88.44,177.19,0.34,-2.08,1.2346195564258267,0.01944771171359587,0.0,0.00749,1.23475,-0.09,-0.06,False,True,False,0.0,False,8.655236959457397
1790831890.922558,38815.49395196,162,31.0,373.67300324617906,True,201.0,185.1963384787661,True,4385.0,4029.042317892696,True,38815.444191088,38815.444191088,38815.483114329,38815.444230568,38815.483131441,38815.462501604,0.4,-1.4,166.5,0.0,88.43,177.18,0.34,-2.08,1.2348718593431052,0.019803300293182825,0.0,0.00714,1.23501,-0.08,-0.06,False,True,False,0.0,False,8.705400943756104
1790831890.973025,38815.544475891,163,31.0,374.0064828449143,True,201.0,184.69093056533143,True,4361.0,4172.625390735618,True,38815.505494197,38815.505494197,38815.544134528,38815.505555164,38815.544160679,38815.529598248,0.4,-1.4,166.5,0.0,88.44,177.19,0.34,-2.08,1.2350526891033813,0.01976723649140585,0.0,0.00718,1.23519,-0.08,-0.05,False,True,False,0.0,False,8.755803346633911
1790831891.0233262,38815.594708722,164,31.0,374.22333382510845,True,201.0,184.3628551744875,True,4345.0,4257.57523444137,True,38815.563933942,38815.563933942,38815.585162952,38815.56499968,38815.544160679,38815.583214036,0.4,-1.4,166.5,0.0,88.44,177.19,0.34,-2.08,1.2352691835945784,0.019471889009139137,0.0,0.00748,1.2354,-0.07,-0.05,False,True,False,0.0,False,8.80619740486145
1790831891.0733724,38815.644823313,165,31.0,374.3643246665641,True,201.0,184.14979196603437,True,4406.0,4308.545140664823,True,38815.603731442,38815.603731442,38815.643378589,38815.627750469,38815.602303907,38815.631231173,0.4,-1.4,166.5,0.0,88.44999999999999,177.2,0.34,-2.08,1.2353361500794142,0.01915327405357564,0.0,0.0078,1.23546,-0.07,-0.05,False,True,False,0.0,False,8.856152296066284
1790831891.1235394,38815.694935231,166,31.0,374.45598464358943,True,201.0,184.01137937917895,True,4406.0,4308.545140664823,True,38815.665619953,38815.665619953,38815.643378589,38815.665673082,38815.664325777,38815.68288942,0.4,-1.4,166.5,0.0,88.46000000000004,177.21,0.34,-2.08,1.23544747002234,0.018635579287997542,0.0,0.00832,1.23556,-0.07,-0.05,False,True,False,0.0,False,8.906393051147461
1790831891.1736438,38815.74505604,167,31.0,374.5155703591143,True,201.0,183.9214443633979,True,4357.0,4329.527084398894,True,38815.724548293,38815.724548293,38815.743298382,38815.724596789,38815.711406718,38815.742378098,0.4,-1.4,166.5,0.0,88.48000000000002,177.23,0.34,-2.08,1.235596598957846,0.01821873332052882,0.0,0.00874,1.2357,-0.06,-0.05,False,True,False,0.0,False,8.956450700759888
1790831891.2240016,38815.795453902,168,31.0,374.5543039178242,True,201.0,183.86300061563796,True,4357.0,4329.527084398894,True,38815.766286032,38815.766286032,38815.743298382,38815.795425732,38815.76382041,38815.742378098,0.4,-1.4,166.5,0.0,88.5,177.25,0.34,-2.08,1.2357113720555324,0.018001185311925044,0.0,0.00896,1.23581,-0.06,-0.05,False,True,False,0.0,False,9.006810665130615
1790831891.2741578,38815.845571397,169,31.0,374.5794819324145,True,201.0,183.82501809987423,True,4388.0,4342.116250639336,True,38815.82738255,38815.82738255,38815.805020262,38815.827439614,38815.825355291,38815.844476451,0.3,-1.4,166.5,0.0,88.51999999999998,177.27,0.34,-2.08,1.2359245943139738,0.01785580213372031,0.0,0.00911,1.23602,-0.06,-0.04,False,True,False,0.0,False,9.056969165802002
1790831891.3242497,38815.895711283,170,31.0,374.59584814950193,True,201.0,183.80033196594624,True,4394.0,4360.469750383601,True,38815.883014239,38815.883014239,38815.864739046,38815.883053064,38815.864764031,38815.844476451,0.3,-1.4,166.5,0.0,88.56,177.31,0.34,-2.08,1.2362060547235088,0.017791926959634392,0.0,0.00918,1.2363,-0.06,-0.04,False,True,False,0.0,False,9.10704255104065
1790831891.3744195,38815.945808385,171,31.0,374.60648640507134,True,201.0,183.78428703570006,True,4386.0,4371.4818502301605,True,38815.926097917,38815.926097917,38815.925973372,38815.943054303,38815.926037543,38815.943130697,0.0,-1.4,166.5,0.0,88.76999999999998,177.52,0.35,-2.08,1.2362060547235088,0.017791926959634392,0.0,0.00918,1.2363,-0.05,-0.03,False,True,False,0.0,False,9.157252311706543
1790831891.424523,38815.995950061,172,31.0,374.6134013618019,True,201.0,183.77385827754102,True,4420.0,4378.089110138097,True,38815.986054098,38815.986054098,38815.9642256,38815.943054303,38815.984217995,38815.943130697,0.0,-1.4,166.5,0.0,88.97000000000003,177.72,0.36,-2.08,1.2362060547235088,0.017791926959634392,0.0,0.00918,1.2363,-0.05,-0.04,False,True,False,0.0,False,9.207326889038086
1790831891.4746413,38816.046084076,173,31.0,374.61789612195963,True,201.0,183.76707977338432,True,4419.0,4384.453466082858,True,38815.986054098,38815.986054098,38816.027966276,38816.002906251,38816.028035389,38816.005182057,0.0,-1.4,166.7,0.0,89.14999999999998,177.9,0.37,-2.08,1.235857446907133,0.017724306028247507,0.0,0.00924,1.23595,-0.05,-0.04,False,True,False,0.0,False,9.257431030273438
1790831891.5247161,38816.096155555,174,31.0,374.62081773223673,True,201.0,183.76267382538566,True,4422.0,4398.272079649714,True,38816.083237125,38816.083237125,38816.064413706,38816.08326645,38816.082450918,38816.047983751,-0.1,-1.4,166.6,0.0,89.18,177.93,0.36,-2.09,1.235637281112325,0.017729504373810698,0.0,0.00923,1.23573,-0.05,-0.03,False,True,False,0.0,False,9.307512760162354
1790831891.5747602,38816.146219609,175,31.0,374.6227167857505,True,220.0,183.75980999286114,True,4416.0,4406.563247789829,True,38816.143406528,38816.143406528,38816.132700447,38816.143459751,38816.132711313,38816.109528741,0.0,-1.4,166.8,0.0,89.33000000000004,178.08,0.37,-2.08,1.2353349528668474,0.017832933731279123,0.0,0.00912,1.23543,-0.05,-0.04,False,True,False,0.0,False,9.357535123825073
1790831891.6249466,38816.196351552,176,31.0,374.6239511734218,True,220.0,183.75794851594776,True,4415.0,4411.5379486738975,True,38816.143406528,38816.143406528,38816.184449416,38816.143459751,38816.184468725,38816.166795872,0.0,-1.4,166.8,0.0,89.26999999999998,178.02,0.37,-2.08,1.2353349528668474,0.017832933731279123,0.0,0.00912,1.23543,-0.05,-0.04,False,True,False,0.0,False,9.40781021118164
1790831891.675023,38816.246431907,177,31.0,374.62475352662796,True,220.0,177.47600959090778,True,4420.0,4414.522769204338,True,38816.242559373,38816.242559373,38816.2245437,38816.20514995,38816.24248872,38816.205190751,0.0,-1.4,166.8,0.0,89.25999999999999,178.01,0.36,-2.08,1.2351719368586098,0.017969410033464778,0.0,0.00898,1.23527,-0.05,-0.04,False,True,False,0.0,False,9.457825422286987
1790831891.7287474,38816.300202097,178,31.0,374.6252750567274,True,220.0,173.46263592597427,True,4422.0,4416.713661522603,True,38816.242559373,38816.242559373,38816.283754371,38816.264632675,38816.283781223,38816.265968556,0.0,-1.4,166.8,0.0,89.25999999999999,178.01,0.36,-2.08,1.234953734403455,0.017884629796590782,0.0,0.00906,1.23505,-0.05,-0.04,False,True,False,0.0,False,9.511563777923584
1790831891.778837,38816.350279752,179,31.0,374.62561405150973,True,220.0,170.88347014762218,True,4405.0,4416.428196913562,True,38816.303749761,38816.303749761,38816.342506571,38816.304929161,38816.3429873,38816.32767401,0.0,-1.4,166.8,0.0,89.25999999999999,178.01,0.36,-2.08,1.23495700663621,0.0177346654925288,0.0,0.00921,1.23505,-0.04,-0.03,False,True,False,0.0,False,9.561620473861694
1790831891.8289084,38816.400350676,180,31.0,374.62583439821026,True,220.0,169.21948759307196,True,4395.0,4395.0,True,38816.365662396,38816.365662396,38816.394624879,38816.367089732,38816.3429873,38816.367176644,0.0,-1.4,166.8,0.0,89.25999999999999,178.01,0.36,-2.08,1.2349407199261244,0.01756426965022452,0.0,0.00938,1.23503,-0.04,-0.03,False,True,False,0.0,False,9.611701488494873
1790831891.8790395,38816.450446933,181,31.0,374.6259776236045,True,220.0,168.14316970519678,True,4429.0,4401.8,True,38816.424244689,38816.424244689,38816.444363691,38816.42432154,38816.402586526,38816.444279372,0.0,-1.4,166.8,0.0,89.25,178.0,0.36,-2.09,1.2350339707413167,0.017416268685815646,0.0,0.00953,1.23512,-0.04,-0.03,False,True,False,0.0,False,9.66185736656189
1790831891.9291189,38816.500557101,182,31.0,374.6260707201272,True,220.0,167.445789979494,True,4429.0,4401.8,True,38816.466919907,38816.466919907,38816.444363691,38816.482287543,38816.466675861,38816.483118315,0.0,-1.4,166.8,0.0,89.24000000000001,177.99,0.35,-2.09,1.2350854858846234,0.017347376088171784,0.0,0.0096,1.23517,-0.04,-0.03,False,True,False,0.0,False,9.711947441101074
1790831891.9791923,38816.550646441,183,31.0,374.62613123287383,True,220.0,166.99343402363547,True,4422.0,4409.88,True,38816.524809023,38816.524809023,38816.503265173,38816.524878235,38816.503276808,38816.548247089,0.0,-1.4,166.8,0.0,89.24000000000001,177.99,0.35,-2.09,1.2350952653560436,0.017357591857292923,0.0,0.00959,1.23518,-0.03,-0.03,False,True,False,0.0,False,9.761965990066528
1790831892.0294075,38816.600795416,184,31.0,374.6261705661621,True,220.0,166.69980016814839,True,4414.0,4413.128,True,38816.584179034,38816.584179034,38816.564841224,38816.584257476,38816.564866831,38816.584315143,0.0,-1.4,166.8,0.0,89.24000000000001,177.99,0.35,-2.09,1.2351180965316397,0.01722805909147323,0.0,0.00972,1.2352,-0.03,-0.03,False,True,False,0.0,False,9.812275648117065
1790831892.0794597,38816.650899679,185,31.0,374.6261961328007,True,220.0,166.50910611251606,True,4420.0,4415.8768,True,38816.630772812,38816.630772812,38816.602956057,38816.642925107,38816.630715226,38816.643281322,0.0,-1.5,166.8,0.0,89.23000000000002,177.98,0.35,-2.09,1.2350022699165466,0.017035486520123894,0.0,0.00991,1.23508,-0.03,-0.03,False,True,False,0.0,False,9.862257242202759
1790831892.1412332,38816.71267446,186,31.0,374.6262127511163,True,220.0,166.3852259354136,True,4378.0,4417.52608,True,38816.683383177,38816.683383177,38816.667114242,38816.683457687,38816.667142948,38816.643281322,0.0,-1.5,166.8,0.0,89.25,178.0,0.36,-2.08,1.2347314615738336,0.01706958698224776,0.0,0.00987,1.23481,-0.05,-0.03,False,True,False,0.0,False,9.92402458190918
1790831892.1914203,38816.762814253,187,31.0,374.6262235530217,True,220.0,166.30473380049915,True,4408.0,4416.115648,True,38816.725556151,38816.725556151,38816.723832934,38816.743309573,38816.725502984,38816.744868559,-0.1,-1.7,167.1,0.0,89.25999999999999,178.01,0.37,-2.05,1.2342018006361115,0.01979868194048047,0.0,0.00713,1.23434,-0.1,-0.03,False,True,False,0.0,False,9.974266767501831
1790831892.241475,38816.81292579,188,31.0,374.6262305742603,True,220.0,166.25242657944028,True,4357.0,4412.8693888,True,38816.783758681,38816.783758681,38816.767345873,38816.784510996,38816.767366498,38816.805754878,0.0,-1.5,167.4,0.0,89.41999999999996,178.17,0.36,-2.03,1.235203404639172,0.04540662581383846,0.0,-0.01845,1.2359,-0.32,-0.0,False,True,False,0.0,False,10.024288654327393
1790831892.2916386,38816.863032537,189,31.0,374.62623513806545,True,220.0,166.2184322374054,True,4360.0,4398.92163328,True,38816.842974055,38816.842974055,38816.823593386,38816.843170823,38816.826037741,38816.84323285,0.0,-1.6,167.4,0.0,89.56,178.31,0.33,-2.02,1.2355642295324707,0.06370885260175627,0.0,-0.03674,1.23666,-0.32,-0.0,False,True,False,0.0,False,10.074457168579102
1790831892.3416958,38816.913106276,190,31.0,374.62623810453874,True,220.0,166.19633817615636,True,4340.0,4383.352979968,True,38816.891406126,38816.891406126,38816.866276773,38816.892955794,38816.884711562,38816.904730618,0.1,-1.2,167.4,0.0,89.58000000000004,178.33,0.32,-2.02,1.235548523556549,0.08322315385294946,0.0,-0.05625,1.23707,-0.4,-0.01,False,True,False,0.0,False,10.124530553817749
1790831892.395242,38816.966689777,191,31.0,374.62624003274647,True,220.0,166.18197799164807,True,4293.0,4372.8117879808,True,38816.94315281,38816.94315281,38816.926648243,38816.943212003,38816.92669712,38816.904730618,0.1,-1.2,167.4,0.0,89.69,178.44,0.26,-1.97,1.2355864077441223,0.10119825788014028,0.0,-0.07422,1.2375,-0.41,-0.0,False,True,False,0.0,False,10.178021669387817
1790831892.4453888,38817.01682469,192,31.0,374.62624128608144,True,220.0,166.17264427533348,True,4309.0,4359.68707278848,True,38816.984744159,38816.984744159,38816.984677019,38817.010965315,38816.984702563,38816.96746537,0.0,-1.2,167.4,0.0,89.77999999999997,178.53,0.24,-1.97,1.2354371782938252,0.11628859354808233,0.0,-0.08931,1.23768,-0.37,-0.0,False,True,False,0.0,False,10.22819709777832
1790831892.4955902,38817.066998485,193,31.0,374.6262421007492,True,220.0,166.16657753025663,True,4291.0,4339.412243673088,True,38817.066315206,38817.066315206,38817.051739446,38817.010965315,38817.066256062,38817.032928141,0.0,-1.2,167.4,0.0,89.89999999999998,178.65,0.23,-2.0,1.2354371782938252,0.11628859354808233,0.0,-0.08931,1.23768,-0.27,-0.01,False,True,False,0.0,False,10.278368949890137
1790831892.5459273,38817.117328199,194,31.0,374.62624263028323,True,220.0,166.16263421800465,True,4291.0,4320.847346203853,True,38817.066315206,38817.066315206,38817.103556905,38817.08337475,38817.103585075,38817.083450696,0.0,-1.2,167.4,0.0,89.90999999999997,178.66,0.27,-2.05,1.2352599617614342,0.12807753303815722,0.0,-0.1011,1.23776,-0.21,-0.01,False,True,False,0.0,False,10.328790664672852
1790831892.5959754,38817.167423513,195,31.0,374.62624297448036,True,220.0,166.16007109548104,True,4300.0,4309.708407722312,True,38817.136845443,38817.136845443,38817.166546444,38817.136871505,38817.166564032,38817.136892753,-0.1,-1.3,167.4,0.0,89.94,178.69,0.31,-2.06,1.2349323870663458,0.1366724323871396,0.0,-0.1097,1.23762,-0.2,-0.01,False,True,False,0.0,False,10.378756523132324
1790831892.6470113,38817.218470902,196,32.0,374.6262431982085,True,423.0,166.15840507870178,True,4333.0,4305.825044633387,True,38817.183706694,38817.183706694,38817.204854444,38817.18536848,38817.166564032,38817.185446481,-0.1,-1.4,167.4,0.0,89.94,178.69,0.31,-2.06,1.2349875951034472,0.14468554364760763,0.0,-0.11771,1.23785,-0.22,-0.01,False,True,False,0.0,False,10.429809093475342
1790831892.6975582,38817.268988055,197,32.0,374.62624334363176,True,423.0,166.15732217322903,True,4264.0,4299.895026780032,True,38817.229547832,38817.229547832,38817.264713207,38817.229582952,38817.264730714,38817.244599758,-0.1,-1.5,167.6,0.0,89.97000000000003,178.72,0.33,-2.15,1.234612612866364,0.1536194894903958,0.0,-0.12665,1.23767,-0.27,-0.01,False,True,False,0.0,False,10.480341911315918
1790831892.7479336,38817.31938255,198,32.0,374.14683431315694,True,423.0,109.76865182880766,True,4265.0,4296.337016068019,True,38817.283089464,38817.283089464,38817.30655655,38817.283169368,38817.264730714,38817.306487086,0.1,-1.4,167.7,0.0,89.97000000000003,178.72,0.33,-2.15,1.2348666773524093,0.16443760629679655,0.0,-0.13746,1.23816,-0.31,-0.01,False,True,False,0.0,False,10.530742168426514
1790831892.798028,38817.369478812,199,32.0,373.8354025749276,True,423.0,81.09087477841302,True,4208.0,4283.802209640811,True,38817.329265688,38817.329265688,38817.363179529,38817.344722804,38817.363203365,38817.344795722,0.1,-1.3,167.7,0.0,89.90999999999997,178.66,0.25,-2.17,1.2353575249140378,0.19282506952744194,0.0,-0.16583,1.23927,-0.34,-0.01,False,True,False,0.0,False,10.580803871154785
1790831892.8482814,38817.419708979,200,32.0,373.63304974067086,True,423.0,65.81969748520129,True,4208.0,4283.802209640811,True,38817.394356824,38817.394356824,38817.363179529,38817.394392938,38817.363203365,38817.402830651,0.3,-1.3,167.7,0.0,89.90999999999997,178.66,0.25,-2.17,1.2354077743446108,0.2083998720942396,0.0,-0.1814,1.23966,-0.34,-0.01,False,True,False,0.0,False,10.631116390228271
1790831892.9054968,38817.47694307,201,32.0,373.5015532670417,True,423.0,57.31699436069647,True,4244.0,4275.881325784487,True,38817.443457359,38817.443457359,38817.430193455,38817.445507295,38817.430218168,38817.402830651,0.3,-1.3,167.7,0.0,89.85000000000002,178.6,0.23,-2.18,1.2354281053680618,0.223053802851872,0.0,-0.19605,1.24,-0.33,-0.01,False,True,False,0.0,False,10.688269138336182
1790831892.9578526,38817.529271689,202,32.0,373.4160944461822,True,423.0,52.39169232381329,True,4233.0,4263.128795470692,True,38817.482683791,38817.482683791,38817.528808278,38817.502352702,38817.482629426,38817.502950918,0.4,-1.3,167.7,0.0,89.82,178.57,0.28,-2.14,1.2353896903215198,0.23581600188981997,0.0,-0.20881,1.24024,-0.26,-0.01,False,True,False,0.0,False,10.740681171417236
1790831893.0079148,38817.579363202,203,32.0,373.3605520798808,True,423.0,49.44436073482319,True,4233.0,4263.128795470692,True,38817.542938668,38817.542938668,38817.528808278,38817.542977124,38817.542865722,38817.563260628,0.4,-1.3,167.7,0.0,89.80000000000001,178.55,0.3,-2.13,1.2356563329871952,0.24697447408312856,0.0,-0.21996,1.24075,-0.23,-0.0,False,True,False,0.0,False,10.790690898895264
1790831893.0580425,38817.629459824,204,32.0,373.3244520207011,True,423.0,47.63595867751036,True,4179.0,4251.077277282416,True,38817.603490726,38817.603490726,38817.628812291,38817.604746319,38817.583538213,38817.626086634,0.4,-1.4,167.7,0.0,89.78999999999996,178.54,0.34,-2.19,1.23679262492127,0.2572417054840738,0.0,-0.2302,1.24211,-0.23,0.01,False,True,False,0.0,False,10.840866565704346
1790831893.108156,38817.679567979,205,32.0,373.30098802957633,True,423.0,46.505858408668814,True,4179.0,4251.077277282416,True,38817.644544333,38817.644544333,38817.628812291,38817.663073295,38817.643228998,38817.665753169,0.4,-1.5,167.7,0.0,89.65999999999997,178.41,0.39,-2.17,1.2384838033937966,0.26729098980555976,0.0,-0.24021,1.24402,-0.23,0.01,False,True,False,0.0,False,10.890966415405273
1790831893.1582062,38817.72966421,206,32.0,373.2857368778473,True,423.0,45.79045828532571,True,4207.0,4233.846366369449,True,38817.703100571,38817.703100571,38817.683763959,38817.703154066,38817.683789471,38817.7290448,0.3,-1.5,167.6,0.0,89.63,178.38,0.37,-2.16,1.2408729956407862,0.27835574287135045,0.0,-0.25122,1.24665,-0.26,0.04,False,True,False,0.0,False,10.94100308418274
1790831893.2083938,38817.77978214,207,32.0,373.27582381618055,True,423.0,45.33354543937094,True,4201.0,4223.107819821669,True,38817.767780813,38817.767780813,38817.744790068,38817.767831012,38817.744819193,38817.767868509,0.1,-1.7,167.6,0.0,89.64999999999998,178.4,0.47,-2.19,1.2444561559964726,0.2906268292888376,0.0,-0.26341,1.2505,-0.26,0.04,False,True,False,0.0,False,10.9912109375
1790831893.2584782,38817.829930756,208,32.0,373.2693804050865,True,423.0,45.03997317095747,True,4178.0,4214.264691893001,True,38817.810455049,38817.810455049,38817.783207463,38817.810483605,38817.810384797,38817.826884349,0.2,-1.6,167.6,0.0,89.69999999999999,178.45,0.49,-2.21,1.2481604850079753,0.3042208738148254,0.0,-0.27692,1.2545,-0.29,0.06,False,True,False,0.0,False,11.041287660598755
1790831893.308582,38817.880032256,209,32.0,373.2651922212484,True,423.0,44.85059660340437,True,4226.0,4208.9588151358,True,38817.862897348,38817.862897348,38817.843969363,38817.862948699,38817.844033201,38817.863558562,0.5,-1.6,167.6,0.0,89.62,178.37,0.5,-2.16,1.2519367234741818,0.3181865754816356,0.0,-0.2908,1.25858,-0.3,0.06,False,True,False,0.0,False,11.091359376907349
1790831893.3586652,38817.930096621,210,32.0,373.2624699158537,True,423.0,44.7281125189167,True,4111.0,4205.77528908148,True,38817.903598069,38817.903598069,38817.893212485,38817.92686966,38817.903521418,38817.928203205,0.1,-1.6,167.5,0.0,89.64999999999998,178.4,0.57,-2.17,1.2554590947543118,0.3323267805920615,0.0,-0.30486,1.26241,-0.3,0.05,False,True,False,0.0,False,11.14145541191101
1790831893.408717,38817.980170037,211,32.0,373.2607004233045,True,423.0,44.648755878168004,True,4134.0,4194.665173448888,True,38817.965787902,38817.965787902,38817.942979797,38817.965825475,38817.96311367,38817.928203205,0.1,-1.6,167.5,0.0,89.75999999999999,178.51,0.56,-2.16,1.2580435093734796,0.3454462813857742,0.0,-0.31792,1.26528,-0.29,0.03,False,True,False,0.0,False,11.191516160964966
1790831893.4588282,38818.030255535,212,32.0,373.25955025566446,True,423.0,44.59728307266738,True,4119.0,4170.399104069333,True,38818.02832335,38818.02832335,38818.005198902,38818.028392213,38818.005236882,38817.984520231,0.2,-1.7,167.5,0.0,89.71000000000004,178.46,0.58,-2.14,1.259756023994275,0.3577265620696008,0.0,-0.33016,1.26726,-0.27,0.02,False,True,False,0.0,False,11.241619348526001
1790831893.5088735,38818.08032588,213,32.0,373.2588026477618,True,423.0,44.563871806233635,True,4130.0,4154.239462441599,True,38818.02832335,38818.02832335,38818.043696317,38818.028392213,38818.062645822,38818.04360701,0.2,-1.6,167.5,0.0,89.73000000000002,178.48,0.58,-2.12,1.259756023994275,0.3577265620696008,0.0,-0.33016,1.26726,-0.26,0.02,False,True,False,0.0,False,11.291669607162476
1790831893.559039,38818.130476319,214,32.0,373.2583167030744,True,423.0,44.54217394219404,True,4091.0,4140.143677464959,True,38818.128572176,38818.128572176,38818.106982547,38818.130404027,38818.126915075,38818.083337688,0.1,-1.6,167.5,0.0,89.73000000000002,178.48,0.58,-2.13,1.264036198211827,0.3806853971591127,0.0,-0.35302,1.27204,-0.26,0.03,False,True,False,0.0,False,11.341825485229492
1790831893.609154,38818.180563914,215,32.0,373.2580008392174,True,423.0,44.528078552055945,True,4059.0,4131.686206478976,True,38818.128572176,38818.128572176,38818.163890823,38818.130404027,38818.163921165,38818.149017493,0.3,-1.6,167.5,0.0,89.69999999999999,178.45,0.63,-2.08,1.264036198211827,0.3806853971591127,0.0,-0.35302,1.27204,-0.27,0.03,False,True,False,0.0,False,11.391993761062622
1790831893.673592,38818.2450365,216,38.0,373.25779552779056,True,157.0,44.518920022044654,True,4036.0,4115.411723887386,True,38818.183412565,38818.183412565,38818.203352485,38818.183476353,38818.163921165,38818.183515277,0.2,-1.8,167.5,0.0,89.69999999999999,178.45,0.63,-2.08,1.2664340419591402,0.3922704627766856,0.0,-0.36455,1.27469,-0.28,0.04,False,True,False,0.0,False,11.4563729763031
1790831893.7238915,38818.295318532,217,38.0,373.25766207539704,True,157.0,44.51296844512427,True,3983.0,4092.8470343324316,True,38818.282876087,38818.282876087,38818.26671256,38818.282952596,38818.266731794,38818.247604074,0.1,-1.8,167.5,0.0,89.75999999999999,178.51,0.66,-2.01,1.2752658315933236,0.4303321849113648,0.0,-0.40241,1.28435,-0.29,0.05,False,True,False,0.0,False,11.50671124458313
1790831893.7740088,38818.345461077,218,38.0,370.39215674939015,True,157.0,85.23765656126955,True,3983.0,4070.108220599459,True,38818.342866557,38818.342866557,38818.33234465,38818.342923761,38818.332359563,38818.34340552,0.2,-1.6,167.5,0.0,89.77999999999997,178.53,0.63,-2.04,1.2777867701092611,0.4436103387363084,0.0,-0.41563,1.28716,-0.3,0.04,False,True,False,0.0,False,11.556783676147461
1790831893.824085,38818.395525446,219,38.0,368.5362074274377,True,157.0,125.39747494620076,True,3908.0,4035.264932359675,True,38818.39272613,38818.39272613,38818.364716462,38818.342923761,38818.390271433,38818.34340552,0.2,-1.6,167.5,0.0,89.73000000000002,178.48,0.63,-2.03,1.2777867701092611,0.4436103387363084,0.0,-0.41563,1.28716,-0.3,0.04,False,True,False,0.0,False,11.606898069381714
1790831893.875075,38818.446488861,220,38.0,367.3326411797983,True,157.0,157.28486269014303,True,3892.0,4014.3589594158047,True,38818.445940639,38818.445940639,38818.428343871,38818.445995384,38818.44583498,38818.41697592,0.1,-1.6,167.5,0.0,89.75999999999999,178.51,0.58,-1.99,1.2828924158469073,0.46907777837207965,0.0,-0.44098,1.29282,-0.3,0.04,False,True,False,0.0,False,11.657875537872314
1790831893.9298425,38818.501301858,221,38.0,366.5515064617463,True,157.0,180.45519592155955,True,3883.0,3971.815375649483,True,38818.445940639,38818.445940639,38818.483222324,38818.445995384,38818.483842326,38818.463381643,0.1,-1.5,167.5,0.0,89.81,178.56,0.6,-2.04,1.2828924158469073,0.46907777837207965,0.0,-0.44098,1.29282,-0.29,0.03,False,True,False,0.0,False,11.712648868560791
1790831893.9800282,38818.551418814,222,38.0,366.0442688573935,True,157.0,196.5483044530735,True,3922.0,3946.28922538969,True,38818.545749404,38818.545749404,38818.528213527,38818.503381216,38818.543990552,38818.503411821,0.1,-1.6,167.5,0.0,89.81,178.56,0.58,-1.98,1.284937432495998,0.4817053952060252,0.0,-0.45356,1.29514,-0.29,0.03,False,True,False,0.0,False,11.762843132019043
1790831894.0300722,38818.601519741,223,38.0,365.71477564867007,True,157.0,207.4450105894445,True,3934.0,3930.973535233814,True,38818.545749404,38818.545749404,38818.588421762,38818.56665694,38818.588436608,38818.567105228,0.2,-1.5,167.5,0.0,89.77999999999997,178.53,0.54,-2.03,1.286595415116427,0.4937344264899796,0.0,-0.46555,1.29706,-0.29,0.01,False,True,False,0.0,False,11.812877893447876
1790831894.0802004,38818.651618925,224,38.0,365.50069430940965,True,157.0,214.71215799023534,True,3883.0,3915.3841211402882,True,38818.64411639,38818.64411639,38818.625736411,38818.603068621,38818.642953255,38818.625638543,0.1,-1.5,167.5,0.0,89.73000000000002,178.48,0.48,-2.02,1.287607915396261,0.5055493256932456,0.0,-0.47734,1.29833,-0.29,0.01,False,True,False,0.0,False,11.862997055053711
1790831894.1302633,38818.70168889,225,38.0,365.36157914549847,True,157.0,219.5136656548827,True,3833.0,3902.430472684173,True,38818.64411639,38818.64411639,38818.682920288,38818.672786194,38818.682933669,38818.672845045,0.2,-1.4,167.5,0.0,89.88999999999999,178.64,0.51,-2.09,1.2884360955342136,0.5175602506226213,0.0,-0.48933,1.29942,-0.29,0.01,False,True,False,0.0,False,11.913085699081421
1790831894.1860807,38818.757522706,226,38.0,365.27117021999817,True,157.0,222.66754227027474,True,3840.0,3894.6582836105035,True,38818.744630782,38818.744630782,38818.743492282,38818.704396559,38818.744535406,38818.72456685,0.0,-1.5,167.5,0.0,89.82,178.57,0.46,-2.05,1.2890325852151354,0.5296461390906056,0.0,-0.5014,1.30028,-0.3,-0.01,False,False,False,0.0,False,11.968851804733276
1790831894.2362201,38818.807622575,227,38.0,365.2124111492882,True,157.0,224.73146089787895,True,3842.0,3873.594970166302,True,38818.80272945,38818.80272945,38818.784261375,38818.80279438,38818.784285642,38818.762619831,0.1,-1.3,167.5,0.0,89.83000000000004,178.58,0.44,-2.14,1.288029504045318,0.5545301787177794,0.0,-0.5263,1.29982,-0.3,-0.02,False,False,False,0.0,False,12.019064903259277
1790831894.2862754,38818.857726471,228,38.0,365.17422059711726,True,157.0,226.0788802604824,True,3847.0,3860.9569820997813,True,38818.80272945,38818.80272945,38818.843028995,38818.80279438,38818.843327352,38818.824993865,0.1,-1.4,167.5,0.0,89.78999999999996,178.54,0.41,-2.14,1.288029504045318,0.5545301787177794,0.0,-0.5263,1.29982,-0.31,-0.02,False,False,False,0.0,False,12.069054126739502
1790831894.3364193,38818.907824456,229,38.0,365.1493979397077,True,157.0,226.95718387376883,True,3830.0,3852.5741892598685,True,38818.903233755,38818.903233755,38818.885658648,38818.903277674,38818.902627725,38818.865225167,0.1,-1.3,167.5,0.0,89.88,178.63,0.42,-2.17,1.2865406098566978,0.5801337916287554,0.0,-0.55193,1.29889,-0.3,-0.02,False,False,False,0.0,False,12.119288206100464
1790831894.3865561,38818.957923369,230,38.0,365.1332637200258,True,157.0,227.52912945656354,True,3831.0,3847.544513555921,True,38818.903233755,38818.903233755,38818.943430402,38818.903277674,38818.943449063,38818.924738243,0.2,-1.4,167.5,0.0,89.74000000000001,178.49,0.42,-2.11,1.2865406098566978,0.5801337916287554,0.0,-0.55193,1.29889,-0.29,-0.04,False,False,False,0.0,False,12.169373750686646
1790831894.4375463,38819.008977735,231,38.0,365.1227766917081,True,157.0,227.9013369643121,True,3772.0,3840.926708133553,True,38819.008761732,38819.008761732,38819.008694552,38818.964860015,38819.008726209,38818.983818434,0.2,-1.3,167.5,0.0,89.81,178.56,0.38,-2.19,1.285641564098311,0.5924571116653498,0.0,-0.56427,1.29826,-0.29,-0.02,False,False,False,0.0,False,12.220352172851562
1790831894.4875975,38819.05902696,232,38.0,365.11596021391756,True,157.0,228.1434589606974,True,3754.0,3836.5560248801316,True,38819.008761732,38819.008761732,38819.043292796,38819.025318373,38819.008726209,38819.026651613,0.1,-1.3,167.5,0.0,89.81,178.56,0.38,-2.19,1.285326961441488,0.6045831343095773,0.0,-0.5764,1.29821,-0.28,-0.02,False,False,False,0.0,False,12.270388841629028
1790831894.5377328,38819.109179274,233,38.0,365.1115295416389,True,157.0,228.30091731500517,True,3692.0,3810.733614928079,True,38819.063057713,38819.063057713,38819.102892044,38819.063094545,38819.102922185,38819.094931919,0.2,-1.3,167.5,0.0,89.77999999999997,178.53,0.35,-2.18,1.2852744784002088,0.6166148526212059,0.0,-0.58843,1.29842,-0.28,-0.02,False,False,False,0.0,False,12.320539474487305
1790831894.5879364,38819.1593397,234,38.0,365.10864962083326,True,157.0,228.40329864674297,True,3687.0,3788.040168956847,True,38819.127595943,38819.127595943,38819.142483239,38819.12766603,38819.102922185,38819.127720626,0.1,-1.3,167.5,0.0,89.77999999999997,178.53,0.35,-2.18,1.2850748669899223,0.6285133296365589,0.0,-0.60033,1.29848,-0.28,-0.02,False,False,False,0.0,False,12.370753288269043
1790831894.63803,38819.2094357,235,19.0,365.10677767914376,False,148.0,228.46986062448,True,3659.0,3749.6241013741082,True,38819.164706888,38819.164706888,38819.204862065,38819.164764557,38819.204895371,38819.18275489,0.1,-1.2,167.5,0.0,89.87,178.62,0.3,-2.17,1.285209502798734,0.6406791618398643,0.0,-0.61249,1.29888,-0.29,-0.02,False,False,False,0.0,False,12.420835494995117
1790831894.6916072,38819.263048299,236,19.0,365.10556091993305,False,148.0,228.51313187237443,True,3659.0,3749.6241013741082,True,38819.226451086,38819.226451086,38819.204862065,38819.226517698,38819.204895371,38819.247346928,0.1,-1.3,167.5,0.0,89.87,178.62,0.3,-2.17,1.2850563518813507,0.6531988002051089,0.0,-0.62501,1.299,-0.29,-0.03,False,False,False,0.0,False,12.474385023117065
1790831894.7417037,38819.313129457,237,19.0,365.104770027666,False,148.0,231.96964532699104,True,3670.0,3724.574460824465,True,38819.282560812,38819.282560812,38819.265091204,38819.282606785,38819.266834977,38819.303434161,0.0,-1.3,167.5,0.0,89.78999999999996,178.54,0.32,-2.1,1.2849062550478727,0.6655784718865624,0.0,-0.63739,1.29912,-0.29,-0.02,False,False,False,0.0,False,12.524533748626709
1790831894.7917554,38819.363205042,238,19.0,365.1042559482078,False,148.0,234.23231342048277,True,3650.0,3702.744676494679,True,38819.346863536,38819.346863536,38819.32458865,38819.346904177,38819.325861701,38819.346935054,0.1,-1.2,167.5,0.0,89.87,178.62,0.32,-2.1,1.2850354855280148,0.6908272995718829,0.0,-0.66263,1.2998,-0.29,-0.02,False,False,False,0.0,False,12.574535846710205
1790831894.8418913,38819.413295912,239,19.0,365.1039217967778,False,148.0,235.7097799432786,True,3691.0,3689.646805896807,True,38819.388698646,38819.388698646,38819.364966485,38819.388757475,38819.386587004,38819.404351128,0.1,-1.3,167.5,0.0,89.84000000000003,178.59,0.31,-2.08,1.2849616611262469,0.7033786759887426,0.0,-0.67518,1.3,-0.29,-0.02,False,False,False,0.0,False,12.624755382537842
1790831894.891987,38819.463404828,240,19.0,365.1037045984403,False,148.0,236.67297756380188,True,3674.0,3681.7880835380843,True,38819.442898952,38819.442898952,38819.442261268,38819.388757475,38819.442511964,38819.404351128,0.1,-1.3,167.5,0.0,89.80000000000001,178.55,0.28,-2.1,1.2849616611262469,0.7033786759887426,0.0,-0.67518,1.3,-0.28,-0.02,False,False,False,0.0,False,12.674777507781982
1790831894.9424527,38819.513907886,241,19.0,365.10356341955975,False,148.0,237.30025776799036,True,3632.0,3677.0728501228505,True,38819.442898952,38819.442898952,38819.483875868,38819.464954797,38819.483909234,38819.46503265,0.2,-1.2,167.5,0.0,89.76999999999998,178.52,0.26,-2.08,1.2851341059276384,0.7156453569901575,0.0,-0.68744,1.30044,-0.27,-0.02,False,False,False,0.0,False,12.725255727767944
1790831894.9926426,38819.564081817,242,19.0,365.10347165330387,False,148.0,237.7084976404463,True,3669.0,3673.84371007371,True,38819.54497918,38819.54497918,38819.525738778,38819.515503901,38819.543427359,38819.523265515,0.1,-1.3,167.5,0.0,89.76999999999998,178.52,0.26,-2.08,1.2849970607983356,0.72788528013667,0.0,-0.69968,1.30057,-0.28,-0.02,False,False,False,0.0,False,12.775427103042603
1790831895.0427973,38819.614240401,243,19.0,365.1034120052445,False,148.0,237.97406807758003,True,3612.0,3671.906226044226,True,38819.602827797,38819.602827797,38819.600073762,38819.603061079,38819.600677043,38819.56704565,0.2,-1.2,167.5,0.0,89.69999999999999,178.45,0.23,-2.03,1.2855729491847536,0.7528337801430108,0.0,-0.72461,1.30169,-0.28,-0.02,False,False,False,0.0,False,12.825612783432007
1790831895.0928874,38819.664323064,244,19.0,365.10337323400876,False,148.0,238.14677949643269,True,3610.0,3655.9437356265357,True,38819.643425367,38819.643425367,38819.642678978,38819.662530422,38819.64333263,38819.663534699,0.3,-1.2,167.5,0.0,89.71000000000004,178.46,0.25,-2.04,1.2859020836777226,0.7652539158300933,0.0,-0.73702,1.30229,-0.28,-0.01,False,False,False,0.0,False,12.875676155090332
1790831895.1430042,38819.71441318,245,19.0,365.10334803270683,False,148.0,238.25908021185438,True,3608.0,3638.3662413759216,True,38819.702465584,38819.702465584,38819.687213478,38819.702513863,38819.687706948,38819.663534699,0.3,-1.2,167.5,0.0,89.66999999999996,178.42,0.22,-2.05,1.2860575500956322,0.7778403025313234,0.0,-0.7496,1.30272,-0.27,-0.02,False,False,False,0.0,False,12.92585825920105
1790831895.2013068,38819.772751791,246,19.0,365.1033316518611,False,148.0,238.33209185574168,True,3620.0,3627.8197448255532,True,38819.772333887,38819.772333887,38819.743904709,38819.702513863,38819.743953832,38819.72325468,0.3,-1.1,167.5,0.0,89.69,178.44,0.28,-2.04,1.2860575500956322,0.7778403025313234,0.0,-0.7496,1.30272,-0.28,-0.01,False,False,False,0.0,False,12.984084606170654
1790831895.251858,38819.823260652,247,19.0,365.10332100431157,False,148.0,238.37955625983815,True,3609.0,3620.6918468953318,True,38819.803284873,38819.803284873,38819.7852986,38819.774074198,38819.803211636,38819.774117724,0.2,-1.2,167.5,0.0,89.69,178.44,0.27,-2.03,1.286050436803005,0.7905431702941975,0.0,-0.7623,1.30299,-0.27,-0.01,False,False,False,0.0,False,13.034699201583862
1790831895.301891,38819.873336353,248,19.0,365.1033140834045,False,148.0,238.41041101052906,True,3596.0,3616.0151081371987,True,38819.863934354,38819.863934354,38819.84416482,38819.865784054,38819.844190821,38819.824884755,0.3,-1.2,167.5,0.0,89.73000000000002,178.48,0.34,-2.07,1.2858254620503522,0.8150640978125576,0.0,-0.78682,1.3033,-0.27,-0.01,False,False,False,0.0,False,13.084671258926392
1790831895.3524153,38819.923811357,249,19.0,365.1033095848149,False,148.0,238.43046781867008,True,3553.0,3612.809064882319,True,38819.863934354,38819.863934354,38819.906572472,38819.865784054,38819.906604352,38819.887154447,0.2,-1.3,167.5,0.0,89.73000000000002,178.48,0.35,-2.08,1.2858254620503522,0.8150640978125576,0.0,-0.78682,1.3033,-0.27,-0.02,False,False,False,0.0,False,13.135282039642334
1790831895.4025168,38819.9739214,250,19.0,365.10330666073173,False,148.0,238.4435052594928,True,3512.0,3606.0854389293913,True,38819.963490427,38819.963490427,38819.946321549,38819.926271672,38819.962847983,38819.946260165,0.0,-1.4,167.5,0.0,89.75,178.5,0.41,-2.1,1.285832927503853,0.8275572336985954,0.0,-0.79931,1.30358,-0.27,-0.01,False,False,False,0.0,False,13.185310125350952
1790831895.4623997,38820.033864303,251,19.0,365.1033047600776,False,148.0,238.45197981383947,True,3519.0,3584.8512633576347,True,38820.033430799,38820.033430799,38820.00335129,38819.98573348,38820.003370938,38819.986661925,0.2,-1.3,167.5,0.0,89.76999999999998,178.52,0.4,-2.1,1.2858145449246978,0.839859760352937,0.0,-0.81161,1.30383,-0.27,-0.02,False,False,False,0.0,False,13.245194911956787
1790831895.5127103,38820.084122164,252,19.0,365.10330352465246,False,148.0,238.45748836619035,True,3502.0,3558.5107580145805,True,38820.033430799,38820.033430799,38820.067267231,38820.035016917,38820.067308945,38820.045171637,0.1,-1.4,167.5,0.0,89.73000000000002,178.48,0.45,-2.15,1.2856464161903312,0.8521490171542524,0.0,-0.8239,1.30393,-0.28,-0.02,False,False,False,0.0,False,13.295519828796387
1790831895.5629945,38820.13444044,253,19.0,365.10330272162616,False,148.0,238.4610689640992,True,3449.0,3539.9064548087485,True,38820.124220979,38820.124220979,38820.103193725,38820.131160371,38820.124166281,38820.088027668,0.2,-1.4,167.5,0.0,89.76999999999998,178.52,0.48,-2.17,1.285325099311736,0.8774180210021197,0.0,-0.84917,1.30416,-0.28,-0.01,False,False,False,0.0,False,13.34579873085022
1790831895.6134105,38820.18482563,254,19.0,365.103302199659,False,148.0,238.46339636916704,True,3452.0,3524.7438728852494,True,38820.124220979,38820.124220979,38820.16370773,38820.131160371,38820.124166281,38820.142395302,0.1,-1.4,167.5,0.0,89.76999999999998,178.52,0.48,-2.17,1.285325099311736,0.8774180210021197,0.0,-0.84917,1.30416,-0.28,-0.02,False,False,False,0.0,False,13.396201372146606
1790831895.6634674,38820.234903707,255,517.0,365.1033018603804,True,6.0,238.46490918940165,False,3409.0,3495.6463237311496,True,38820.185878934,38820.185878934,38820.225232542,38820.186651347,38820.225264253,38820.212448256,0.2,-1.6,167.5,0.0,89.77999999999997,178.53,0.59,-2.16,1.2853015295527614,0.9027935455182052,0.0,-0.87454,1.30469,-0.28,-0.02,False,False,False,0.0,False,13.446277379989624
1790831895.7137198,38820.285105126,256,517.0,365.1033016398493,True,6.0,238.4658925254865,False,3433.0,3476.98779423869,True,38820.244086576,38820.244086576,38820.265189558,38820.244765181,38820.225264253,38820.263116122,0.2,-1.5,167.5,0.0,89.77999999999997,178.53,0.59,-2.16,1.2853476765942433,0.9153475397212694,0.0,-0.88709,1.30501,-0.28,-0.02,False,False,False,0.0,False,13.496544361114502
1790831895.763792,38820.335206529,257,517.0,178.06503792033539,True,6.0,238.46653169518052,False,3372.0,3459.3926765432143,True,38820.2873194,38820.2873194,38820.320691338,38820.303279806,38820.320710898,38820.30526519,0.2,-1.6,167.5,0.0,89.77999999999997,178.53,0.61,-2.21,1.2854073116376015,0.9277417901488507,0.0,-0.89948,1.30534,-0.28,-0.02,True,False,False,0.0,False,13.546638011932373
1790831895.8138032,38820.385272045,258,517.0,98.73751690820245,True,6.0,238.46694715600512,False,3372.0,3459.3926765432143,True,38820.34366205,38820.34366205,38820.320691338,38820.344842651,38820.320710898,38820.365236918,0.0,-1.7,167.5,0.0,89.77999999999997,178.53,0.61,-2.21,1.2853191638654011,0.940032792140969,0.0,-0.91177,1.30552,-0.28,-0.02,True,False,False,0.0,False,13.596570014953613
1790831895.8640816,38820.435487344,259,517.0,65.02413379666137,True,6.0,238.4672172057622,False,3370.0,3439.235605925928,True,38820.386115805,38820.386115805,38820.38539866,38820.402396785,38820.386064428,38820.425420975,0.1,-1.6,167.5,0.0,89.78999999999996,178.54,0.63,-2.23,1.28534120806503,0.9523161961501704,0.0,-0.92405,1.30581,-0.28,-0.02,True,False,False,0.0,False,13.64693021774292
1790831895.914092,38820.485553324,260,517.0,50.65185086749062,True,6.0,238.4673927381978,False,3331.0,3412.341363555557,True,38820.444998138,38820.444998138,38820.443259627,38820.468960881,38820.444904104,38820.469021281,0.0,-1.7,167.5,0.0,89.88,178.63,0.69,-2.23,1.285364742079766,0.9649897254987831,0.0,-0.93672,1.30611,-0.28,-0.02,True,False,False,0.0,False,13.696863651275635
1790831895.9641685,38820.535617748,261,517.0,44.49611526296195,True,6.0,238.46750683432037,False,3328.0,3395.404818133334,True,38820.505040758,38820.505040758,38820.489860145,38820.505170824,38820.489877869,38820.524687338,0.1,-1.7,167.5,0.0,89.85000000000002,178.6,0.76,-2.17,1.2852963341724117,0.97775127009018,0.0,-0.94948,1.30632,-0.29,-0.02,True,False,False,0.0,False,13.74698257446289
1790831896.0146503,38820.586069147,262,517.0,41.84107702652847,True,6.0,238.46758099681676,False,3322.0,3369.642890880001,True,38820.563273835,38820.563273835,38820.585886638,38820.563310398,38820.555715374,38820.563334285,0.0,-1.8,167.5,0.0,89.88999999999999,178.64,0.75,-2.18,1.2851475090051903,0.9905310647313157,0.0,-0.96226,1.30645,-0.3,-0.02,True,False,False,0.0,False,13.797449588775635
1790831896.0669065,38820.638360922,263,517.0,40.68406740834723,True,6.0,238.4676292024465,False,3322.0,3369.642890880001,True,38820.603511892,38820.603511892,38820.585886638,38820.603552355,38820.603419378,38820.623483892,0.0,-1.7,167.5,0.0,89.88,178.63,0.75,-2.17,1.2850350030154416,1.0030215828311493,0.0,-0.97475,1.30661,-0.3,-0.02,True,False,False,0.0,False,13.849710702896118
1790831896.1183085,38820.689723019,264,517.0,40.172314468528384,True,6.0,238.46766053610872,False,3359.0,3354.1857345280005,True,38820.662708588,38820.662708588,38820.643327006,38820.662773501,38820.643338669,38820.685820339,0.0,-1.7,167.5,0.0,89.89999999999998,178.65,0.72,-2.2,1.2843778262563619,1.0157202685390219,0.0,-0.98746,1.30623,-0.3,-0.05,True,False,False,0.0,False,13.901110172271729
1790831896.1684148,38820.73986882,265,517.0,39.941203206965724,True,6.0,238.46768090299048,False,3319.0,3343.7114407168,True,38820.723651994,38820.723651994,38820.703594465,38820.723692241,38820.703614596,38820.723723432,0.1,-1.6,167.5,0.0,89.85000000000002,178.6,0.72,-2.2,1.2827128531895846,1.0283069426305724,0.0,-1.00008,1.30484,-0.3,-0.05,True,False,False,0.0,False,13.95121455192566
1790831896.2190588,38820.790481524,266,517.0,39.833876530037514,True,6.0,238.4676941414641,False,3335.0,3337.42686443008,True,38820.7645871,38820.7645871,38820.742524554,38820.787659814,38820.763081516,38820.723723432,0.1,-1.6,167.5,0.0,89.75,178.5,0.69,-2.18,1.2796860595043202,1.0405038159998765,0.0,-1.01234,1.30208,-0.3,-0.09,True,False,False,0.0,False,14.001853942871094
1790831896.2691705,38820.840591618,267,517.0,39.78223759923867,True,6.0,238.46770274647224,False,3283.0,3331.256118658048,True,38820.823422592,38820.823422592,38820.806041131,38820.823611693,38820.806053866,38820.790809907,0.3,-1.7,167.5,0.0,89.65999999999997,178.41,0.7,-2.15,1.2757433742066038,1.0529607711913818,0.0,-1.02488,1.29841,-0.3,-0.1,True,False,False,0.0,False,14.051998853683472
1790831896.320299,38820.891736278,268,517.0,39.75632943460829,True,6.0,238.46770833972755,False,3308.0,3326.353671194829,True,38820.863513708,38820.863513708,38820.863232749,38820.823611693,38820.86326074,38820.845493967,0.3,-1.7,167.5,0.0,89.73000000000002,178.48,0.73,-2.12,1.2757433742066038,1.0529607711913818,0.0,-1.02488,1.29841,-0.3,-0.1,True,False,False,0.0,False,14.10306978225708
1790831896.3705726,38820.941969176,269,517.0,39.74272426941286,True,6.0,238.46771197534358,False,3327.0,3323.412202716898,True,38820.925931582,38820.925931582,38820.904531226,38820.925960702,38820.923204489,38820.89297481,0.1,-1.7,167.5,0.0,89.66999999999996,178.42,0.7,-2.12,1.2683746076324969,1.0780359896186722,0.0,-1.05011,1.29159,-0.3,-0.1,True,False,False,0.0,False,14.153414726257324
1790831896.4206064,38820.992059286,270,517.0,39.73524775945236,True,6.0,238.46771433849406,False,3277.0,3317.2473216301387,True,38820.985036414,38820.985036414,38820.96308099,38820.985333248,38820.963094436,38820.944991695,0.3,-1.7,167.5,0.0,89.66999999999996,178.42,0.71,-2.12,1.2651908688799596,1.0905495146038868,0.0,-1.06269,1.28868,-0.3,-0.08,True,False,False,0.0,False,14.203380823135376
1790831896.4712484,38821.042651263,271,517.0,39.73096552101151,True,6.0,238.46771587454182,False,3241.0,3303.548392978083,True,38821.024752815,38821.024752815,38821.002611546,38820.985333248,38821.02304425,38821.002158118,0.3,-1.7,167.5,0.0,89.65999999999997,178.41,0.7,-2.16,1.2651908688799596,1.0905495146038868,0.0,-1.06269,1.28868,-0.31,-0.06,True,False,False,0.0,False,14.254058599472046
1790831896.521339,38821.092749811,272,517.0,39.72842605683161,True,6.0,238.4677168729729,False,3272.0,3292.92903578685,True,38821.086050548,38821.086050548,38821.062836624,38821.086123567,38821.062851435,38821.044947866,0.3,-1.7,167.5,0.0,89.64999999999998,178.4,0.66,-2.18,1.2617633089542057,1.1160708161568125,0.0,-1.08828,1.28581,-0.31,-0.05,True,False,False,0.0,False,14.304144382476807
1790831896.573505,38821.144941681,273,517.0,39.72687849123048,True,6.0,238.46771752195312,False,3241.0,3284.55742147211,True,38821.13113418,38821.13113418,38821.12596116,38821.144824282,38821.12599628,38821.144869547,0.2,-1.6,167.5,0.0,89.66999999999996,178.42,0.68,-2.16,1.258892598906557,1.1412841920478418,0.0,-1.11355,1.28349,-0.31,-0.05,True,False,False,0.0,False,14.35630178451538
1790831896.6235976,38821.195045245,274,393.0,39.72591612747374,True,84.0,238.4677179437902,True,3198.0,3267.134452883266,True,38821.187881356,38821.187881356,38821.184544899,38821.144824282,38821.185572622,38821.144869547,0.2,-1.6,167.5,0.0,89.66999999999996,178.42,0.63,-2.18,1.258892598906557,1.1412841920478418,0.0,-1.11355,1.28349,-0.31,-0.06,True,False,False,0.0,False,14.406374216079712
1790831896.6736746,38821.24512868,275,393.0,39.72530899254781,True,84.0,238.46771821798436,True,3186.0,3256.6806717299596,True,38821.244816733,38821.244816733,38821.230535027,38821.244860148,38821.230548341,38821.202909609,0.2,-1.6,167.5,0.0,89.71000000000004,178.46,0.63,-2.23,1.254075843287708,1.1662950669887207,0.0,-1.13866,1.27922,-0.31,-0.07,True,False,False,0.0,False,14.456470966339111
1790831896.7238564,38821.295252868,276,393.0,42.72106134555503,True,84.0,264.0795526334311,True,3167.0,3233.2084030379756,True,38821.244816733,38821.244816733,38821.277591515,38821.244860148,38821.278442064,38821.264233743,0.2,-1.6,167.5,0.0,89.60000000000002,178.35,0.63,-2.2,1.254075843287708,1.1662950669887207,0.0,-1.13866,1.27922,-0.31,-0.09,True,False,False,0.0,False,14.506669521331787
1790831896.773994,38821.345421139,277,393.0,47.493412788491355,True,84.0,281.51989469424115,True,3211.0,3219.1250418227855,True,38821.343489247,38821.343489247,38821.342573105,38821.316881908,38821.343395891,38821.329152321,0.1,-1.6,167.5,0.0,89.82,178.57,0.62,-2.25,1.2505943574155503,1.178702071305717,0.0,-1.15114,1.27601,-0.3,-0.08,True,False,False,0.0,False,14.556821346282959
1790831896.8304832,38821.401920962,278,393.0,51.78905122109586,True,84.0,293.1910115281179,True,3211.0,3210.675025093671,True,38821.343489247,38821.343489247,38821.380372593,38821.362378815,38821.38039608,38821.36293632,0.1,-1.5,167.5,0.0,89.75,178.5,0.62,-2.25,1.2473495421971361,1.1912642754991836,0.0,-1.16377,1.27304,-0.31,-0.08,True,False,False,0.0,False,14.613265752792358
1790831896.8809836,38821.452390071,279,393.0,55.08551642504784,True,84.0,300.91873039400065,True,3207.0,3209.2050150562027,True,38821.413780408,38821.413780408,38821.447266514,38821.423225432,38821.447290823,38821.425048097,0.2,-1.5,167.5,0.0,89.76999999999998,178.52,0.6,-2.25,1.2440788789460666,1.203635870460954,0.0,-1.17621,1.27004,-0.31,-0.07,True,False,False,0.0,False,14.663837432861328
1790831896.931041,38821.502495948,280,393.0,57.44128565173236,True,84.0,306.0015284171566,True,3224.0,3209.9230090337214,True,38821.463452469,38821.463452469,38821.489752122,38821.463496835,38821.447290823,38821.463531239,0.2,-1.6,167.5,0.0,89.76999999999998,178.52,0.6,-2.25,1.2414947792609268,1.2161724819974602,0.0,-1.1888,1.26773,-0.32,-0.07,True,False,False,0.0,False,14.71381425857544
1790831896.9813137,38821.552737899,281,393.0,59.06255639071611,True,84.0,309.3306045034483,True,3224.0,3209.9230090337214,True,38821.503195204,38821.503195204,38821.489752122,38821.523334513,38821.503146934,38821.543168687,0.3,-1.6,167.5,0.0,89.75999999999999,178.51,0.63,-2.26,1.2393929649861395,1.2286095908558041,0.0,-1.20128,1.2659,-0.32,-0.07,True,False,False,0.0,False,14.76413869857788
1790831897.0318072,38821.603200177,282,393.0,60.15441613439805,True,84.0,311.5051751988869,True,3221.0,3210.3538054202327,True,38821.587958373,38821.587958373,38821.572058485,38821.588020776,38821.572076306,38821.543168687,0.3,-1.6,167.5,0.0,89.68,178.43,0.65,-2.22,1.2373498275398747,1.241107994328875,0.0,-1.21382,1.26413,-0.32,-0.07,True,False,False,0.0,False,14.81460952758789
1790831897.085951,38821.657408055,283,393.0,60.88019423280343,True,84.0,312.92315474954694,True,3244.0,3214.6122832521396,True,38821.623527237,38821.623527237,38821.605780043,38821.642772309,38821.62276823,38821.64375324,0.1,-1.6,167.5,0.0,89.76999999999998,178.52,0.65,-2.23,1.235447928443658,1.2540095748455333,0.0,-1.22676,1.26251,-0.31,-0.06,True,False,False,0.0,False,14.8687424659729
1790831897.1363115,38821.707733114,284,393.0,61.358739261234575,True,84.0,313.84674634039504,True,3268.0,3218.3673699512838,True,38821.686098741,38821.686098741,38821.665793946,38821.686147866,38821.665822377,38821.705493792,0.1,-1.5,167.5,0.0,89.72000000000003,178.47,0.63,-2.19,1.2331061712823712,1.2664414481314687,0.0,-1.23924,1.26044,-0.31,-0.07,True,False,False,0.0,False,14.919108390808105
1790831897.186367,38821.757821212,285,393.0,61.672661993952374,True,84.0,314.4478856874796,True,3320.0,3228.6204219707706,True,38821.744223132,38821.744223132,38821.723731328,38821.744263391,38821.72456228,38821.744293853,0.1,-1.5,167.5,0.0,89.76999999999998,178.52,0.58,-2.2,1.2310523817692842,1.2789696263165018,0.0,-1.25181,1.25866,-0.31,-0.07,True,False,False,0.0,False,14.969166994094849
1790831897.236598,38821.807975497,286,393.0,61.8779236963594,True,84.0,314.83896629659114,True,3320.0,3244.3722531824624,True,38821.786407531,38821.786407531,38821.762739465,38821.786463376,38821.78630699,38821.803214567,0.2,-1.5,167.5,0.0,89.76999999999998,178.52,0.6,-2.2,1.2254742427410572,1.304494013967957,0.0,-1.27745,1.25364,-0.31,-0.08,True,False,False,0.0,False,15.019408941268921
1790831897.2866404,38821.858065177,287,393.0,62.011855841718216,True,84.0,315.09331235667014,True,3373.0,3274.6233519094776,True,38821.843783479,38821.843783479,38821.826499631,38821.843825128,38821.826513802,38821.803214567,0.2,-1.5,167.5,0.0,89.77999999999997,178.53,0.6,-2.14,1.2226497638717175,1.3170453851725967,0.0,-1.29006,1.25109,-0.31,-0.08,True,False,False,0.0,False,15.069437026977539
1790831897.3367348,38821.908179398,288,393.0,62.099128072592066,True,84.0,315.25869799382764,True,3332.0,3292.7740111456865,True,38821.895319309,38821.895319309,38821.863491565,38821.907736088,38821.889481326,38821.907783673,0.1,-1.5,167.5,0.0,89.77999999999997,178.53,0.58,-2.16,1.2200843505340173,1.3296424187284284,0.0,-1.30271,1.2488,-0.31,-0.07,True,False,False,0.0,False,15.119534015655518
1790831897.3869236,38821.958325997,289,393.0,62.1559464247851,True,84.0,315.3662243029299,True,3327.0,3306.464406687412,True,38821.942678705,38821.942678705,38821.923110663,38821.942753011,38821.923125115,38821.907783673,0.1,-1.5,167.5,0.0,89.80000000000001,178.55,0.56,-2.13,1.2178414788311869,1.3421264616042214,0.0,-1.31524,1.24683,-0.31,-0.07,True,False,False,0.0,False,15.16973090171814
1790831897.4369917,38822.008439126,290,393.0,62.19291697110839,True,84.0,315.43612723883757,True,3305.0,3314.6786440124474,True,38822.003609463,38822.003609463,38821.994101929,38822.005140721,38821.994115051,38822.005188641,0.0,-1.4,167.5,0.0,89.84000000000003,178.59,0.55,-2.18,1.215631217775373,1.3544911874833163,0.0,-1.32765,1.24489,-0.31,-0.07,True,False,False,0.0,False,15.219789505004883
1790831897.4878185,38822.059210039,291,393.0,62.216964142069116,True,84.0,315.48156872496145,True,3323.0,3319.6071864074684,True,38822.043510657,38822.043510657,38822.02446054,38822.043566682,38822.042455195,38822.005188641,0.0,-1.4,167.5,0.0,89.88,178.63,0.55,-2.18,1.213113430128518,1.3667391769250714,0.0,-1.33995,1.24264,-0.32,-0.08,True,False,False,0.0,False,15.270625829696655
1790831897.537903,38822.109312722,292,393.0,62.23260169664047,True,84.0,315.5111076250556,True,3337.0,3322.5643118444814,True,38822.103471235,38822.103471235,38822.086282413,38822.103543352,38822.086307434,38822.064214779,0.2,-1.4,167.5,0.0,89.72000000000003,178.47,0.5,-2.16,1.2107925408031746,1.3791314960276246,0.0,-1.35239,1.24059,-0.31,-0.07,True,False,False,0.0,False,15.320706367492676
1790831897.5922945,38822.163755336,293,256.0,62.24276901959314,True,303.0,315.5303087272799,True,3369.0,3324.338587106689,True,38822.142670219,38822.142670219,38822.123543182,38822.142750376,38822.128638277,38822.122542107,0.0,-1.4,167.6,0.0,89.97000000000003,178.72,0.5,-2.25,1.20796500784993,1.3918228339160552,0.0,-1.36514,1.23804,-0.32,-0.07,True,False,False,0.0,False,15.37508773803711
1790831897.642453,38822.213898784,294,256.0,62.24937901003568,True,303.0,315.542789788977,True,3390.0,3329.4031522640134,True,38822.203438984,38822.203438984,38822.18842643,38822.204193234,38822.188466816,38822.164857598,0.2,-1.3,167.6,0.0,89.75999999999999,178.51,0.44,-2.3,1.2052595906015933,1.4048769220692892,0.0,-1.37825,1.23562,-0.32,-0.08,True,False,False,0.0,False,15.425251245498657
1790831897.6925783,38822.264021532,295,256.0,82.52116333178071,True,303.0,224.64452510831887,True,3390.0,3345.241891358408,True,38822.250119639,38822.250119639,38822.249506339,38822.262560945,38822.250071202,38822.262616738,0.1,-1.4,167.6,0.0,89.86000000000001,178.61,0.48,-2.32,1.2028234918808625,1.4175067844209877,0.0,-1.39093,1.23346,-0.32,-0.07,True,False,False,0.0,False,15.475385427474976
1790831897.742713,38822.314144688,296,256.0,99.15553289051809,True,303.0,174.84045673878023,True,3447.0,3363.145134815045,True,38822.303315442,38822.303315442,38822.28548676,38822.303355053,38822.303225897,38822.262616738,0.1,-1.4,167.6,0.0,89.74000000000001,178.49,0.48,-2.27,1.2001433054454762,1.4303213659854233,0.0,-1.4038,1.23106,-0.32,-0.08,True,True,False,-75.68492384826214,False,15.525506019592285
1790831897.7932525,38822.36467581,297,256.0,111.42875547290475,True,303.0,146.3885293503758,True,3434.0,3373.887080889027,True,38822.303315442,38822.303315442,38822.343025115,38822.303355053,38822.343086049,38822.322736116,0.4,-1.3,167.6,0.0,89.75999999999999,178.51,0.53,-2.29,1.2001433054454762,1.4303213659854233,0.0,-1.4038,1.23106,-0.31,-0.07,True,True,False,-34.95977387747104,False,15.57608437538147
1790831897.8472521,38822.41870143,298,256.0,120.0235729524461,True,303.0,129.55127950229655,True,3395.0,3382.332248533416,True,38822.365862966,38822.365862966,38822.402184807,38822.365921747,38822.402772215,38822.365958632,0.2,-1.4,167.6,0.0,89.83000000000004,178.58,0.51,-2.35,1.1975605146534385,1.4427979918003047,0.0,-1.41633,1.22875,-0.31,-0.07,True,True,False,-9.52770654985045,False,15.630032539367676
1790831897.8974056,38822.468824343,299,256.0,125.87098094756635,True,303.0,119.3069395992722,True,3409.0,3392.9993491200494,True,38822.462665052,38822.462665052,38822.444984172,38822.462690721,38822.462603853,38822.424513273,0.1,-1.5,167.6,0.0,89.69999999999999,178.45,0.53,-2.27,1.192805527173862,1.4672700859908123,0.0,-1.4409,1.22453,-0.31,-0.08,True,True,False,6.564041348294154,False,15.6802499294281
1790831897.9475155,38822.518967602,300,256.0,129.78197427201377,True,303.0,112.94381479280725,True,3427.0,3406.5996094720294,True,38822.462665052,38822.462665052,38822.503120531,38822.462690721,38822.503129542,38822.487896524,0.0,-1.4,167.6,0.0,89.82,178.57,0.58,-2.32,1.192805527173862,1.4672700859908123,0.0,-1.4409,1.22453,-0.31,-0.07,True,True,False,16.838159479206524,False,15.730287075042725
1790831897.997795,38822.569216227,301,256.0,132.3706701918237,True,303.0,108.93271528374169,True,3419.0,3411.559765683218,True,38822.562866544,38822.562866544,38822.562205794,38822.524371896,38822.562805466,38822.544302276,0.2,-1.5,167.6,0.0,89.74000000000001,178.49,0.6,-2.32,1.1904001129873398,1.4794105012469423,0.0,-1.45309,1.22239,-0.32,-0.07,True,True,False,23.43795490808202,False,15.780626773834229
1790831898.0478647,38822.619291773,302,256.0,134.07299002409349,True,303.0,106.37828421024426,True,3389.0,3410.5358594099307,True,38822.562866544,38822.562866544,38822.603181658,38822.587137285,38822.603193496,38822.587173164,0.3,-1.6,167.6,0.0,89.66999999999996,178.42,0.65,-2.23,1.1879942252762714,1.4920310204249212,0.0,-1.46576,1.22026,-0.32,-0.06,True,True,False,27.694705813849225,False,15.830658435821533
1790831898.1003852,38822.67182624,303,256.0,135.18780742722504,True,303.0,104.74020508659555,True,3389.0,3410.5358594099307,True,38822.62246814,38822.62246814,38822.603181658,38822.622505552,38822.603193496,38822.643410149,0.1,-1.6,167.6,0.0,89.66999999999996,178.42,0.65,-2.23,1.1865737389950055,1.5048730887445003,0.0,-1.47863,1.21912,-0.32,-0.04,True,True,False,30.447602340629487,False,15.883183002471924
1790831898.1506572,38822.722051727,304,256.0,135.91594950814647,True,303.0,103.68487586004136,True,3354.0,3409.9215156459586,True,38822.672131016,38822.672131016,38822.704991551,38822.683488357,38822.672086774,38822.684971777,0.2,-1.6,167.6,0.0,89.81,178.56,0.67,-2.22,1.1857922278156694,1.5177691090715848,0.0,-1.49154,1.21862,-0.32,-0.03,True,True,False,32.23107364810511,False,15.933463096618652
1790831898.2007184,38822.772174069,305,256.0,136.39072516059986,True,303.0,103.00289274389411,True,3364.0,3401.5529093875753,True,38822.723845915,38822.723845915,38822.764751286,38822.723880077,38822.764778924,38822.743619357,0.2,-1.6,167.6,0.0,89.78999999999996,178.54,0.7,-2.21,1.185431962807654,1.5301541972474517,0.0,-1.50393,1.21853,-0.32,-0.02,True,True,False,33.38783241670575,False,15.983511686325073
1790831898.2517128,38822.823153802,306,256.0,136.69995602888292,True,303.0,102.56128564066859,True,3364.0,3401.5529093875753,True,38822.786117767,38822.786117767,38822.764751286,38822.788725671,38822.764778924,38822.802979821,0.3,-1.7,167.6,0.0,89.78999999999996,178.54,0.7,-2.21,1.1859684295401058,1.5426988855036408,0.0,-1.51646,1.21934,-0.32,-0.02,True,True,False,34.13867038821434,False,16.03450083732605
1790831898.3017967,38822.873244629,307,256.0,136.90122087156152,True,303.0,102.27495163573121,True,3344.0,3386.531745632545,True,38822.843283855,38822.843283855,38822.863062157,38822.843324351,38822.823537121,38822.862650915,0.2,-1.7,167.6,0.0,89.73000000000002,178.48,0.71,-2.2,1.1871539918410372,1.5672105815288164,0.0,-1.54094,1.22106,-0.32,-0.01,True,True,False,34.62626923583031,False,16.084595680236816
1790831898.353526,38822.924961676,308,256.0,137.03215488813214,True,303.0,102.08913476615913,True,3344.0,3386.531745632545,True,38822.887315904,38822.887315904,38822.863062157,38822.902803222,38822.885967838,38822.902849431,0.2,-1.7,167.6,0.0,89.75999999999999,178.51,0.72,-2.19,1.187877178352724,1.5794492702359173,0.0,-1.55316,1.22205,-0.32,-0.0,True,True,False,34.94302012197301,False,16.13630771636963
1790831898.4036863,38822.975088829,309,256.0,137.1173092634835,True,303.0,101.968480649649,True,3302.0,3373.5190473795274,True,38822.942836776,38822.942836776,38822.9260152,38822.943690063,38822.94240974,38822.962887072,0.1,-1.8,167.6,0.0,89.76999999999998,178.52,0.76,-2.13,1.188971984778388,1.5920761581696214,0.0,-1.56576,1.22342,-0.33,-0.0,True,True,False,35.148828613834496,False,16.1865234375
1790831898.4538488,38823.025299046,310,256.0,137.17267957674704,True,303.0,101.8901090674982,True,3300.0,3361.711428427717,True,38823.010359765,38823.010359765,38823.022537319,38823.010402107,38822.9858956,38823.010437013,0.1,-1.7,167.6,0.0,89.84000000000003,178.59,0.81,-2.2,1.1902156647638622,1.6047563064374348,0.0,-1.57841,1.22494,-0.33,0.01,True,True,False,35.28257050924884,False,16.236620903015137
1790831898.5044622,38823.075867472,311,256.0,137.20867871739142,True,303.0,101.839190182388,True,3300.0,3361.711428427717,True,38823.043355912,38823.043355912,38823.022537319,38823.062730025,38823.04241023,38823.062788203,0.2,-1.7,167.6,0.0,89.80000000000001,178.55,0.81,-2.15,1.191751457225693,1.6173428048192002,0.0,-1.59096,1.22675,-0.33,0.01,True,True,False,35.36948853500343,False,16.28729248046875
1790831898.5545268,38823.125968873,312,256.0,137.2320817234525,True,303.0,101.80610247385545,True,3290.0,3337.82685705663,True,38823.103251585,38823.103251585,38823.09867434,38823.103287647,38823.098689111,38823.123349427,0.1,-1.7,167.6,0.0,89.84000000000003,178.59,0.79,-2.13,1.1931275059120416,1.6299158151990891,0.0,-1.6035,1.2284,-0.33,0.01,True,True,False,35.42597924959705,False,16.337300300598145
1790831898.611142,38823.182593873,313,212.0,137.2472951834535,True,363.0,101.78459950527775,True,3269.0,3322.696114233978,True,38823.142649785,38823.142649785,38823.130760152,38823.162320724,38823.131522652,38823.163275989,0.1,-1.7,167.6,0.0,89.83000000000004,178.58,0.76,-2.15,1.194400306162927,1.642636608394537,0.0,-1.61619,1.22995,-0.33,0.01,True,True,False,35.46269567817575,False,16.393948316574097
1790831898.6615033,38823.232898223,314,212.0,137.25718456876513,True,363.0,101.77062428343385,True,3267.0,3309.6176685403866,True,38823.202978569,38823.202978569,38823.183841958,38823.203018233,38823.202917438,38823.224375509,0.1,-1.7,167.6,0.0,89.78999999999996,178.54,0.74,-2.17,1.1956583467456787,1.6551170224057847,0.0,-1.62864,1.23148,-0.34,0.0,True,True,False,35.48656028533128,False,16.444309949874878
1790831898.7115521,38823.28298501,315,212.0,148.9844141402396,True,363.0,88.68020029001661,True,3250.0,3293.370601124232,True,38823.266490288,38823.266490288,38823.244442397,38823.2665341,38823.244465765,38823.266566279,0.1,-1.6,167.6,0.0,89.88999999999999,178.64,0.72,-2.19,1.1963541209559123,1.6676951939043918,0.0,-1.6412,1.23245,-0.34,0.0,True,True,False,60.30421385022299,False,16.49435782432556
1790831898.7616634,38823.333085376,316,212.0,156.96399480006517,True,363.0,80.86901143277908,True,3242.0,3282.8223606745396,True,38823.302862585,38823.302862585,38823.28718176,38823.322902448,38823.302772756,38823.324296506,0.1,-1.6,167.6,0.0,89.85000000000002,178.6,0.66,-2.23,1.1969979437251386,1.6803622532411844,0.0,-1.65385,1.23337,-0.35,-0.01,True,True,False,76.09498336728609,False,16.54447102546692
1790831898.8117654,38823.383179316,317,212.0,162.30150463666183,True,363.0,76.08646907258395,True,3210.0,3269.6934164047234,True,38823.364118098,38823.364118098,38823.352271752,38823.364163573,38823.352284602,38823.324296506,0.1,-1.6,167.6,0.0,89.77999999999997,178.53,0.64,-2.17,1.197567856473163,1.693207742700899,0.0,-1.66668,1.23422,-0.35,-0.01,True,True,False,86.21503556407788,False,16.59460425376892
1790831898.8654723,38823.436931094,318,212.0,165.83459159770726,True,363.0,73.10234013119367,True,3227.0,3258.6160498428344,True,38823.364118098,38823.364118098,38823.404299222,38823.364163573,38823.404901559,38823.391639018,0.2,-1.5,167.6,0.0,89.78999999999996,178.54,0.58,-2.23,1.197567856473163,1.693207742700899,0.0,-1.66668,1.23422,-0.34,-0.0,True,True,False,92.73225146651359,False,16.648255109786987
1790831898.9156733,38823.487089637,319,212.0,168.15801372455306,True,363.0,71.21526753722111,True,3188.0,3245.9696299057005,True,38823.463331243,38823.463331243,38823.44240426,38823.463387654,38823.462596142,38823.483638229,0.3,-1.4,167.6,0.0,89.71000000000004,178.46,0.54,-2.2,1.19960815946698,1.71842825347474,0.0,-1.69185,1.23681,-0.34,0.03,True,True,False,96.94274618733195,False,16.698522806167603
1790831898.9659185,38823.537335961,320,212.0,169.67960994891808,True,363.0,70.01089859071487,True,3171.0,3231.58177794342,True,38823.524738674,38823.524738674,38823.503363704,38823.525273507,38823.503393344,38823.525317612,0.2,-1.5,167.6,0.0,89.78999999999996,178.54,0.55,-2.24,1.2018099030344935,1.7307492163130458,0.0,-1.70412,1.23928,-0.34,0.03,True,True,False,99.66871135820321,False,16.748718738555908
1790831899.0161178,38823.587532651,321,212.0,170.67345209796454,True,363.0,69.23745020670663,True,3158.0,3214.149066766052,True,38823.563519054,38823.563519054,38823.545487349,38823.563575478,38823.562799713,38823.58372387,0.3,-1.4,167.6,0.0,89.71000000000004,178.46,0.53,-2.21,1.204554790329385,1.7429319948852082,0.0,-1.71624,1.24229,-0.34,0.03,True,True,False,101.43600189125792,False,16.798946380615234
1790831899.0662625,38823.637658013,322,212.0,171.32147943970065,True,363.0,68.73867663679198,True,3124.0,3196.889440059631,True,38823.623582521,38823.623582521,38823.606997249,38823.624545542,38823.60701662,38823.58372387,0.3,-1.4,167.6,0.0,89.71000000000004,178.46,0.57,-2.22,1.2079493047930283,1.755138950752914,0.0,-1.72837,1.24595,-0.34,0.06,True,True,False,102.58280280290867,False,16.849071741104126
1790831899.1188142,38823.690263922,323,212.0,171.74355486353076,True,363.0,68.41615024551692,True,3123.0,3181.3336640357784,True,38823.662901883,38823.662901883,38823.646294004,38823.624545542,38823.662837628,38823.64332456,0.2,-1.4,167.6,0.0,89.76999999999998,178.52,0.53,-2.23,1.2079493047930283,1.755138950752914,0.0,-1.72837,1.24595,-0.34,0.06,True,True,False,103.32740461801384,False,16.901613235473633
1790831899.1692092,38823.740593714,324,212.0,172.01826624686424,True,363.0,68.20721638251212,True,3112.0,3158.4001984214674,True,38823.72540942,38823.72540942,38823.699445887,38823.725477746,38823.699463315,38823.690626592,0.2,-1.4,167.6,0.0,89.80000000000001,178.55,0.54,-2.27,1.2153503328184918,1.779926302046796,0.0,-1.75299,1.25389,-0.34,0.05,True,True,False,103.81104986435213,False,16.9520263671875
1790831899.2192383,38823.790679211,325,212.0,172.19698174222006,True,363.0,68.07170862464346,True,3095.0,3144.2401190528803,True,38823.72540942,38823.72540942,38823.784761012,38823.725477746,38823.784785643,38823.746964352,0.2,-1.4,167.6,0.0,89.77999999999997,178.53,0.48,-2.25,1.2153503328184918,1.779926302046796,0.0,-1.75299,1.25389,-0.35,0.03,True,True,False,104.1252731175766,False,17.00204348564148
1790831899.2694004,38823.840795533,326,212.0,172.3132114973412,True,363.0,67.98375501645694,True,3095.0,3144.2401190528803,True,38823.802630027,38823.802630027,38823.784761012,38823.802706463,38823.784785643,38823.824857643,0.2,-1.3,167.6,0.0,89.77999999999997,178.53,0.48,-2.25,1.2209373913710888,1.8053342294854882,0.0,-1.77827,1.26003,-0.35,0.02,True,True,False,104.32945648088426,False,17.05225133895874
1790831899.319437,38823.890888736,327,212.0,172.38878816679656,True,363.0,67.92663858968177,True,3072.0,3131.3440714317285,True,38823.863374161,38823.863374161,38823.861043889,38823.864432724,38823.861068395,38823.883325513,0.1,-1.4,167.6,0.0,89.76999999999998,178.52,0.41,-2.22,1.222954814796721,1.8178512180499036,0.0,-1.79074,1.26232,-0.34,0.02,True,True,False,104.46214957711479,False,17.102250576019287
1790831899.3759077,38823.947340278,328,212.0,172.43792454828733,True,363.0,67.8895354816134,True,3055.0,3116.806442859037,True,38823.925183947,38823.925183947,38823.904307091,38823.92522099,38823.923529452,38823.883325513,0.1,-1.4,167.6,0.0,89.75999999999999,178.51,0.45,-2.2,1.2251721906277688,1.8303725695913262,0.0,-1.80321,1.26481,-0.34,0.02,True,True,False,104.54838906667393,False,17.15869641304016
1790831899.426084,38823.997522394,329,212.0,172.4698680745869,True,363.0,67.8654279969133,True,3050.0,3098.883865715422,True,38823.985218318,38823.985218318,38823.9627836,38823.985702958,38823.963172546,38823.94907115,0.1,-1.3,167.6,0.0,89.84000000000003,178.59,0.44,-2.21,1.227761186372794,1.8432821203593523,0.0,-1.81606,1.26768,-0.34,0.03,True,True,False,104.60444007767362,False,17.208895444869995
1790831899.4761608,38824.047607697,330,212.0,172.49063342777637,True,363.0,67.84976216062574,True,3028.0,3081.330319429253,True,38824.033791848,38824.033791848,38824.003237626,38824.042208255,38824.033735712,38824.043667519,0.2,-1.3,167.6,0.0,89.72000000000003,178.47,0.46,-2.16,1.230093117152678,1.8555959215124418,0.0,-1.82832,1.27028,-0.34,0.03,True,True,False,104.64087126715063,False,17.25894021987915
1790831899.5263722,38824.097802189,331,212.0,172.50413177816202,True,363.0,67.839581069193,True,3004.0,3068.798191657552,True,38824.085400478,38824.085400478,38824.063945909,38824.085481996,38824.063966539,38824.043667519,0.2,-1.3,167.6,0.0,89.83000000000004,178.58,0.46,-2.15,1.2329662283202873,1.8678615169818251,0.0,-1.84052,1.27342,-0.33,0.04,True,True,False,104.66455070896902,False,17.30919361114502
1790831899.5767534,38824.148163775,332,212.0,172.51290607383095,True,363.0,67.83296407892192,True,2990.0,3052.478914994531,True,38824.124515368,38824.124515368,38824.102315919,38824.131833505,38824.12286303,38824.143752273,0.3,-1.3,167.6,0.0,89.87,178.62,0.44,-2.2,1.2361796948748045,1.8801145342715788,0.0,-1.8527,1.2769,-0.33,0.04,True,True,False,104.67994199490903,False,17.35955286026001
1790831899.6313198,38824.202761445,333,265.0,172.51860952146131,True,246.0,67.82866333909095,True,2988.0,3033.087348996719,True,38824.185232176,38824.185232176,38824.163677881,38824.185293017,38824.163698384,38824.143752273,0.3,-1.3,167.6,0.0,89.75,178.5,0.41,-2.11,1.2388150446444182,1.892274917965846,0.0,-1.8648,1.2798,-0.33,0.04,True,True,False,104.68994618237036,False,17.41411781311035
1790831899.681416,38824.252872222,334,265.0,172.5223168280967,True,246.0,67.82586798657542,True,2961.0,3015.8524093980313,True,38824.245148053,38824.245148053,38824.223313082,38824.245203585,38824.223336111,38824.246455485,0.1,-1.3,167.6,0.0,89.85000000000002,178.6,0.38,-2.15,1.2414836222807542,1.9047461004839092,0.0,-1.87721,1.28274,-0.33,0.05,True,True,False,104.69644884152129,False,17.464191436767578
1790831899.7319398,38824.303385353,335,265.0,157.00073027631407,True,246.0,89.82898781169041,True,2939.0,3004.711445638819,True,38824.291549286,38824.291549286,38824.267945343,38824.29159109,38824.291476977,38824.246455485,0.1,-1.3,167.6,0.0,89.82,178.57,0.37,-2.16,1.2443736746050003,1.9171520989347846,0.0,-1.88955,1.2859,-0.34,0.04,True,True,False,67.17174246462366,False,17.514750003814697
1790831899.7820694,38824.353484986,336,265.0,147.42876910001655,True,246.0,106.77959069223414,True,2904.0,2987.2268673832914,True,38824.346225783,38824.346225783,38824.323343214,38824.346317531,38824.323366727,38824.347398552,0.2,-1.2,167.6,0.0,89.80000000000001,178.55,0.36,-2.16,1.246701678705578,1.9296458572527486,0.0,-1.90199,1.2885,-0.33,0.03,True,True,False,40.649178407782415,False,17.56486701965332
1790831899.8326066,38824.404020579,337,265.0,141.42545644522073,True,246.0,118.91650549964498,True,2912.0,2967.936120429975,True,38824.387496436,38824.387496436,38824.363509519,38824.38752767,38824.38637108,38824.403319276,0.3,-1.1,167.6,0.0,89.74000000000001,178.49,0.34,-2.12,1.2492587554769827,1.9421846234753535,0.0,-1.91447,1.29133,-0.33,0.02,True,True,False,22.508950945575748,False,17.615445137023926
1790831899.8905113,38824.461914182,338,265.0,137.61560346099304,True,246.0,127.27828731452388,True,2870.0,2945.561672257985,True,38824.445852517,38824.445852517,38824.427955658,38824.447117029,38824.427993392,38824.447944559,0.2,-1.1,167.6,0.0,89.74000000000001,178.49,0.28,-2.08,1.253793483341787,1.9672295080467022,0.0,-1.93941,1.29641,-0.33,0.02,True,True,False,10.337316146469163,False,17.673282861709595
1790831899.9405816,38824.512015424,339,265.0,135.17819587323197,True,246.0,132.91319808199626,True,2868.0,2928.937003354791,True,38824.483650297,38824.483650297,38824.464978099,38824.50226143,38824.482210081,38824.502801311,0.2,-1.1,167.6,0.0,89.75999999999999,178.51,0.26,-2.11,1.256251456505885,1.9797261022997206,0.0,-1.95185,1.29914,-0.33,0.03,True,True,False,2.2649977912357144,False,17.723405361175537
1790831899.9906502,38824.562097134,340,265.0,133.61035711115187,True,246.0,136.66028554919927,True,2857.0,2905.3622020128746,True,38824.547421124,38824.547421124,38824.525840858,38824.54746563,38824.525857888,38824.502801311,0.2,-1.1,167.6,0.0,89.76999999999998,178.52,0.24,-2.06,1.2581654505740485,1.9919407626186585,0.0,-1.96402,1.30132,-0.32,0.03,True,True,False,-3.0499284380474023,False,17.773425579071045
1790831900.0408654,38824.612266922,341,265.0,132.59822309760983,True,246.0,139.1315494882574,True,2831.0,2890.417321207725,True,38824.603981832,38824.603981832,38824.584368413,38824.604092456,38824.585539203,38824.60414254,0.2,-1.2,167.6,0.0,89.88999999999999,178.64,0.3,-2.13,1.2591018593441772,2.004034068147554,0.0,-1.97609,1.30252,-0.32,0.02,True,True,False,-6.533326390647574,False,17.823675870895386
1790831900.0909407,38824.662366619,342,265.0,131.94327708812216,True,246.0,140.75293616721666,True,2814.0,2877.0503927246345,True,38824.649883279,38824.649883279,38824.629853275,38824.604092456,38824.648128156,38824.60414254,0.2,-1.2,167.6,0.0,89.76999999999998,178.52,0.29,-2.1,1.2591018593441772,2.004034068147554,0.0,-1.97609,1.30252,-0.31,0.0,True,True,False,-8.809659079094502,False,17.873775005340576
1790831900.1440377,38824.715497818,343,265.0,131.5188047964158,True,246.0,141.8132025211366,True,2809.0,2858.6302356347805,True,38824.649883279,38824.649883279,38824.68521889,38824.664554055,38824.68524499,38824.665621614,0.1,-1.2,167.6,0.0,89.78999999999996,178.54,0.33,-2.1,1.2595936107745282,2.015877614091685,0.0,-1.98792,1.30327,-0.31,-0.02,True,True,False,-10.294397724720795,False,17.926807403564453
1790831900.1942844,38824.76569306,344,265.0,131.2434228114161,True,246.0,142.5050648690065,True,2801.0,2840.7781413808684,True,38824.74871075,38824.74871075,38824.746741054,38824.763120163,38824.746769782,38824.763189871,0.2,-1.2,167.6,0.0,89.84000000000003,178.59,0.34,-2.15,1.259787264406992,2.0400075809020777,0.0,-2.01204,1.30399,-0.31,-0.01,True,True,False,-11.261642057590393,False,17.97712802886963
1790831900.2443056,38824.815768762,345,265.0,131.06464633561382,True,246.0,142.95591158965175,True,2782.0,2828.0668848285213,True,38824.803033842,38824.803033842,38824.782909453,38824.803061339,38824.802968802,38824.763189871,0.2,-1.2,167.6,0.0,89.75999999999999,178.51,0.35,-2.19,1.2599861744607455,2.0528949869556836,0.0,-2.02492,1.30447,-0.32,-0.01,True,True,False,-11.891265254037933,False,18.02707600593567
1790831900.2944274,38824.865858827,346,265.0,130.9485353429465,True,246.0,143.24944200026,True,2771.0,2817.240130897113,True,38824.865151986,38824.865151986,38824.849921542,38824.865220095,38824.849971401,38824.824376103,0.3,-1.3,167.6,0.0,89.74000000000001,178.49,0.32,-2.16,1.2599988382598093,2.065608288636529,0.0,-2.03763,1.30476,-0.32,-0.01,True,True,False,-12.300906657313476,False,18.077273845672607
1790831900.344534,38824.915951879,347,265.0,130.87310279297793,True,246.0,143.44043958498014,True,2764.0,2803.1440785382674,True,38824.865151986,38824.865151986,38824.902972771,38824.865220095,38824.902999617,38824.89083998,0.2,-1.2,167.6,0.0,89.75999999999999,178.51,0.34,-2.18,1.2599988382598093,2.065608288636529,0.0,-2.03763,1.30476,-0.32,-0.01,True,True,False,-12.567336792002209,False,18.127320766448975
1790831900.4122303,38824.983636156,348,265.0,130.82408836449798,True,246.0,143.5646737055792,True,2764.0,2803.1440785382674,True,38824.923526095,38824.923526095,38824.902972771,38824.923581544,38824.902999617,38824.944702223,0.2,-1.2,167.6,0.0,89.75999999999999,178.51,0.34,-2.18,1.2602210157868596,2.078346166683774,0.0,-2.05036,1.30526,-0.31,-0.01,True,True,False,-12.740585341081214,False,18.19506525993347
1790831900.4623892,38825.033780281,349,265.0,130.79223605398823,True,246.0,143.64546208821793,True,2745.0,2790.2864471229605,True,38825.023560222,38825.023560222,38825.003510792,38825.023603279,38825.023466711,38824.985240068,0.2,-1.3,167.6,0.0,89.75,178.5,0.38,-2.22,1.2604137223702316,2.103436341337863,0.0,-2.07544,1.306,-0.31,-0.02,True,True,False,-12.853226034229692,False,18.24520182609558
1790831900.5124202,38825.083865419,350,265.0,130.77153503838792,True,246.0,143.69798983322852,True,2732.0,2779.7718682737764,True,38825.08230692,38825.08230692,38825.060306091,38825.082754236,38825.060320439,38825.045025647,0.2,-1.4,167.6,0.0,89.73000000000002,178.48,0.44,-2.19,1.2605535565246067,2.1158223393359767,0.0,-2.08782,1.30641,-0.3,-0.01,True,True,False,-12.926454794840595,False,18.29523468017578
1790831900.562739,38825.134133785,351,265.0,130.7580806399302,True,246.0,143.73213933017007,True,2728.0,2765.863120964266,True,38825.124636345,38825.124636345,38825.103198603,38825.082754236,38825.123189156,38825.101707529,0.2,-1.3,167.6,0.0,89.75999999999999,178.51,0.44,-2.21,1.2605535565246067,2.1158223393359767,0.0,-2.08782,1.30641,-0.3,-0.02,True,True,False,-12.974058690239872,False,18.345558404922485
1790831900.613073,38825.18452571,352,265.0,130.74933581399364,True,246.0,143.75433923366643,True,2731.0,2752.317872578559,True,38825.124636345,38825.124636345,38825.163992027,38825.135051011,38825.183026497,38825.146736332,0.2,-1.4,167.6,0.0,89.78999999999996,178.54,0.47,-2.23,1.2605816716652,2.128285918658903,0.0,-2.10028,1.30671,-0.31,-0.02,True,True,False,-13.00500341967279,False,18.39586901664734
1790831900.676862,38825.248311697,353,113.0,130.74365190235312,True,214.0,143.76877032456872,True,2705.0,2743.7907235471357,True,38825.185186235,38825.185186235,38825.223129257,38825.185221859,38825.223159031,38825.204753206,0.2,-1.4,167.6,0.0,89.75999999999999,178.51,0.5,-2.24,1.2602620999774077,2.1534749415446037,0.0,-2.12547,1.30694,-0.31,-0.02,True,True,False,-13.025118422215598,False,18.459636688232422
1790831900.7270265,38825.298430301,354,113.0,130.73995745494148,True,214.0,143.7781510210637,True,2700.0,2737.4744341282812,True,38825.282684563,38825.282684563,38825.26265155,38825.248833239,38825.282611607,38825.248864886,0.2,-1.4,167.6,0.0,89.80000000000001,178.55,0.53,-2.27,1.2605464074877408,2.166574260963549,0.0,-2.13856,1.30751,-0.32,-0.02,True,True,False,-13.038193566122231,False,18.509870529174805
1790831900.7770789,38825.348515457,355,113.0,172.70722566308578,True,214.0,153.17152480625992,True,2671.0,2724.4846604769687,True,38825.34540213,38825.34540213,38825.333289728,38825.345955211,38825.345338541,38825.303886146,0.2,-1.4,167.6,0.0,89.77999999999997,178.53,0.52,-2.23,1.2602076759279635,2.1921829657517735,0.0,-2.16417,1.30773,-0.32,-0.02,True,True,False,19.535700856825855,False,18.559866189956665
1790831900.827179,38825.398605049,356,113.0,204.2395900764799,True,214.0,159.47564288510063,True,2671.0,2714.6907962861815,True,38825.34540213,38825.34540213,38825.393135819,38825.345955211,38825.393819358,38825.363501987,0.2,-1.5,167.6,0.0,89.78999999999996,178.54,0.59,-2.25,1.2602076759279635,2.1921829657517735,0.0,-2.16417,1.30773,-0.31,-0.02,True,True,False,44.76394719137929,False,18.609973430633545
1790831900.8772883,38825.44871335,357,113.0,226.53278987818342,True,214.0,163.65715424889777,True,2657.0,2697.214477771709,True,38825.445743299,38825.445743299,38825.425352413,38825.402750591,38825.444299138,38825.425282208,0.2,-1.5,167.6,0.0,89.82,178.57,0.58,-2.22,1.260060159653844,2.2049027746712846,0.0,-2.17689,1.30786,-0.31,-0.02,False,True,False,0.0,False,18.660120725631714
1790831900.9312346,38825.502668605,358,113.0,241.78267108848215,True,214.0,166.41055675916857,True,2645.0,2686.7286866630257,True,38825.445743299,38825.445743299,38825.48320955,38825.464436118,38825.444299138,38825.464487102,0.2,-1.5,167.6,0.0,89.82,178.57,0.58,-2.22,1.2602573617436397,2.2174100530057497,0.0,-2.18939,1.30833,-0.31,-0.02,False,True,False,0.0,False,18.714016914367676
1790831900.9813735,38825.552785283,359,113.0,252.01589869098464,True,214.0,168.2152333931512,True,2633.0,2674.8372119978153,True,38825.504048197,38825.504048197,38825.543474524,38825.504074454,38825.544485679,38825.523459153,0.1,-1.4,167.6,0.0,89.88,178.63,0.53,-2.2,1.2603022371188646,2.229563924249131,0.0,-2.20154,1.30864,-0.31,-0.02,False,True,False,0.0,False,18.764177322387695
1790831901.031472,38825.602930924,360,113.0,258.8030366672903,True,214.0,169.39459591871451,True,2633.0,2674.8372119978153,True,38825.563265743,38825.563265743,38825.543474524,38825.56333319,38825.544485679,38825.586796175,0.1,-1.4,167.6,0.0,89.88,178.63,0.53,-2.2,1.2606711811709115,2.241534821470579,0.0,-2.2135,1.30927,-0.31,-0.02,False,True,False,0.0,False,18.814275979995728
1790831901.081842,38825.653292568,361,113.0,263.2719420165409,True,214.0,170.16385290677368,True,2606.0,2662.902327198689,True,38825.603707348,38825.603707348,38825.645035371,38825.622816903,38825.603667908,38825.623747929,0.1,-1.4,167.6,0.0,89.88999999999999,178.64,0.5,-2.17,1.2608859788638949,2.254152509925723,0.0,-2.22611,1.30976,-0.32,-0.02,False,True,False,0.0,False,18.86462092399597
1790831901.1324449,38825.703865173,362,113.0,266.2009252368692,True,214.0,170.66499859288427,True,2606.0,2662.902327198689,True,38825.669237102,38825.669237102,38825.645035371,38825.669802692,38825.669188871,38825.683361944,0.1,-1.3,167.6,0.0,89.87,178.62,0.5,-2.17,1.2610642764574007,2.266609363861134,0.0,-2.23856,1.31021,-0.31,-0.02,False,True,False,0.0,False,18.91530203819275
1790831901.1841695,38825.755614185,363,113.0,268.1149866091333,True,214.0,170.9912201408921,True,2593.0,2650.9413963192133,True,38825.725546696,38825.725546696,38825.755373887,38825.725612463,38825.704290981,38825.725659011,0.2,-1.3,167.6,0.0,89.88,178.63,0.48,-2.14,1.2610421853477893,2.279081850060079,0.0,-2.25103,1.31046,-0.3,-0.02,False,True,False,0.0,False,18.966949939727783
1790831901.2343104,38825.805725522,364,113.0,269.363445414004,True,214.0,171.2034656170825,True,2600.0,2632.964837791528,True,38825.765209516,38825.765209516,38825.802620398,38825.765247338,38825.80264816,38825.784087658,0.2,-1.3,167.6,0.0,89.83000000000004,178.58,0.48,-2.15,1.2612155399714275,2.290848431899103,0.0,-2.26279,1.31089,-0.27,-0.02,False,True,False,0.0,False,19.017144680023193
1790831901.2843668,38825.855808267,365,113.0,270.17676837786973,True,214.0,171.34151029767497,True,2561.0,2619.778902674917,True,38825.822837446,38825.822837446,38825.845504531,38825.822884926,38825.80264816,38825.822920612,0.2,-1.3,167.6,0.0,89.83000000000004,178.58,0.48,-2.15,1.2609423483693247,2.3015350153731866,0.0,-2.27348,1.31085,-0.25,-0.02,False,True,False,0.0,False,19.06715154647827
1790831901.334555,38825.905949625,366,113.0,270.70619925732814,True,214.0,171.43127530371157,True,2571.0,2609.0673416049503,True,38825.862994488,38825.862994488,38825.904780862,38825.887844791,38825.904810781,38825.89142033,0.2,-1.3,167.6,0.0,89.77999999999997,178.53,0.45,-2.14,1.2606308422354717,2.310310308184744,0.0,-2.28226,1.31073,-0.21,-0.02,False,True,False,0.0,False,19.117390155792236
1790831901.3846114,38825.956050193,367,113.0,271.0506550565956,True,214.0,171.48963775227816,True,2571.0,2609.0673416049503,True,38825.924829102,38825.924829102,38825.904780862,38825.92486893,38825.904810781,38825.94409247,0.2,-1.3,167.6,0.0,89.77999999999997,178.53,0.45,-2.14,1.2605063484833945,2.3178493864643275,0.0,-2.2898,1.31077,-0.2,-0.02,False,True,False,0.0,False,19.16739583015442
1790831901.4382656,38826.00971716,368,113.0,271.2746889460388,True,214.0,171.52757976358305,True,2565.0,2593.8404049629703,True,38825.924829102,38825.924829102,38825.962481662,38825.92486893,38825.963307892,38825.94409247,0.2,-1.3,167.6,0.0,89.76999999999998,178.52,0.46,-2.14,1.2605063484833945,2.3178493864643275,0.0,-2.2898,1.31077,-0.2,-0.02,False,True,False,0.0,False,19.221065282821655
1790831901.488414,38826.059824414,369,113.0,271.4203691185927,True,214.0,171.55224478326988,True,2535.0,2582.3042429777825,True,38826.043332584,38826.043332584,38826.023980214,38826.010602834,38826.043243028,38826.011840486,0.3,-1.3,167.6,0.0,89.75999999999999,178.51,0.44,-2.15,1.2607887671077647,2.3301184671030963,0.0,-2.30206,1.31132,-0.18,-0.02,False,True,False,0.0,False,19.2712299823761
1790831901.5385075,38826.109945971,370,113.0,271.5150857967684,True,214.0,171.56827819202942,True,2520.0,2573.7825457866693,True,38826.104186426,38826.104186426,38826.098489201,38826.105563551,38826.098508637,38826.105612869,0.2,-1.3,167.6,0.0,89.74000000000001,178.49,0.45,-2.16,1.2608569844099764,2.3412025929775027,0.0,-2.31314,1.31163,-0.17,-0.01,False,True,False,0.0,False,19.32131004333496
1790831901.5886502,38826.160067515,371,75.0,271.57666201672436,True,228.0,171.57870039189254,True,2524.0,2558.2695274720018,True,38826.145614065,38826.145614065,38826.122949262,38826.105563551,38826.131650386,38826.105612869,0.2,-1.3,167.6,0.0,89.74000000000001,178.49,0.45,-2.16,1.2608569844099764,2.3412025929775027,0.0,-2.31314,1.31163,-0.18,-0.01,False,True,False,0.0,False,19.37144947052002
1790831901.63889,38826.210328684,372,75.0,271.616690944883,True,228.0,171.5854750263652,True,2527.0,2545.761716483201,True,38826.203341701,38826.203341701,38826.187194966,38826.203907465,38826.187208698,38826.16436844,0.2,-1.3,167.6,0.0,89.75999999999999,178.51,0.42,-2.21,1.2609882042908727,2.3526081697425263,0.0,-2.32454,1.31201,-0.18,-0.01,False,True,False,0.0,False,19.421711206436157
1790831901.7007143,38826.272138643,373,75.0,287.0561492775437,True,228.0,167.13715920603033,True,2513.0,2537.0570298899206,True,38826.248121306,38826.248121306,38826.222097293,38826.203907465,38826.245318508,38826.222027103,0.2,-1.3,167.6,0.0,89.75,178.5,0.4,-2.25,1.2609882042908727,2.3526081697425263,0.0,-2.32454,1.31201,-0.18,-0.01,False,True,False,0.0,False,19.4835045337677
1790831901.7508097,38826.322249403,374,75.0,297.3585965099578,True,228.0,164.28360905338758,True,2499.0,2530.234217933952,True,38826.302778083,38826.302778083,38826.283131089,38826.302847895,38826.283165991,38826.322198999,0.3,-1.3,167.6,0.0,89.72000000000003,178.47,0.39,-2.23,1.2614280787339067,2.363620386162229,0.0,-2.33554,1.31269,-0.17,-0.01,False,True,False,0.0,False,19.53362512588501
1790831901.8009331,38826.372374806,375,75.0,304.1679099221149,True,228.0,162.4447952468377,True,2497.0,2523.340530760371,True,38826.348786321,38826.348786321,38826.323114554,38826.362352223,38826.345811768,38826.363605726,0.3,-1.3,167.6,0.0,89.72000000000003,178.47,0.39,-2.23,1.2614944175745961,2.3683729643213143,0.0,-2.34029,1.31286,-0.16,-0.01,False,True,False,0.0,False,19.583714485168457
1790831901.8514597,38826.422895455,376,75.0,308.64158898545173,True,228.0,161.2563236499825,True,2498.0,2513.6043184562227,True,38826.348786321,38826.348786321,38826.38530233,38826.362352223,38826.403331759,38826.363605726,0.3,-1.3,167.6,0.0,89.73000000000002,178.48,0.38,-2.2,1.2614944175745961,2.3683729643213143,0.0,-2.34029,1.31286,-0.14,-0.01,False,True,False,0.0,False,19.63428568840027
1790831901.9015753,38826.473021946,377,75.0,311.5696020850668,True,228.0,160.48667210397906,True,2487.0,2507.3625910737337,True,38826.464576281,38826.464576281,38826.451735943,38826.423582694,38826.464513619,38826.423610506,0.2,-1.3,167.6,0.0,89.74000000000001,178.49,0.36,-2.21,1.2616343045924772,2.372046890235405,0.0,-2.34396,1.31308,-0.13,-0.01,False,True,False,0.0,False,19.68435502052307
1790831901.9517174,38826.523150426,378,75.0,313.4813120216351,True,228.0,159.98760483317676,True,2487.0,2503.2175546442404,True,38826.523032051,38826.523032051,38826.506562857,38826.523086637,38826.506593366,38826.482664932,0.2,-1.3,167.6,0.0,89.75999999999999,178.51,0.35,-2.22,1.2616066264908878,2.3783577882636338,0.0,-2.35027,1.31319,-0.12,-0.01,False,True,False,0.0,False,19.734532833099365
1790831902.0018966,38826.573298893,379,75.0,314.72751533112285,True,228.0,159.66372074106238,True,2485.0,2496.7305327865442,True,38826.563267414,38826.563267414,38826.546972804,38826.523086637,38826.563167448,38826.545257811,0.2,-1.3,167.6,0.0,89.75999999999999,178.51,0.35,-2.22,1.2616066264908878,2.3783577882636338,0.0,-2.35027,1.31319,-0.12,-0.01,False,True,False,0.0,False,19.78471040725708
1790831902.051949,38826.623386832,380,75.0,315.5390650392183,True,228.0,159.4534114015139,True,2481.0,2492.8383196719265,True,38826.563267414,38826.563267414,38826.603687424,38826.582871554,38826.603706516,38826.5829386,0.2,-1.3,167.6,0.0,89.75999999999999,178.51,0.35,-2.21,1.261228419672335,2.3814802807940327,0.0,-2.3534,1.31288,-0.13,-0.01,False,True,False,0.0,False,19.83476495742798
1790831902.102097,38826.673496943,381,75.0,316.0672135172827,True,228.0,159.31680130364498,True,2480.0,2489.702991803156,True,38826.664133215,38826.664133215,38826.649908114,38826.626111878,38826.663960907,38826.646757468,0.1,-1.3,167.6,0.0,89.76999999999998,178.52,0.35,-2.23,1.2609306301136491,2.384584523274693,0.0,-2.35651,1.31265,-0.14,-0.02,False,True,False,0.0,False,19.884907484054565
1790831902.1521697,38826.723609446,382,75.0,316.410780921421,True,228.0,159.2280431760541,True,2474.0,2486.2217950818936,True,38826.664133215,38826.664133215,38826.705525997,38826.682965495,38826.705538197,38826.683054724,0.2,-1.3,167.6,0.0,89.82,178.57,0.36,-2.23,1.260723399130261,2.3885809535968088,0.0,-2.36051,1.31253,-0.15,-0.02,False,True,False,0.0,False,19.934978723526
1790831902.2023177,38826.773732587,383,75.0,316.6342141865709,True,228.0,159.17036663234012,True,2469.0,2483.733077049136,True,38826.724765217,38826.724765217,38826.766856014,38826.724817373,38826.766904087,38826.746944912,0.1,-1.3,167.6,0.0,89.84000000000003,178.59,0.35,-2.23,1.2603766005339376,2.393014443275785,0.0,-2.36495,1.31228,-0.15,-0.02,False,True,False,0.0,False,19.985130310058594
1790831902.252407,38826.823830432,384,75.0,316.77949416508267,True,228.0,159.1328837399966,True,2467.0,2479.8398462294817,True,38826.823357538,38826.823357538,38826.802661782,38826.823397405,38826.823280111,38826.789430248,0.1,-1.3,167.6,0.0,89.89999999999998,178.65,0.33,-2.26,1.2605010257858487,2.402439400482939,0.0,-2.37437,1.31261,-0.15,-0.01,False,True,False,0.0,False,20.035258054733276
1790831902.302453,38826.873909601,385,75.0,316.8739465815948,True,228.0,159.10852275877545,True,2452.0,2475.503907737689,True,38826.823357538,38826.823357538,38826.87219166,38826.823397405,38826.872207077,38826.847357543,0.1,-1.2,167.6,0.0,89.90999999999997,178.66,0.31,-2.26,1.2605010257858487,2.402439400482939,0.0,-2.37437,1.31261,-0.14,-0.02,False,True,False,0.0,False,20.08523678779602
1790831902.3526037,38826.924038933,386,75.0,316.93534928420524,True,228.0,159.09268934572577,True,2449.0,2472.1023446426134,True,38826.88365863,38826.88365863,38826.923048619,38826.884688495,38826.872207077,38826.90335842,0.1,-1.2,167.6,0.0,89.90999999999997,178.66,0.31,-2.26,1.2607047507509703,2.406854895487872,0.0,-2.37878,1.31291,-0.12,-0.02,False,True,False,0.0,False,20.13543128967285
1790831902.4026856,38826.974127614,387,75.0,316.97526468787026,True,228.0,159.08239814469783,True,2449.0,2472.1023446426134,True,38826.958622213,38826.958622213,38826.923048619,38826.962525727,38826.958574693,38826.963024526,0.1,-1.3,167.6,0.0,89.88,178.63,0.32,-2.26,1.2601997674357417,2.413495459609341,0.0,-2.38543,1.31255,-0.12,-0.02,False,True,False,0.0,False,20.18546438217163
1790831902.4528177,38827.024237716,388,75.0,317.00121124109666,True,228.0,159.07570908265404,True,2451.0,2464.061406785568,True,38827.004187863,38827.004187863,38826.985123989,38827.005560179,38826.985158311,38827.005618763,0.2,-1.3,167.6,0.0,89.80000000000001,178.55,0.36,-2.22,1.260064775736443,2.4164732234080866,0.0,-2.38841,1.31248,-0.12,-0.02,False,True,False,0.0,False,20.23564124107361
1790831902.5029094,38827.074324877,389,75.0,317.0180771517004,True,228.0,159.07136128469443,True,2448.0,2458.836844071341,True,38827.050834852,38827.050834852,38827.027248543,38827.062977539,38827.050737218,38827.063063548,0.2,-1.3,167.6,0.0,89.80000000000001,178.55,0.36,-2.22,1.2600923265208361,2.419794614826495,0.0,-2.39173,1.31258,-0.12,-0.02,False,True,False,0.0,False,20.285707235336304
1790831902.5529735,38827.124409548,390,75.0,317.02904026864314,True,228.0,159.06853525504653,True,2435.0,2454.902106442805,True,38827.103240377,38827.103240377,38827.122905809,38827.103288704,38827.087420424,38827.121496718,0.2,-1.3,167.6,0.0,89.75,178.5,0.38,-2.24,1.2602719858709497,2.4234794109562583,0.0,-2.39541,1.31284,-0.14,-0.02,False,True,False,0.0,False,20.335779905319214
1790831902.6030986,38827.174551217,391,81.0,317.0361664108647,True,245.0,159.0666983522638,True,2435.0,2454.902106442805,True,38827.162505277,38827.162505277,38827.122905809,38827.162934812,38827.137234291,38827.162990726,0.2,-1.3,167.6,0.0,89.75999999999999,178.51,0.35,-2.25,1.26042092346001,2.428113762862897,0.0,-2.40004,1.31309,-0.14,-0.02,False,True,False,0.0,False,20.385888814926147
1790831902.6531992,38827.224637186,392,81.0,317.0407984524069,True,245.0,159.0655043724214,True,2425.0,2452.141263865683,True,38827.20314403,38827.20314403,38827.18298346,38827.203199387,38827.203029804,38827.222755159,0.2,-1.2,167.6,0.0,89.75999999999999,178.51,0.33,-2.25,1.2603255551855634,2.4329428316025434,0.0,-2.40487,1.3131,-0.13,-0.02,False,True,False,0.0,False,20.436002492904663
1790831902.7034595,38827.274843363,393,81.0,314.43152984958016,True,245.0,153.91226501588238,True,2425.0,2445.28475831941,True,38827.263649498,38827.263649498,38827.24739183,38827.265439344,38827.247441557,38827.265521236,0.2,-1.2,167.6,0.0,89.74000000000001,178.49,0.33,-2.25,1.2602698527750353,2.4364124421342113,0.0,-2.40834,1.31312,-0.13,-0.02,False,True,False,0.0,False,20.486311197280884
1790831902.7535057,38827.324938704,394,81.0,312.74211876176554,True,245.0,150.61860281291206,True,2412.0,2437.1708549916457,True,38827.305038387,38827.305038387,38827.287568168,38827.305068399,38827.304964476,38827.322896324,0.3,-1.2,167.6,0.0,89.74000000000001,178.49,0.32,-2.25,1.2600957804169,2.4388892341751656,0.0,-2.41082,1.313,-0.11,-0.02,False,True,False,0.0,False,20.53631019592285
1790831902.8039272,38827.375330276,395,81.0,311.64679576013566,True,245.0,148.50135845851594,True,2399.0,2432.3025129949874,True,38827.363713414,38827.363713414,38827.3450608,38827.363771462,38827.362587509,38827.322896324,0.3,-1.2,167.6,0.0,89.73000000000002,178.48,0.32,-2.27,1.2598934976156,2.4408252821260947,0.0,-2.41276,1.31284,-0.09,-0.02,False,True,False,0.0,False,20.586738348007202
1790831902.854052,38827.425459105,396,81.0,310.93601636087874,True,245.0,147.13513587091683,True,2400.0,2424.1815077969923,True,38827.423627412,38827.423627412,38827.403441502,38827.425194706,38827.403460507,38827.392811428,0.3,-1.2,167.6,0.0,89.72000000000003,178.47,0.32,-2.27,1.2597460021903617,2.442542473175319,0.0,-2.41448,1.31273,-0.09,-0.02,False,True,False,0.0,False,20.636892795562744
1790831902.9073465,38827.478749219,397,81.0,310.4745085344982,True,245.0,146.25131037654285,True,2386.0,2414.508904678195,True,38827.423627412,38827.423627412,38827.464586503,38827.425194706,38827.464636509,38827.444764838,0.3,-1.2,167.6,0.0,89.72000000000003,178.47,0.32,-2.27,1.2597460021903617,2.442542473175319,0.0,-2.41448,1.31273,-0.08,-0.02,False,True,False,0.0,False,20.69016122817993
1790831902.9574642,38827.528858413,398,81.0,310.1747391832261,True,245.0,145.67860641194608,True,2404.0,2408.7053428069166,True,38827.516953777,38827.516953777,38827.503833291,38827.516991364,38827.516883566,38827.482981659,0.2,-1.2,167.4,0.0,89.72000000000003,178.47,0.32,-2.27,1.2595173978318606,2.444768015816401,0.0,-2.41671,1.31255,-0.08,-0.02,False,True,False,0.0,False,20.740331649780273
1790831903.0075216,38827.578963344,399,81.0,309.9799781408065,True,245.0,145.30710198630857,True,2394.0,2404.82320568415,True,38827.5782719,38827.5782719,38827.562943977,38827.516991364,38827.564965472,38827.545619707,0.1,-1.2,167.4,0.0,89.73000000000002,178.48,0.32,-2.27,1.2595173978318606,2.444768015816401,0.0,-2.41671,1.31255,-0.07,-0.02,False,True,False,0.0,False,20.790300607681274
1790831903.0576415,38827.629054716,400,81.0,309.8534210809046,True,245.0,145.06594231608966,True,2417.0,2402.89392341049,True,38827.623499102,38827.623499102,38827.604993562,38827.623545916,38827.622961398,38827.580924937,0.1,-1.2,167.4,0.0,89.73000000000002,178.48,0.31,-2.27,1.2594636267463604,2.445857101979367,0.0,-2.4178,1.31252,-0.07,-0.02,False,True,False,0.0,False,20.840471267700195
1790831903.1078012,38827.679203201,401,81.0,309.7711748854342,True,245.0,144.90932297267068,True,2404.0,2403.336354046294,True,38827.623499102,38827.623499102,38827.663748364,38827.623545916,38827.663765302,38827.645862685,0.8,-1.2,167.5,0.0,89.08000000000004,177.83,0.29,-2.31,1.2594636267463604,2.445857101979367,0.0,-2.4178,1.31252,-0.07,-0.03,False,True,False,0.0,False,20.890612840652466
1790831903.1584044,38827.729857858,402,81.0,309.7177215733679,True,245.0,144.8075772012876,True,2416.0,2403.6018124277766,True,38827.685556826,38827.685556826,38827.706974689,38827.687611998,38827.663765302,38827.687685083,2.6,-1.2,165.3,0.0,89.08000000000004,177.83,0.29,-2.31,1.2599196278263558,2.4455869853100496,0.0,-2.41752,1.31297,-0.13,-0.17,False,True,False,0.0,False,20.941202402114868
1790831903.2085726,38827.779955848,403,81.0,309.68297975760777,True,245.0,144.74146644866573,True,1020.0,2403.761087456666,True,38827.730925308,38827.730925308,38827.762669242,38827.730954831,38827.762682776,38827.744403732,2.0,-0.8,159.7,0.0,80.96000000000004,169.71,-0.01,-2.4,1.2576296248061072,2.4469373505077834,0.0,-2.41892,1.31071,-0.1,-0.13,False,True,False,0.0,False,20.991389513015747
1790831903.2586088,38827.83004376,404,81.0,309.66039877603123,True,245.0,144.69850459894485,True,877.0,2403.8566524739995,True,38827.825065745,38827.825065745,38827.816841135,38827.783082909,38827.823118944,38827.816776286,1.9,-0.8,155.0,0.0,77.23000000000002,165.98,-0.06,-2.42,1.256632842409242,2.4476957863015723,0.0,-2.4197,1.30973,-0.1,-0.13,False,True,False,0.0,False,21.0414137840271
1790831903.3086839,38827.880132291,405,81.0,309.64572164444354,True,245.0,144.6705836805579,True,973.0,1850.3139914843996,True,38827.825065745,38827.825065745,38827.865304251,38827.844723832,38827.865322347,38827.845950195,2.3,-0.5,151.6,0.0,73.03999999999999,161.79,-0.25,-2.35,1.2563077202150128,2.447468639743553,0.0,-2.41948,1.3094,-0.11,-0.13,False,True,False,0.0,False,21.09146475791931
1790831903.3588467,38827.93024886,406,81.0,309.6361817228812,True,245.0,144.6524368935676,True,2427.0,1518.1883948906398,True,38827.899976557,38827.899976557,38827.922531328,38827.900052979,38827.922569312,38827.902953672,2.1,-0.5,146.4,0.0,68.88,157.63,-0.35,-2.35,1.2555094376353013,2.4473812044936296,0.0,-2.41941,1.3086,-0.11,-0.11,False,True,False,0.0,False,21.141691207885742
1790831903.416115,38827.987557604,407,81.0,309.62998086426785,True,245.0,144.6406422467325,True,2293.0,1318.9130369343839,True,38827.946370328,38827.946370328,38827.963376276,38827.94737305,38827.922569312,38827.947466369,2.2,-0.2,142.8,0.0,68.88,157.63,-0.35,-2.35,1.2553772870832776,2.4474783447612833,0.0,-2.41951,1.30847,-0.11,-0.09,False,True,False,0.0,False,21.198893547058105
1790831903.4662683,38828.03766403,408,81.0,309.6259503443641,True,245.0,144.632976049379,True,2293.0,1708.5478221606304,True,38827.988337431,38827.988337431,38828.016827082,38827.988365121,38828.017296698,38828.003018006,2.5,0.0,137.6,0.0,60.28999999999999,149.04,-0.64,-2.28,1.256349418660054,2.447849640058095,0.0,-2.41986,1.30945,-0.13,-0.07,False,True,False,0.0,False,21.2491352558136
1790831903.516294,38828.087745741,409,81.0,309.623330522564,True,245.0,144.62799315760458,True,1011.0,1942.3286932963783,True,38828.044603021,38828.044603021,38828.082139468,38828.045462308,38828.082615457,38828.071242575,2.2,0.0,131.9,0.0,55.889999999999986,144.64,-0.78,-2.25,1.2571915811733096,2.4482180994198526,0.0,-2.42021,1.3103,-0.14,-0.06,False,True,False,0.0,False,21.299070596694946
1790831903.5664477,38828.137849477,410,81.0,309.621627645212,True,245.0,144.62475433562463,True,785.0,2082.597215977827,True,38828.103853699,38828.103853699,38828.12520497,38828.103925768,38828.129531015,38828.103978128,2.4,0.3,128.4,0.0,51.59,140.34,-0.93,-2.15,1.2579711401787366,2.4487052213317573,0.0,-2.42068,1.31109,-0.14,-0.04,False,True,False,0.0,False,21.349315881729126
1790831903.6165252,38828.187936353,411,58.0,309.6205207778138,True,39.0,144.6226491257047,True,426.0,1653.9583295866962,True,38828.156215074,38828.156215074,38828.183267631,38828.163114752,38828.129531015,38828.163166802,2.2,0.4,122.8,0.0,51.59,140.34,-0.93,-2.15,1.2588135208408429,2.4490636830732435,0.0,-2.42102,1.31194,-0.14,-0.02,False,True,False,0.0,False,21.399325132369995
1790831903.6665802,38828.238024534,412,58.0,309.619801315222,True,39.0,144.62128074955183,True,426.0,1653.9583295866962,True,38828.214429126,38828.214429126,38828.183267631,38828.223080882,38828.207504541,38828.223647361,2.2,0.6,117.2,0.0,42.650000000000006,131.4,-1.23,-2.02,1.2596126760159556,2.449111127842084,0.0,-2.42105,1.31274,-0.14,-0.02,False,True,False,0.0,False,21.44939351081848
1790831903.7167609,38828.288180001,413,58.0,319.6123167455679,True,39.0,211.73429418867119,True,368.0,1306.3749977520176,True,38828.264595203,38828.264595203,38828.246233116,38828.264651005,38828.263983681,38828.283888472,2.5,0.8,111.8,0.0,38.19,126.94,-1.34,-1.95,1.2599699725595002,2.449238952643946,0.0,-2.42117,1.3131,-0.15,-0.0,False,True,False,0.0,False,21.49956202507019
1790831903.7668326,38828.33826746,414,58.0,326.2048482190208,True,39.0,263.5696365738051,True,362.0,954.2249986512105,True,38828.326614278,38828.326614278,38828.305647401,38828.326674403,38828.306267658,38828.327161142,2.2,0.8,108.0,0.0,33.629999999999995,122.38,-1.47,-1.9,1.2602599035473536,2.449245278960606,0.0,-2.42117,1.31339,-0.15,-0.0,False,False,False,0.0,False,21.549638986587524
1790831903.8169475,38828.388373422,415,58.0,330.5311436742403,True,39.0,300.7321299661431,True,351.0,719.7349991907263,True,38828.365979879,38828.365979879,38828.365346495,38828.383596568,38828.365863553,38828.384236097,2.4,1.0,102.5,0.0,29.170000000000016,117.92,-1.61,-1.8,1.260665224852599,2.449464173089157,0.0,-2.42138,1.3138,-0.14,0.01,False,False,False,0.0,False,21.599740743637085
1790831903.8670368,38828.438471783,416,58.0,333.3606215940663,True,39.0,326.35362322690816,True,404.0,579.0409995144357,True,38828.423829604,38828.423829604,38828.410520226,38828.423887788,38828.410535231,38828.384236097,2.4,1.0,102.5,0.0,24.659999999999997,113.41,-1.68,-1.71,1.2612261823320154,2.4494264013234224,0.0,-2.42133,1.31436,-0.14,0.03,False,False,False,0.0,False,21.649849891662598
1790831903.9234247,38828.494858444,417,58.0,335.2071277736899,True,39.0,343.62692500120784,True,486.0,494.62459970866144,True,38828.423829604,38828.423829604,38828.463961871,38828.423887788,38828.463994019,38828.445494293,2.5,1.2,97.0,0.0,20.099999999999994,108.85,-1.83,-1.58,1.2612261823320154,2.4494264013234224,0.0,-2.42133,1.31436,-0.14,0.04,False,False,False,0.0,False,21.70621156692505
1790831903.9735756,38828.544974434,418,58.0,336.41046027760405,True,39.0,355.1162385674067,True,642.0,458.37475982519686,True,38828.525489873,38828.525489873,38828.508182701,38828.525527796,38828.525416561,38828.54395373,2.3,1.3,87.7,0.0,15.629999999999995,104.38,-1.91,-1.5,1.2630688357725923,2.4488664653467875,0.0,-2.42073,1.31619,-0.14,0.07,False,False,False,0.0,False,21.756410837173462
1790831904.0236318,38828.595078931,419,58.0,337.19393762847284,True,39.0,362.6948468673879,True,912.0,469.42485589511807,True,38828.58546048,38828.58546048,38828.56432427,38828.585500173,38828.564973672,38828.585531697,2.4,1.3,84.1,0.0,11.099999999999994,99.85,-1.97,-1.32,1.2636124157976714,2.4487082858401026,0.0,-2.42056,1.31673,-0.14,0.07,False,False,False,0.0,False,21.806426763534546
1790831904.0737717,38828.645175675,420,58.0,337.7037518983922,True,39.0,367.6676515310004,True,1500.0,538.4549135370709,True,38828.626290505,38828.626290505,38828.606801329,38828.626349306,38828.623969312,38828.585531697,2.4,1.3,84.1,0.0,6.5,95.25,-2.09,-1.23,1.2643865583086846,2.4489852395774703,0.0,-2.42082,1.31751,-0.13,0.08,False,False,False,0.0,False,21.85662317276001
1790831904.1238875,38828.695296943,421,58.0,338.0353652353984,True,39.0,370.9197092283424,True,2637.0,687.8729481222425,True,38828.683723904,38828.683723904,38828.667507779,38828.68699369,38828.667522176,38828.687057926,0.9,1.6,76.5,0.0,3.180000000000007,91.93,-2.15,-1.14,1.2647713043805278,2.4483134729065186,0.0,-2.42014,1.31788,-0.04,0.05,False,False,False,0.0,False,21.90670871734619
1790831904.179785,38828.751234605,422,58.0,338.2510127954609,True,39.0,373.0418846279972,True,3018.0,1012.7237688733455,True,38828.723824374,38828.723824374,38828.704927357,38828.68699369,38828.723418413,38828.687057926,0.9,1.6,76.5,0.0,1.4499999999999886,90.2,-2.14,-1.08,1.2647713043805278,2.4483134729065186,0.0,-2.42014,1.31788,-0.02,0.04,False,False,False,0.0,False,21.96258020401001
1790831904.2299435,38828.801342649,423,58.0,338.39122549095265,True,39.0,374.42482139899437,True,3044.0,1662.4342613240074,True,38828.783713311,38828.783713311,38828.765094537,38828.783757869,38828.765500724,38828.752098463,0.5,1.6,75.4,0.0,0.3199999999999932,89.07,-2.14,-1.04,1.263839822943606,2.4451624028767243,0.0,-2.41701,1.31688,0.02,0.03,False,False,False,0.0,False,22.01276922225952
1790831904.2799997,38828.85142508,424,58.0,338.48238139568537,True,39.0,375.3252186667587,True,3053.0,2204.6605567944043,True,38828.82457342,38828.82457342,38828.808198222,38828.843611038,38828.823401808,38828.84436226,0.0,1.6,75.4,0.0,0.6700000000000159,89.42,-2.14,-1.05,1.2635343713727536,2.4435753618130263,0.0,-2.41543,1.31654,0.05,0.02,False,False,False,0.0,False,22.062817096710205
1790831904.3301544,38828.901549673,425,58.0,338.54164019201176,True,39.0,375.9111057257008,True,3041.0,2539.1963340766424,True,38828.884070643,38828.884070643,38828.864532098,38828.884129355,38828.864559739,38828.84436226,0.0,1.6,75.4,0.0,0.6800000000000068,89.43,-2.14,-1.05,1.26388650679758,2.4430229121387734,0.0,-2.41487,1.31688,0.04,0.03,False,False,False,0.0,False,22.112966775894165
1790831904.3803082,38828.951706378,426,58.0,338.5801615607346,True,39.0,376.2921979967564,True,3045.0,2741.1178004459853,True,38828.944532574,38828.944532574,38828.923966009,38828.945182076,38828.92399965,38828.907191471,0.0,1.6,75.4,0.0,0.6800000000000068,89.43,-2.15,-1.06,1.2641627316347066,2.443198979851186,0.0,-2.41504,1.31716,0.03,0.03,False,False,False,0.0,False,22.163153886795044
1790831904.4358964,38829.007341465,427,58.0,338.60520178174875,True,39.0,376.5400202239016,True,3058.0,2862.670680267591,True,38828.984180108,38828.984180108,38828.965669498,38828.945182076,38828.983669115,38828.96553922,0.0,1.6,75.4,0.0,0.6800000000000068,89.43,-2.15,-1.06,1.2641627316347066,2.443198979851186,0.0,-2.41504,1.31716,0.03,0.03,False,False,False,0.0,False,22.218674659729004
1790831904.4860625,38829.057459581,428,58.0,338.62147848790084,True,39.0,376.70115209757614,True,3051.0,2938.0024081605543,True,38829.044568045,38829.044568045,38829.024390018,38829.046355969,38829.024406958,38829.008284036,0.0,1.6,75.4,0.0,0.6800000000000068,89.43,-2.15,-1.06,1.2646925682822139,2.443670650421562,0.0,-2.4155,1.3177,0.02,0.03,False,False,False,0.0,False,22.26891326904297
1790831904.536111,38829.107562324,429,58.0,338.632058584553,True,39.0,376.8059078529624,True,3044.0,2980.801444896332,True,38829.090573965,38829.090573965,38829.066706036,38829.104991526,38829.090512476,38829.064375147,0.0,1.6,75.4,0.0,0.6800000000000068,89.43,-2.15,-1.06,1.2648414418420242,2.4437239107556707,0.0,-2.41555,1.31785,0.02,0.03,False,False,False,0.0,False,22.31888723373413
1790831904.5862725,38829.15767985,430,58.0,338.63893574778547,True,39.0,376.8740075598062,True,3057.0,3008.8808669377995,True,38829.133430127,38829.133430127,38829.12372429,38829.143376129,38829.123749567,38829.108203251,0.0,1.6,75.4,0.0,0.6800000000000068,89.43,-2.15,-1.06,1.2649890065087321,2.443837156811405,0.0,-2.41566,1.318,0.02,0.02,False,False,False,0.0,False,22.369117736816406
1790831904.6363525,38829.207775843,431,107.0,338.6434059463091,True,146.0,376.9182759460733,True,3032.0,3025.72852016268,True,38829.184100669,38829.184100669,38829.177195581,38829.204620653,38829.183374308,38829.205491903,0.0,1.6,75.4,0.0,0.6800000000000068,89.43,-2.16,-1.06,1.2649168416783332,2.4439356059721606,0.0,-2.41576,1.31793,0.01,0.02,False,False,False,0.0,False,22.4191472530365
1790831904.6873658,38829.258819113,432,107.0,338.646311593273,True,146.0,376.94705190835276,True,3045.0,3033.437112097608,True,38829.24551246,38829.24551246,38829.226563413,38829.245573773,38829.226591502,38829.205491903,0.0,1.6,75.4,0.0,0.6800000000000068,89.43,-2.16,-1.06,1.2648844491801672,2.444044925348588,0.0,-2.41587,1.3179,0.01,0.02,False,False,False,0.0,True,22.47017002105713
1790831904.7375765,38829.308982276,433,107.0,316.859020391391,True,146.0,325.42478325260856,True,3027.0,3037.662267258565,True,38829.307107834,38829.307107834,38829.284052216,38829.307183627,38829.286076033,38829.307243426,0.0,1.5,75.4,0.0,0.6800000000000068,89.43,-2.16,-1.06,1.2648535837239532,2.44408426138312,0.0,-2.41591,1.31787,0.01,0.02,False,False,False,0.0,True,22.52037286758423
1790831904.7876124,38829.359063576,434,107.0,303.1393059904205,True,146.0,294.14935015192646,True,3046.0,3040.5973603551392,True,38829.347521357,38829.347521357,38829.325787726,38829.347552321,38829.345068299,38829.307243426,0.0,1.5,75.4,0.0,0.6700000000000159,89.42,-2.16,-1.06,1.2648624905999721,2.444134467633325,0.0,-2.41596,1.31788,0.01,0.02,False,False,False,0.0,False,22.570411920547485
1790831904.8377612,38829.409167899,435,107.0,294.40824714169645,True,146.0,274.7557511810287,True,3019.0,3037.1584162130835,True,38829.404828886,38829.404828886,38829.386777671,38829.405541638,38829.386810303,38829.365511389,0.0,1.5,75.4,0.0,0.6700000000000159,89.42,-2.16,-1.06,1.2648027230271979,2.444123161119952,0.0,-2.41595,1.31782,0.01,0.02,False,False,False,0.0,False,22.620572566986084
1790831904.887888,38829.459284076,436,107.0,288.8119630938064,True,146.0,262.5451321000156,True,3023.0,3023.0,True,38829.448600674,38829.448600674,38829.444856384,38829.405541638,38829.448537004,38829.428192246,0.0,1.5,75.4,0.0,0.6700000000000159,89.42,-2.16,-1.06,1.2648027230271979,2.444123161119952,0.0,-2.41595,1.31782,0.01,0.02,False,False,False,0.0,False,22.67074966430664
1790831904.939396,38829.510850354,437,107.0,285.2077154887752,True,146.0,254.7752102530119,True,3024.0,3023.2,True,38829.448600674,38829.448600674,38829.482214919,38829.46401935,38829.482759445,38829.464107112,0.0,1.5,75.4,0.0,0.6700000000000159,89.42,-2.16,-1.06,1.264823809011991,2.4440736093162987,0.0,-2.4159,1.31784,0.01,0.02,False,False,False,0.0,False,22.722168445587158
1790831904.9895804,38829.560958352,438,107.0,282.87903943903103,True,146.0,249.79531033722364,True,3034.0,3023.52,True,38829.545859792,38829.545859792,38829.544832037,38829.511376748,38829.545768189,38829.524165456,0.0,1.5,75.4,0.0,0.6700000000000159,89.42,-2.16,-1.06,1.2649159690829317,2.4439755964532437,0.0,-2.4158,1.31793,0.01,0.01,False,False,False,0.0,False,22.772433757781982
1790831905.039616,38829.611076453,439,107.0,281.3713508742121,True,146.0,246.58818246477412,True,3029.0,3024.712,True,38829.606241718,38829.606241718,38829.586064276,38829.607316381,38829.586081572,38829.56403847,0.0,1.5,75.4,0.0,0.6700000000000159,89.42,-2.16,-1.06,1.2649957318962477,2.443987339264317,0.0,-2.41581,1.31801,0.01,0.01,False,False,False,0.0,False,22.822391510009766
1790831905.0897827,38829.66118939,440,107.0,280.3938675486048,True,146.0,244.51614283594537,True,3027.0,3025.6272,True,38829.606241718,38829.606241718,38829.646136307,38829.607316381,38829.64618277,38829.624029328,0.0,1.5,75.4,0.0,0.6100000000000136,89.36,-2.15,-1.06,1.2649957318962477,2.443987339264317,0.0,-2.41581,1.31801,0.0,0.02,False,False,False,0.0,False,22.872628688812256
1790831905.1398797,38829.711281386,441,107.0,279.75956565400435,True,146.0,243.17463782599796,True,3039.0,3026.9763199999998,True,38829.707248885,38829.707248885,38829.684467602,38829.664277142,38829.705691562,38829.664873542,-0.1,1.3,75.4,0.0,0.44999999999998863,89.2,-2.1,-1.06,1.2651783068473264,2.443871294500374,0.0,-2.41569,1.31819,0.0,0.05,False,False,False,0.0,False,22.922683238983154
1790831905.1939766,38829.765413784,442,107.0,279.3477182303403,True,146.0,242.30490758589644,True,3013.0,3027.7857919999997,True,38829.707248885,38829.707248885,38829.739951116,38829.723759852,38829.740868292,38829.723831659,0.1,1.2,75.5,0.0,0.09999999999999432,88.85,-2.06,-1.08,1.2673399743143223,2.44381843844934,0.0,-2.41559,1.32035,0.0,0.16,False,False,False,0.0,False,22.976784229278564
1790831905.2441316,38829.81551662,443,107.0,279.0802070262652,True,146.0,241.7405327167444,True,2991.0,3027.4714752,True,38829.767172342,38829.767172342,38829.803749997,38829.767210871,38829.804692888,38829.783464149,0.5,1.2,75.5,0.0,-0.18999999999999773,88.56,-2.07,-1.07,1.2758253733648717,2.4436635095852264,0.0,-2.41525,1.32883,0.01,0.25,False,False,False,0.0,False,23.02696180343628
1790831905.2941787,38829.865626673,444,107.0,278.90640485861843,True,146.0,241.37409033676673,True,2999.0,3021.68288512,True,38829.864060663,38829.864060663,38829.849923505,38829.864095533,38829.863373091,38829.826247445,0.5,1.2,75.4,0.0,-0.2300000000000182,88.52,-2.08,-1.06,1.308816940265648,2.443493176289565,0.0,-2.41436,1.36181,0.01,0.36,False,False,False,0.0,False,23.07698130607605
1790831905.3443766,38829.915793937,445,107.0,278.7934672982364,True,146.0,241.13607233268152,True,2952.0,3012.6097310719997,True,38829.864060663,38829.864060663,38829.905354553,38829.864095533,38829.863373091,38829.885359029,0.7,1.4,75.1,0.0,-0.2300000000000182,88.52,-2.08,-1.06,1.308816940265648,2.443493176289565,0.0,-2.41436,1.36181,0.01,0.4,False,False,False,0.0,False,23.127168893814087
1790831905.394607,38829.966031878,446,107.0,278.7200721850167,True,146.0,240.98143226190152,True,2914.0,3003.9658386432,True,38829.923976305,38829.923976305,38829.964132925,38829.945532445,38829.965936103,38829.945575724,0.4,1.6,74.9,0.0,-0.3100000000000023,88.44,-2.19,-0.97,1.3285375202389174,2.4432233142546407,0.0,-2.41366,1.38152,0.01,0.37,False,False,False,0.0,False,23.177401065826416
1790831905.4503553,38830.021802827,447,107.0,278.6723714036084,True,146.0,240.88094648036187,True,2914.0,3003.9658386432,True,38829.983518069,38829.983518069,38829.964132925,38829.983982098,38829.965936103,38830.008950187,0.4,1.6,74.9,0.0,-0.3100000000000023,88.44,-2.19,-0.97,1.3624493045023074,2.443053055412669,0.0,-2.41275,1.41542,0.01,0.29,False,False,False,0.0,False,23.23317241668701
1790831905.5011344,38830.072540822,448,107.0,278.641368448516,True,146.0,240.81564350909858,True,2893.0,2983.17950318592,True,38830.043854119,38830.043854119,38830.064128435,38830.043906219,38830.024206977,38830.043941021,0.4,1.6,74.9,0.0,-0.3499999999999943,88.4,-2.22,-0.97,1.3742447884578928,2.4429303433369363,0.0,-2.41237,1.42721,0.01,0.23,False,False,False,0.0,False,23.283937692642212
1790831905.5511718,38830.12261996,449,107.0,278.6212176062737,True,146.0,240.77320198017398,True,2871.0,2955.5077019115524,True,38830.083878278,38830.083878278,38830.122177128,38830.083914122,38830.122191205,38830.108505805,0.4,1.6,74.8,0.0,-0.36000000000001364,88.39,-2.2,-0.93,1.3832665686214598,2.4429471564350735,0.0,-2.41219,1.43623,0.01,0.18,False,False,False,0.0,False,23.333969593048096
1790831905.6016047,38830.17301975,450,107.0,278.6081200145111,True,146.0,240.74561726888555,True,2863.0,2930.5046211469316,True,38830.134163499,38830.134163499,38830.164964201,38830.144069635,38830.122191205,38830.164891556,0.3,1.5,74.9,0.0,-0.36000000000001364,88.39,-2.2,-0.93,1.3910731830110015,2.443187514029089,0.0,-2.41226,1.44404,0.01,0.17,False,False,False,0.0,False,23.38440442085266
1790831905.6517239,38830.223126613,451,5.0,278.5996067723964,False,132.0,240.72768817090963,True,2863.0,2930.5046211469316,True,38830.190936171,38830.190936171,38830.164964201,38830.20698727,38830.190876526,38830.207035591,0.1,1.3,74.9,0.0,-0.36000000000001364,88.39,-2.21,-0.87,1.3993655731925008,2.4431684070206097,0.0,-2.41206,1.45233,0.01,0.17,False,False,False,0.0,False,23.434570789337158
1790831905.704417,38830.275866797,452,5.0,278.59407324636624,False,132.0,240.71603466466806,True,2841.0,2906.702772688159,True,38830.243990184,38830.243990184,38830.224519646,38830.244072999,38830.224543287,38830.207035591,0.1,1.3,74.9,0.0,-0.3400000000000034,88.41,-2.17,-0.91,1.4103697181047405,2.443098444527595,0.0,-2.41175,1.46333,0.01,0.21,False,False,False,0.0,False,23.48719024658203
1790831905.7546,38830.326006693,453,5.0,278.5904764888146,False,132.0,246.21379506855826,True,2813.0,2889.221663612895,True,38830.283975463,38830.283975463,38830.324283718,38830.305875585,38830.283931572,38830.307688981,0.1,1.3,74.9,0.0,-0.3400000000000034,88.41,-2.15,-0.91,1.4237419901280575,2.4431401690337373,0.0,-2.4115,1.4767,0.01,0.31,False,False,False,0.0,False,23.53743314743042
1790831905.8047771,38830.376196029,454,5.0,278.58813861092653,False,132.0,249.8251638836874,True,2813.0,2889.221663612895,True,38830.343909926,38830.343909926,38830.324283718,38830.34394308,38830.343468661,38830.364356523,0.3,1.4,74.9,0.0,-0.3199999999999932,88.43,-2.13,-0.91,1.4393246460534677,2.4427300052734155,0.0,-2.41075,1.49227,0.02,0.32,False,False,False,0.0,False,23.58758306503296
1790831905.8548946,38830.426303301,455,5.0,278.58661899643425,False,132.0,252.18853448699505,True,2775.0,2869.9329981677374,True,38830.407726478,38830.407726478,38830.424646783,38830.407806389,38830.38641865,38830.423570907,0.3,1.5,74.9,0.0,-0.30000000000001137,88.45,-2.16,-0.91,1.4549668514028018,2.442341145646737,0.0,-2.41002,1.5079,0.02,0.32,False,False,False,0.0,False,23.63775134086609
1790831905.9049604,38830.476385115,456,5.0,278.5856312496062,False,132.0,253.7314772981877,True,2775.0,2869.9329981677374,True,38830.467213564,38830.467213564,38830.424646783,38830.47008443,38830.449888599,38830.423570907,0.3,1.5,74.9,0.0,-0.28000000000000114,88.47,-2.28,-0.94,1.4700046184100308,2.4421491471147254,0.0,-2.4095,1.52293,0.02,0.32,False,False,False,0.0,False,23.68775987625122
1790831905.9625137,38830.533949936,457,5.0,278.58498921526314,False,132.0,254.73724281125843,True,2731.0,2847.1597989006423,True,38830.467213564,38830.467213564,38830.507638772,38830.47008443,38830.507684376,38830.483903124,0.3,1.6,74.8,0.0,-0.21999999999999886,88.53,-2.28,-0.97,1.4700046184100308,2.4421491471147254,0.0,-2.4095,1.52293,0.02,0.27,False,False,False,0.0,False,23.745317459106445
1790831906.0126176,38830.584059027,458,5.0,278.5845718934028,False,132.0,255.392195654503,True,2691.0,2818.295879340385,True,38830.564253852,38830.564253852,38830.543698453,38830.534399461,38830.563410635,38830.534432413,0.3,1.5,74.9,0.0,-0.2699999999999818,88.48,-2.22,-0.94,1.4832647351218657,2.4422884481862215,0.0,-2.40935,1.53619,0.01,0.25,False,False,False,0.0,False,23.79540205001831
1790831906.062682,38830.634130088,459,5.0,278.5843006343891,False,132.0,255.81842422485576,True,2687.0,2783.377527604231,True,38830.624418074,38830.624418074,38830.602407232,38830.626206983,38830.60243369,38830.586254616,0.3,1.6,74.8,0.0,-0.2400000000000091,88.51,-2.21,-0.98,1.5051928258353287,2.4421567756296603,0.0,-2.40874,1.55811,0.02,0.22,False,False,False,0.0,False,23.845486402511597
1790831906.1127443,38830.684195797,460,5.0,278.58412431611276,False,132.0,256.0956879419831,True,2671.0,2746.4265165625384,True,38830.664312007,38830.664312007,38830.64399904,38830.683948166,38830.664047934,38830.684020254,0.2,1.4,74.9,0.0,-0.25,88.5,-2.18,-1.0,1.5154104309789302,2.4419196150734064,0.0,-2.40828,1.56832,0.01,0.21,False,False,False,0.0,False,23.89552068710327
1790831906.1628585,38830.734270856,461,5.0,278.58400970926806,False,132.0,256.276000257469,True,2663.0,2722.6559099375227,True,38830.723632319,38830.723632319,38830.706463135,38830.723668167,38830.723339258,38830.684020254,0.2,1.4,74.9,0.0,-0.20999999999997954,88.54,-2.17,-1.0,1.5260502985844142,2.4420417516271953,0.0,-2.40817,1.57896,0.01,0.23,False,False,False,0.0,False,23.945703983306885
1790831906.21707,38830.788527535,462,5.0,278.58393521483373,False,132.0,256.39324166751146,True,2638.0,2701.993545962514,True,38830.723632319,38830.723632319,38830.766373767,38830.723668167,38830.766421779,38830.74565596,0.0,1.2,74.9,0.0,-0.18000000000000682,88.57,-2.1,-1.03,1.5260502985844142,2.4420417516271953,0.0,-2.40817,1.57896,0.01,0.26,False,False,False,0.0,False,23.999842405319214
1790831906.2673116,38830.838710588,463,5.0,278.5838867934576,False,132.0,256.46946481014186,True,2614.0,2686.396127577508,True,38830.825490104,38830.825490104,38830.806312842,38830.82554944,38830.825377684,38830.790382267,0.2,1.2,74.9,0.0,-0.2300000000000182,88.52,-2.1,-0.99,1.5516277388455688,2.4419797057807395,0.0,-2.40755,1.60453,0.01,0.28,False,False,False,0.0,False,24.050166845321655
1790831906.317407,38830.888864047,464,5.0,278.5838553195658,False,132.0,256.5190167083799,True,2590.0,2667.037676546505,True,38830.825490104,38830.825490104,38830.875673187,38830.82554944,38830.875682765,38830.843684236,0.1,1.3,74.9,0.0,-0.1599999999999966,88.59,-2.06,-1.04,1.5516277388455688,2.4419797057807395,0.0,-2.40755,1.60453,0.01,0.29,False,False,False,0.0,False,24.100191354751587
1790831906.3675432,38830.938947793,465,5.0,278.5838348615373,False,132.0,256.5512283386954,True,2577.0,2645.822605927903,True,38830.893651277,38830.893651277,38830.923431257,38830.893691965,38830.923456916,38830.907952738,0.2,1.3,74.9,0.0,-0.17000000000001592,88.58,-2.05,-1.03,1.5797774034513734,2.4418437551253023,0.0,-2.4068,1.63267,0.01,0.29,False,False,False,0.0,False,24.150338888168335
1790831906.417625,38830.989058835,466,5.0,278.58382156381913,False,132.0,256.5721671221551,True,2540.0,2623.4935635567417,True,38830.983628875,38830.983628875,38830.964903854,38830.945884551,38830.983562737,38830.964698168,0.3,1.3,74.9,0.0,-0.17000000000001592,88.58,-2.03,-1.05,1.5935724114611185,2.4417646728196383,0.0,-2.40642,1.64646,0.01,0.28,False,False,False,0.0,False,24.200444221496582
1790831906.4677212,38831.039175326,467,5.0,278.58381292030253,False,132.0,256.5857778484403,True,2525.0,2604.896138134045,True,38830.983628875,38830.983628875,38831.024712241,38831.004873832,38831.025216557,38831.006975645,0.2,1.3,74.8,0.0,-0.18000000000000682,88.57,-2.03,-1.04,1.6064063390317647,2.441724633945966,0.0,-2.4061,1.65929,0.01,0.26,False,False,False,0.0,False,24.25049662590027
1790831906.5178366,38831.089258508,468,5.0,278.5838073020169,False,132.0,256.5946250389735,True,2512.0,2578.937682880427,True,38831.083552004,38831.083552004,38831.06753644,38831.045564765,38831.083488039,38831.064332658,0.3,1.2,74.8,0.0,-0.20999999999997954,88.54,-1.94,-1.05,1.6185949651838214,2.441920574052642,0.0,-2.40603,1.67148,0.01,0.25,False,False,False,0.0,False,24.300636291503906
1790831906.5678809,38831.139335083,469,5.0,278.58380365013124,False,132.0,256.6003758051143,True,2492.0,2557.362609728256,True,38831.083552004,38831.083552004,38831.124375489,38831.107158606,38831.124385986,38831.108415074,0.2,1.1,74.9,0.0,-0.21999999999999886,88.53,-1.94,-0.97,1.6303191569044089,2.4418563206565818,0.0,-2.40571,1.6832,0.01,0.25,False,False,False,0.0,False,24.35067892074585
1790831906.618039,38831.189453225,470,89.0,278.58380127640555,True,333.0,256.6041138421001,True,2469.0,2539.2175658369533,True,38831.139946747,38831.139946747,38831.18354398,38831.139996576,38831.183572869,38831.163954676,0.2,1.0,74.9,0.0,-0.19999999999998863,88.55,-1.89,-0.99,1.6421739721350679,2.441764910334763,0.0,-2.40536,1.69505,0.01,0.25,False,False,False,0.0,False,24.400842428207397
1790831906.6681604,38831.239555228,471,89.0,278.58379973348394,True,333.0,256.60654358261604,True,2455.0,2520.330539502172,True,38831.209477448,38831.209477448,38831.223600177,38831.209513947,38831.183572869,38831.209536166,0.2,1.0,74.9,0.0,-0.19999999999998863,88.55,-1.89,-0.99,1.6541016066426772,2.4415450579913767,0.0,-2.40488,1.70697,0.01,0.26,False,False,False,0.0,False,24.451022386550903
1790831906.7201943,38831.2916482,472,89.0,285.9297966683784,True,333.0,182.4665187902739,True,2455.0,2520.330539502172,True,38831.246187942,38831.246187942,38831.223600177,38831.246222751,38831.244082105,38831.265593834,0.0,1.0,74.8,0.0,-0.18999999999999773,88.56,-1.86,-0.95,1.6664908396467004,2.4417153682142474,0.0,-2.40478,1.71936,0.01,0.28,False,True,False,0.0,False,24.50296640396118
1790831906.7703397,38831.341756205,473,89.0,290.7643533148735,True,333.0,142.09351964835838,True,2426.0,2499.798323701303,True,38831.30612192,38831.30612192,38831.292363788,38831.306154789,38831.292375835,38831.323733157,0.1,1.0,74.8,0.0,-0.17000000000001592,88.58,-1.83,-0.89,1.679276088009095,2.441614252874698,0.0,-2.4044,1.73214,0.02,0.28,False,True,False,0.0,False,24.55317497253418
1790831906.820469,38831.39190968,474,89.0,293.93202090999415,True,333.0,119.15418237725083,True,2383.0,2481.878994220782,True,38831.377296207,38831.377296207,38831.383891095,38831.377337087,38831.346173335,38831.377367485,0.1,1.0,74.9,0.0,-0.12000000000000455,88.63,-1.84,-0.93,1.6918700726932419,2.441568978428618,0.0,-2.40408,1.74473,0.01,0.29,False,True,False,0.0,False,24.603258848190308
1790831906.871954,38831.443381667,475,89.0,296.00165428671727,True,333.0,105.63917804333664,True,2383.0,2481.878994220782,True,38831.407584236,38831.407584236,38831.383891095,38831.42397972,38831.405482994,38831.4245655,0.1,1.1,74.9,0.0,-0.13999999999998636,88.61,-1.89,-0.83,1.7046537940136839,2.441537846430965,0.0,-2.40377,1.75751,0.02,0.28,False,True,False,0.0,False,24.654775142669678
1790831906.9220507,38831.493465815,476,89.0,297.35141536994286,True,333.0,97.44405139329149,True,2351.0,2459.527396532469,True,38831.463593605,38831.463593605,38831.484601548,38831.464077747,38831.443782868,38831.483315971,0.2,1.1,74.9,0.0,-0.09000000000000341,88.66,-1.87,-0.88,1.7173473186028385,2.4415147487139293,0.0,-2.40347,1.7702,0.01,0.28,False,True,False,0.0,False,24.704851627349854
1790831906.9731255,38831.544590677,477,89.0,298.23066106561964,True,333.0,92.36633612631937,True,2351.0,2459.527396532469,True,38831.507403995,38831.507403995,38831.484601548,38831.523546039,38831.505958866,38831.524435593,0.1,1.0,74.9,0.0,-0.07999999999998408,88.67,-1.88,-0.83,1.7299793304284155,2.4415603254456877,0.0,-2.40324,1.78283,0.01,0.28,False,True,False,0.0,False,24.75592017173767
1790831907.02337,38831.59477275,478,89.0,298.8029739367522,True,333.0,89.1710731587603,True,2321.0,2428.9164379194817,True,38831.564470391,38831.564470391,38831.546329812,38831.565016626,38831.546339096,38831.585691484,0.1,1.1,74.9,0.0,-0.07999999999998408,88.67,-1.84,-0.89,1.741791319242937,2.441598011591988,0.0,-2.40302,1.79464,0.02,0.26,False,True,False,0.0,False,24.806182384490967
1790831907.0733905,38831.644843513,479,89.0,299.1753166418667,True,333.0,87.13862118124553,True,2285.0,2397.749862751689,True,38831.628746553,38831.628746553,38831.643724136,38831.628787149,38831.610403879,38831.628810012,0.1,1.0,74.9,0.0,-0.12000000000000455,88.63,-1.88,-0.8,1.7536752547390069,2.441547246197804,0.0,-2.40271,1.80652,0.03,0.27,False,True,False,0.0,False,24.856189489364624
1790831907.1236112,38831.694981952,480,89.0,299.41748277086714,True,333.0,85.83631552782668,True,2285.0,2397.749862751689,True,38831.664620486,38831.664620486,38831.643724136,38831.664679825,38831.664513556,38831.683735961,0.2,1.1,74.9,0.0,-0.11000000000001364,88.64,-1.89,-0.86,1.765606597777072,2.4411574343098144,0.0,-2.40206,1.81844,0.04,0.28,False,True,False,0.0,False,24.906429290771484
1790831907.1736286,38831.745073539,481,89.0,299.5749513288281,True,333.0,84.99775483886015,True,2265.0,2367.0499176510134,True,38831.723722652,38831.723722652,38831.713415523,38831.723763759,38831.713428188,38831.724137119,0.3,1.1,74.9,0.0,-0.25,88.5,-1.91,-0.85,1.7781098429639157,2.4397698609612424,0.0,-2.4004,1.83091,0.06,0.28,False,True,False,0.0,False,24.956435203552246
1790831907.2262056,38831.7976637,482,89.0,299.67733148406444,True,333.0,84.45604419001359,True,2239.0,2334.229950590608,True,38831.766655286,38831.766655286,38831.745746501,38831.766705305,38831.764477416,38831.724137119,0.3,1.1,74.9,0.0,-0.20999999999997954,88.54,-1.91,-0.88,1.79078417566646,2.4378758993604652,0.0,-2.39823,1.84354,0.06,0.28,False,True,False,0.0,False,25.00897741317749
1790831907.2763648,38831.847800599,483,89.0,299.7438893978254,True,333.0,84.10534924833308,True,2217.0,2306.537970354365,True,38831.823646818,38831.823646818,38831.844126491,38831.823686233,38831.807565678,38831.843270378,0.3,1.2,74.8,0.0,-0.25,88.5,-1.94,-0.87,1.8037776340759588,2.4351086916413682,0.0,-2.39518,1.85647,0.08,0.29,False,True,False,0.0,False,25.059179306030273
1790831907.3264017,38831.89786594,484,89.0,299.78715661020226,True,333.0,83.87799621032025,True,2217.0,2306.537970354365,True,38831.864449112,38831.864449112,38831.844126491,38831.886807743,38831.863379631,38831.886847943,0.2,1.1,74.9,0.0,-0.29000000000002046,88.46,-1.96,-0.88,1.816994748661871,2.4321763236523757,0.0,-2.39196,1.86962,0.08,0.29,False,True,False,0.0,False,25.109178066253662
1790831907.3765664,38831.947964757,485,89.0,299.81528222840984,True,333.0,83.73046967541052,True,2170.0,2279.522782212619,True,38831.924186429,38831.924186429,38831.906243661,38831.924265858,38831.906254596,38831.945363731,0.3,1.2,74.9,0.0,-0.21999999999999886,88.53,-2.0,-0.92,1.8297104924191356,2.4288429228814543,0.0,-2.38835,1.88226,0.08,0.28,False,True,False,0.0,False,25.159393310546875
1790831907.4266436,38831.998038085,486,89.0,299.83356469573846,True,333.0,83.63468429478405,True,2149.0,2254.5136693275713,True,38831.96982933,38831.96982933,38831.969139384,38831.983907004,38831.969778774,38831.985841609,0.3,1.2,74.9,0.0,-0.29000000000002046,88.46,-1.99,-0.9,1.8425646758182395,2.4255825595363327,0.0,-2.38481,1.89504,0.08,0.28,False,True,False,0.0,False,25.20945382118225
1790831907.481019,38832.052473486,487,89.0,299.84544864404813,True,333.0,83.57246894871184,True,2133.0,2220.7082015965425,True,38832.024546539,38832.024546539,38832.007163271,38832.024589445,38832.024456251,38831.985841609,0.3,1.2,74.9,0.0,-0.2400000000000091,88.51,-2.0,-0.95,1.8548654997208434,2.4224701599287757,0.0,-2.38143,1.90727,0.09,0.27,False,True,False,0.0,False,25.263843297958374
1790831907.5312943,38832.102695049,488,89.0,299.85317335602014,True,333.0,83.53204805020385,True,2107.0,2192.0249209579256,True,38832.083821771,38832.083821771,38832.064655241,38832.083875214,38832.064680856,38832.083912253,0.3,1.2,74.8,0.0,-0.29000000000002046,88.46,-2.01,-0.95,1.8666522629346352,2.4199966981963024,0.0,-2.3787,1.919,0.07,0.27,False,True,False,0.0,False,25.314109563827515
1790831907.5814087,38832.152848538,489,89.0,299.8581944803056,True,333.0,83.50578252596915,True,2097.0,2168.4149525747553,True,38832.124834687,38832.124834687,38832.10545219,38832.14235764,38832.12385375,38832.142395096,0.3,1.1,74.9,0.0,-0.2699999999999818,88.48,-2.0,-0.94,1.8789768970765517,2.418085103765493,0.0,-2.37652,1.93128,0.07,0.27,False,True,False,0.0,False,25.364235639572144
1790831907.6315794,38832.202956134,490,71.0,299.8614582370764,True,278.0,83.48871334048016,True,2073.0,2143.848971544853,True,38832.184236882,38832.184236882,38832.159102327,38832.184292258,38832.159114,38832.142395096,0.3,1.1,74.9,0.0,-0.25,88.5,-1.99,-0.95,1.891328507222221,2.415854021783718,0.0,-2.37402,1.94358,0.07,0.27,False,True,False,0.0,False,25.414393424987793
1790831907.6816628,38832.253084482,491,71.0,299.8635796899562,True,278.0,83.47761980863623,True,2049.0,2125.109382926912,True,38832.225268827,38832.225268827,38832.225216888,38832.243883548,38832.225239627,38832.245297539,0.2,1.1,74.9,0.0,-0.1599999999999966,88.59,-2.02,-1.01,1.9039550705387598,2.4133988845546748,0.0,-2.37129,1.95615,0.07,0.27,False,True,False,0.0,False,25.464500665664673
1790831907.7375157,38832.308957528,492,71.0,307.52878073412194,True,278.0,94.90152143652966,True,2035.0,2104.265629756147,True,38832.287044618,38832.287044618,38832.264580112,38832.287116407,38832.264595508,38832.245297539,0.2,1.1,74.9,0.0,-0.25,88.5,-2.04,-1.01,1.9294772975505925,2.408074381915322,0.0,-2.36541,1.98155,0.08,0.28,False,True,False,0.0,False,25.52029538154602
1790831907.7876594,38832.359064708,493,71.0,312.5708416957346,True,278.0,102.91167418882685,True,2020.0,2082.159377853688,True,38832.343489245,38832.343489245,38832.323635893,38832.344055514,38832.323663703,38832.345148626,0.2,1.2,74.9,0.0,-0.21999999999999886,88.53,-2.06,-1.0,1.9422082000468466,2.4054214737693664,0.0,-2.36248,1.99422,0.08,0.28,False,True,False,0.0,False,25.570515155792236
1790831907.8377264,38832.409146975,494,71.0,315.8733962403102,True,278.0,108.3652740311054,True,1994.0,2063.2956267122127,True,38832.394584887,38832.394584887,38832.366866217,38832.394620391,38832.394517136,38832.405743823,0.3,1.2,74.9,0.0,-0.19999999999998863,88.55,-2.08,-1.02,1.9548515235980168,2.402656628460778,0.0,-2.35944,2.0068,0.08,0.28,False,True,False,0.0,False,25.620524644851685
1790831907.8878474,38832.459247703,495,71.0,318.0307099977847,True,278.0,112.01447166234948,True,1975.0,2045.9773760273276,True,38832.445431424,38832.445431424,38832.424678205,38832.445994216,38832.424722842,38832.405743823,0.3,1.2,74.9,0.0,-0.25,88.5,-2.07,-1.01,1.9675334915103229,2.4004127501505232,0.0,-2.35692,2.01943,0.07,0.28,False,True,False,0.0,False,25.67069911956787
1790831907.9379277,38832.509331541,496,71.0,319.437464960872,True,278.0,114.43054126517308,True,1951.0,2025.1864256163967,True,38832.445431424,38832.445431424,38832.485804234,38832.445994216,38832.485829733,38832.46828992,0.1,1.3,74.9,0.0,-0.12999999999999545,88.62,-2.1,-1.04,1.9675334915103229,2.4004127501505232,0.0,-2.35692,2.01943,0.07,0.27,False,True,False,0.0,False,25.7207350730896
1790831907.9971323,38832.568584288,497,71.0,320.35375736813666,True,278.0,116.01961501472096,True,1933.0,2005.111855369838,True,38832.545339173,38832.545339173,38832.523914691,38832.512456156,38832.54399206,38832.512511676,0.2,1.3,74.8,0.0,-0.2699999999999818,88.48,-2.12,-0.96,1.9801508553483025,2.3988376216541605,0.0,-2.35507,2.03201,0.05,0.27,False,True,False,0.0,False,25.77993106842041
1790831908.0472732,38832.61869301,498,71.0,320.9501508931902,True,278.0,117.06038349643558,True,1910.0,1983.4671132219028,True,38832.606491208,38832.606491208,38832.587295136,38832.607911085,38832.587311389,38832.568905493,0.2,1.3,74.8,0.0,-0.17000000000001592,88.58,-2.11,-0.97,2.0055645559131983,2.397111607865745,0.0,-2.35279,2.05738,0.04,0.27,False,True,False,0.0,False,25.830071210861206
1790831908.0973754,38832.668825837,499,71.0,321.338146146465,True,278.0,117.74020831460501,True,1893.0,1963.2802679331417,True,38832.65304108,38832.65304108,38832.65297883,38832.667455278,38832.653010308,38832.66877801,0.3,1.3,74.9,0.0,-0.25,88.5,-2.12,-0.94,2.0179136547409784,2.3963708257508705,0.0,-2.35178,2.06971,0.04,0.27,False,True,False,0.0,False,25.880163192749023
1790831908.1475163,38832.718934902,500,71.0,321.5904864837845,True,278.0,118.18349938780074,True,1866.0,1941.968160759885,True,38832.65304108,38832.65304108,38832.686776065,38832.667455278,38832.653010308,38832.66877801,0.3,1.3,74.9,0.0,-0.25,88.5,-2.12,-0.94,2.0179136547409784,2.3963708257508705,0.0,-2.35178,2.06971,0.04,0.26,False,True,False,0.0,False,25.93030881881714
1790831908.1978755,38832.769296033,501,71.0,321.754568299129,True,278.0,118.47223217311347,True,1831.0,1922.380896455931,True,38832.737356379,38832.737356379,38832.766858086,38832.744665469,38832.766888397,38832.746738648,0.2,1.3,74.8,0.0,-0.2300000000000182,88.52,-2.16,-0.94,2.029970896468097,2.395253587220466,0.0,-2.3504,2.08174,0.05,0.27,False,True,False,0.0,False,25.980720281600952
1790831908.2496932,38832.821145932,502,71.0,321.8612470809496,True,278.0,118.66015927438497,True,1831.0,1922.380896455931,True,38832.785282252,38832.785282252,38832.766858086,38832.786315024,38832.766888397,38832.808127921,0.1,1.2,74.8,0.0,-0.2300000000000182,88.52,-2.16,-0.94,2.0423300301429936,2.3940529145731344,0.0,-2.34893,2.09407,0.05,0.27,False,True,False,0.0,False,26.032479286193848
1790831908.300341,38832.871778144,503,71.0,321.93059910591325,True,278.0,118.78241784933209,True,1784.0,1899.8285378735586,True,38832.846444584,38832.846444584,38832.871383712,38832.848258808,38832.827166178,38832.848324535,0.1,1.1,74.8,0.0,-0.17000000000001592,88.58,-2.13,-0.95,2.0674478404596073,2.3907600731104126,0.0,-2.34509,2.11911,0.06,0.26,False,True,False,0.0,False,26.083138942718506
1790831908.350411,38832.921853781,504,71.0,321.9756824922292,True,278.0,118.86193069077626,True,1784.0,1899.8285378735586,True,38832.886811341,38832.886811341,38832.871383712,38832.886848676,38832.884483312,38832.906435653,0.2,1.1,74.8,0.0,-0.18999999999999773,88.56,-2.02,-0.92,2.07974160914531,2.3888878147141352,0.0,-2.34295,2.13136,0.06,0.26,False,True,False,0.0,False,26.133195638656616
1790831908.4006455,38832.972065821,505,71.0,322.00498862419755,True,278.0,118.91363295208026,True,1772.0,1872.2971227241353,True,38832.943524878,38832.943524878,38832.927608334,38832.943568254,38832.927625127,38832.968167277,0.1,1.1,74.9,0.0,-0.21999999999999886,88.53,-2.03,-0.91,2.0923907482617494,2.38677325102085,0.0,-2.34056,2.14396,0.06,0.27,False,True,False,0.0,False,26.18347716331482
1790831908.4508474,38833.02225948,506,71.0,322.0240384257665,True,278.0,118.94724741324717,True,1748.0,1836.978273634481,True,38833.003925246,38833.003925246,38832.990376575,38833.003972503,38832.990402463,38833.004017347,0.0,1.0,74.9,0.0,-0.20999999999997954,88.54,-1.99,-0.88,2.1049700849582984,2.3851072713466483,0.0,-2.33862,2.1565,0.06,0.27,False,True,False,0.0,False,26.23364758491516
1790831908.503296,38833.074749519,507,71.0,322.03642114145737,True,278.0,118.96910018933812,True,1725.0,1810.9869641806886,True,38833.046976701,38833.046976701,38833.024605129,38833.047030445,38833.044575257,38833.004017347,0.0,1.0,74.9,0.0,-0.1599999999999966,88.59,-1.96,-0.94,2.1177690766982646,2.3843763059300396,0.0,-2.33761,2.16928,0.05,0.27,False,True,False,0.0,False,26.28609347343445
1790831908.5533695,38833.12481894,508,71.0,322.04447005228,True,278.0,118.98330592029765,True,1700.0,1785.7921785084131,True,38833.105821671,38833.105821671,38833.086778797,38833.108237302,38833.087218434,38833.124261409,0.1,1.0,74.9,0.0,-0.12000000000000455,88.63,-1.88,-0.95,2.1305469824534375,2.3836948923170835,0.0,-2.33665,2.18204,0.05,0.28,False,True,False,0.0,False,26.336146354675293
1790831908.6034555,38833.174892849,509,211.0,322.04970190584066,True,257.0,118.99254024811785,True,1680.0,1761.475307105048,True,38833.144690276,38833.144690276,38833.127189871,38833.164938192,38833.135167632,38833.168546183,0.1,1.0,74.9,0.0,-0.18999999999999773,88.56,-1.88,-0.9,2.1427112876147905,2.383630239850168,0.0,-2.33632,2.1942,0.04,0.27,False,True,False,0.0,False,26.386266946792603
1790831908.653682,38833.22509754,510,211.0,322.05310263664984,True,257.0,118.99854281584015,True,1665.0,1736.8851842630288,True,38833.207231366,38833.207231366,38833.186647235,38833.207271225,38833.204268064,38833.168546183,0.1,1.0,74.9,0.0,-0.19999999999998863,88.55,-1.84,-0.98,2.155252921787075,2.3832337398015064,0.0,-2.33565,2.20673,0.04,0.28,False,True,False,0.0,False,26.436503648757935
1790831908.7037299,38833.275176503,511,211.0,263.7733693741518,True,257.0,124.42837088281908,True,1645.0,1714.1311105578172,True,38833.264758642,38833.264758642,38833.249411608,38833.265712264,38833.249426874,38833.268640381,0.1,0.9,74.9,0.0,-0.18999999999999773,88.56,-1.79,-1.01,2.1677873942741432,2.3827070525404754,0.0,-2.33485,2.21925,0.04,0.28,False,True,False,0.0,False,26.486517190933228
1790831908.7611582,38833.332591271,512,211.0,229.50026431992464,True,257.0,128.04322517052822,True,1616.0,1694.4786663346904,True,38833.307983504,38833.307983504,38833.285584573,38833.308173669,38833.30491473,38833.268640381,0.1,0.9,74.9,0.0,-0.15000000000000568,88.6,-1.77,-1.03,2.180723335840841,2.3816589992102557,0.0,-2.33352,2.23216,0.05,0.28,False,True,False,0.0,False,26.54397201538086
1790831908.8112912,38833.382687122,513,211.0,208.74743089647959,True,257.0,130.42898986120218,True,1598.0,1674.6871998008141,True,38833.366145926,38833.366145926,38833.34381337,38833.366222007,38833.34419574,38833.369542005,0.2,0.8,74.9,0.0,-0.2400000000000091,88.51,-1.75,-1.01,2.1934903713803413,2.381017357929532,0.0,-2.3326,2.24491,0.04,0.28,True,True,False,78.3184410352774,False,26.594101667404175
1790831908.8613474,38833.432778513,514,211.0,195.90226852535187,True,257.0,131.9949931331879,True,1571.0,1651.2123198804884,True,38833.408028554,38833.408028554,38833.389096463,38833.408079905,38833.404728767,38833.425949141,0.3,0.9,74.9,0.0,-0.2599999999999909,88.49,-1.75,-1.05,2.2063669816719655,2.3799380028453982,0.0,-2.33124,2.25776,0.04,0.29,True,True,False,63.90727539216397,False,26.64416193962097
1790831908.9114,38833.482845229,515,211.0,187.825078761231,True,257.0,133.01934101421625,True,1557.0,1629.927391928293,True,38833.465707687,38833.465707687,38833.44377814,38833.465785553,38833.443916827,38833.425949141,0.3,0.9,74.9,0.0,-0.2400000000000091,88.51,-1.73,-1.05,2.218918725145056,2.3781613949016664,0.0,-2.32919,2.27027,0.05,0.28,True,True,False,54.805737747014746,False,26.694184064865112
1790831908.9615273,38833.532919792,516,211.0,182.68989545538233,True,257.0,133.68789046805,True,1534.0,1606.3564351569757,True,38833.506407368,38833.506407368,38833.487014835,38833.526774304,38833.505562945,38833.526825929,0.2,0.8,74.8,0.0,-0.17000000000001592,88.58,-1.7,-1.05,2.231274405665191,2.376660575497361,0.0,-2.32742,2.28259,0.05,0.28,True,True,False,49.00200498733233,False,26.74437117576599
1790831909.0156002,38833.587050496,517,211.0,179.40060959883132,True,257.0,134.12359822045937,True,1512.0,1586.6138610941855,True,38833.568577769,38833.568577769,38833.546526676,38833.569277294,38833.565935301,38833.526825929,0.2,0.8,74.8,0.0,-0.25,88.5,-1.68,-1.03,2.243920490697726,2.3746859784878667,0.0,-2.32517,2.29519,0.06,0.28,True,True,False,45.27701137837195,False,26.798374891281128
1790831909.0656867,38833.637121646,518,211.0,177.28310023304903,True,257.0,134.40729439115933,True,1490.0,1565.5683166565113,True,38833.627825884,38833.627825884,38833.608810956,38833.627897974,38833.608826411,38833.627947739,0.0,0.8,74.9,0.0,-0.15000000000000568,88.6,-1.75,-1.06,2.256032631481442,2.371969557011835,0.0,-2.32219,2.30724,0.07,0.28,True,True,False,42.8758058418897,False,26.848523378372192
1790831909.1157227,38833.687185364,519,211.0,175.9153915666029,True,257.0,134.59190229272957,True,1475.0,1544.1409899939067,True,38833.673618183,38833.673618183,38833.646527455,38833.684521718,38833.673567554,38833.686362445,0.0,0.8,74.9,0.0,-0.1599999999999966,88.59,-1.78,-1.11,2.267878906892313,2.369977508094313,0.0,-2.31994,2.31904,0.06,0.28,True,True,False,41.32348927387332,False,26.898491621017456
1790831909.1658795,38833.737296723,520,211.0,175.0300450314173,True,257.0,134.7119842062852,True,1455.0,1522.4845939963438,True,38833.72736609,38833.72736609,38833.707422188,38833.727438218,38833.707437576,38833.686362445,0.0,0.8,74.9,0.0,-0.21999999999999886,88.53,-1.81,-1.1,2.280110072070187,2.368223912248183,0.0,-2.31792,2.33123,0.05,0.29,True,True,False,40.31806082513211,False,26.948713541030884
1790831909.2159545,38833.787373842,521,211.0,174.4561178649536,True,257.0,134.79007411360487,True,1429.0,1503.4907563978063,True,38833.769808321,38833.769808321,38833.755165962,38833.784588307,38833.765038995,38833.786603566,0.2,0.8,74.9,0.0,-0.19999999999998863,88.55,-1.81,-1.13,2.2930581927456584,2.367076100864105,0.0,-2.31649,2.34415,0.05,0.29,True,True,False,39.666043751348724,False,26.998750686645508
1790831909.2687411,38833.840195488,522,211.0,174.08371927114658,True,257.0,134.84084804369502,True,1413.0,1484.0944538386839,True,38833.769808321,38833.769808321,38833.807806989,38833.784588307,38833.807829286,38833.786603566,0.2,0.8,74.9,0.0,-0.3299999999999841,88.42,-1.81,-1.07,2.2930581927456584,2.367076100864105,0.0,-2.31649,2.34415,0.03,0.3,True,True,False,39.24287122745156,False,27.051533699035645
1790831909.3189495,38833.890363392,523,211.0,173.84193652737864,True,257.0,134.873857642919,True,1387.0,1462.0566723032102,True,38833.871426706,38833.871426706,38833.868049949,38833.884585226,38833.871354886,38833.886644561,0.1,0.9,74.8,0.0,-0.1599999999999966,88.59,-1.84,-1.11,2.3185344968183834,2.3652314245255424,0.0,-2.31409,2.36958,0.05,0.3,True,True,False,38.96807888445963,False,27.10175585746765
1790831909.3691103,38833.940554905,524,211.0,173.68489449851182,True,257.0,134.89531664753576,True,1362.0,1442.4340033819262,True,38833.926504983,38833.926504983,38833.907899986,38833.926557922,38833.907922084,38833.886644561,0.1,0.9,74.8,0.0,-0.28000000000000114,88.47,-1.82,-1.05,2.331383694808554,2.3644915522329146,0.0,-2.31307,2.38241,0.02,0.3,True,True,False,38.78957785097606,False,27.15191411972046
1790831909.4193795,38833.990789692,525,211.0,173.5828665085594,True,257.0,134.90926616880034,True,1342.0,1420.2604020291558,True,38833.984336429,38833.984336429,38833.965236685,38833.986573999,38833.968390526,38833.98665247,0.2,0.9,74.9,0.0,-0.2400000000000091,88.51,-1.81,-1.05,2.3439266378739405,2.3640350664626286,0.0,-2.31234,2.39494,0.03,0.29,True,True,False,38.67360033975905,False,27.202184438705444
1790831909.469426,38834.040870172,526,211.0,173.51656915651293,True,257.0,134.91833385121373,True,1320.0,1396.9562412174935,True,38834.027579662,38834.027579662,38834.011827094,38834.027619982,38834.024564716,38833.98665247,0.2,0.9,74.9,0.0,-0.21999999999999886,88.53,-1.79,-1.04,2.3562727198446605,2.3629741423502386,0.0,-2.31101,2.40726,0.04,0.29,True,True,False,38.5982353052992,False,27.252281188964844
1790831909.5242743,38834.095723017,527,211.0,173.47348468318384,True,257.0,134.92422805332478,True,1300.0,1374.973744730496,True,38834.08440005,38834.08440005,38834.068539893,38834.084461412,38834.068583214,38834.084494749,0.2,0.9,74.9,0.0,-0.20999999999997954,88.54,-1.84,-1.03,2.368356064980131,2.3615774067499524,0.0,-2.30935,2.41931,0.04,0.28,True,True,False,38.54925662985906,False,27.30705189704895
1790831909.5744364,38834.145854348,528,211.0,173.44548349584414,True,257.0,134.9280593728061,True,1281.0,1352.9842468382976,True,38834.124951954,38834.124951954,38834.107930989,38834.134542492,38834.124850226,38834.144388243,0.0,0.8,74.9,0.0,-0.2400000000000091,88.51,-1.84,-1.0,2.380186197376076,2.3603251817324695,0.0,-2.30784,2.43111,0.04,0.28,True,True,False,38.51742412303804,False,27.357249975204468
1790831909.624571,38834.196021264,529,236.0,173.42728429591028,True,219.0,134.93054976769514,True,1257.0,1331.7905481029784,True,38834.184681931,38834.184681931,38834.16363885,38834.185819682,38834.163661976,38834.144388243,0.0,0.8,74.9,0.0,-0.2300000000000182,88.52,-1.84,-1.02,2.4049743736140736,2.358845580842374,0.0,-2.30582,2.45586,0.03,0.29,True,True,False,38.49673452821514,False,27.407349824905396
1790831909.6746728,38834.246101568,530,236.0,173.41545548005445,True,219.0,134.93216854010097,True,1237.0,1311.474328861787,True,38834.244764857,38834.244764857,38834.227940668,38834.185819682,38834.227992025,38834.207721126,0.2,0.9,74.9,0.0,-0.3299999999999841,88.42,-1.84,-0.94,2.4049743736140736,2.358845580842374,0.0,-2.30582,2.45586,0.04,0.3,True,True,False,38.48328693995347,False,27.457496166229248
1790831909.7247949,38834.296196028,531,236.0,165.93989001112612,True,219.0,145.69120852001652,True,1216.0,1289.684597317072,True,38834.287133913,38834.287133913,38834.267828163,38834.287182398,38834.287048818,38834.247861527,0.1,0.9,74.9,0.0,-0.13999999999998636,88.61,-1.83,-0.99,2.4307401723769515,2.357027226061012,0.0,-2.30344,2.48158,0.04,0.3,True,True,False,20.248681491109608,False,27.50760531425476
1790831909.7775898,38834.349028661,532,236.0,161.1960884601324,True,219.0,152.9640805040064,True,1191.0,1268.6107583902433,True,38834.287133913,38834.287133913,38834.327440767,38834.287182398,38834.327476287,38834.305641308,0.1,0.9,74.9,0.0,-0.20999999999997954,88.54,-1.85,-0.95,2.4307401723769515,2.357027226061012,0.0,-2.30344,2.48158,0.04,0.3,True,True,False,8.232007956125983,False,27.56039547920227
1790831909.827766,38834.399154134,533,236.0,158.1613384635961,True,219.0,157.8095343523512,True,1171.0,1247.566455034146,True,38834.386900573,38834.386900573,38834.368275638,38834.34993531,38834.384623969,38834.349959965,0.1,0.9,74.8,0.0,-0.15000000000000568,88.6,-1.83,-0.98,2.443659609084713,2.3558187745087587,0.0,-2.30195,2.49447,0.04,0.29,True,True,False,0.35180411124491684,False,27.610585689544678
1790831909.8778727,38834.449309245,534,236.0,156.2093355932526,True,219.0,161.00897113609778,True,1129.0,1224.9398730204875,True,38834.447015109,38834.447015109,38834.433885329,38834.44705924,38834.444717562,38834.406514803,0.2,0.9,74.8,0.0,-0.2400000000000091,88.51,-1.84,-1.0,2.4687997025986865,2.3537967215646804,0.0,-2.29938,2.51956,0.04,0.29,True,True,False,-4.799635542845181,False,27.660678386688232
1790831909.92806,38834.499461452,535,236.0,154.94923073260793,True,219.0,163.1096843235643,True,1106.0,1203.3639238122926,True,38834.447015109,38834.447015109,38834.487958018,38834.44705924,38834.487987119,38834.469762018,0.4,0.9,74.9,0.0,-0.3499999999999943,88.4,-1.86,-1.01,2.4687997025986865,2.3537967215646804,0.0,-2.29938,2.51956,0.03,0.29,True,True,False,-8.160453590956365,False,27.71088147163391
1790831909.9781623,38834.549569204,536,236.0,154.13383705783457,True,219.0,164.48405389038572,True,1086.0,1173.6183542873755,True,38834.546533473,38834.546533473,38834.525304489,38834.5217344,38834.544552506,38834.524447179,0.1,0.9,74.9,0.0,-0.2699999999999818,88.48,-1.9,-1.07,2.48108772496059,2.353104618658058,0.0,-2.29842,2.53183,0.04,0.29,True,True,False,-10.350216832551155,False,27.76101589202881
1790831910.0350177,38834.606459295,537,236.0,153.6053836389948,True,219.0,165.3811568916937,True,1061.0,1146.5710125724254,True,38834.546533473,38834.546533473,38834.587280085,38834.566500962,38834.544552506,38834.568352441,0.3,1.0,74.9,0.0,-0.2699999999999818,88.48,-1.9,-1.07,2.4934266080192495,2.3523736160146034,0.0,-2.29742,2.54415,0.02,0.29,True,True,False,-11.775773252698912,False,27.817795753479004
1790831910.085172,38834.656560261,538,236.0,153.2625448352237,True,219.0,165.96586361830822,True,1039.0,1122.3426075434552,True,38834.608672311,38834.608672311,38834.647987091,38834.608701498,38834.648039176,38834.62684445,0.1,0.9,74.9,0.0,-0.2599999999999909,88.49,-1.9,-1.1,2.506029281430565,2.3523885454389983,0.0,-2.29716,2.55675,0.02,0.3,True,True,False,-12.703318783084512,False,27.868043184280396
1790831910.1353412,38834.706788772,539,236.0,153.0399767383281,True,219.0,166.346594670868,True,1019.0,1097.805564526073,True,38834.668417101,38834.668417101,38834.704244422,38834.669064356,38834.648039176,38834.690965106,0.2,0.9,74.9,0.0,-0.2599999999999909,88.49,-1.9,-1.1,2.5184730836618,2.3523499963804335,0.0,-2.29685,2.56919,0.01,0.29,True,True,False,-13.306617932539893,False,27.918120861053467
1790831910.1855736,38834.75695057,540,236.0,152.89542456089316,True,219.0,166.59435363994191,True,996.0,1074.2833387156438,True,38834.707025354,38834.707025354,38834.744162255,38834.724971648,38834.744181395,38834.727346025,0.2,1.0,74.9,0.0,-0.2300000000000182,88.52,-1.98,-1.12,2.5310444553192015,2.352424257079902,0.0,-2.29665,2.58176,0.02,0.3,True,True,False,-13.698929079048753,False,27.968435764312744
1790831910.2357025,38834.807143792,541,236.0,152.80151511420416,True,219.0,166.75551686896443,True,975.0,1052.1700032293863,True,38834.774561563,38834.774561563,38834.806944602,38834.774604865,38834.806977221,38834.786830005,0.2,1.0,74.9,0.0,-0.2400000000000091,88.51,-1.99,-1.11,2.543840573897268,2.35228336940812,0.0,-2.29623,2.59455,0.01,0.29,True,True,False,-13.95400175476027,False,28.01848530769348
1790831910.2865725,38834.858025898,542,236.0,152.74049487435838,True,219.0,166.86032362520916,True,975.0,1052.1700032293863,True,38834.825044672,38834.825044672,38834.806944602,38834.827746645,38834.806977221,38834.827829588,0.2,1.0,74.9,0.0,-0.2400000000000091,88.51,-1.99,-1.11,2.5563752273063414,2.352206793208125,0.0,-2.29588,2.60708,0.01,0.29,True,True,False,-14.119828750850786,False,28.06937313079834
1790831910.336735,38834.90813996,543,236.0,152.70084054892055,True,219.0,166.92846941951132,True,950.0,1029.7020019376318,True,38834.870675606,38834.870675606,38834.859248675,38834.887437624,38834.86864613,38834.887506199,0.2,1.0,74.8,0.0,-0.21999999999999886,88.53,-2.0,-1.12,2.568973138669795,2.351981561597171,0.0,-2.29538,2.61967,0.01,0.28,True,True,False,-14.227628870590763,False,28.119540214538574
1790831910.386775,38834.958223579,544,236.0,152.67506896825626,True,219.0,166.97277322846674,True,929.0,1007.8212011625791,True,38834.926174506,38834.926174506,38834.9088149,38834.926833521,38834.923339732,38834.949870112,0.2,1.0,74.8,0.0,-0.21999999999999886,88.53,-2.0,-1.12,2.5811570027739883,2.351937340668497,0.0,-2.29507,2.63185,0.01,0.28,True,True,False,-14.29770426021048,False,28.169576406478882
1790831910.4368656,38835.008302796,545,236.0,152.65831901711715,True,219.0,167.00157452481113,True,910.0,984.6927206975474,True,38834.98699122,38834.98699122,38834.972965806,38835.004919715,38834.986909101,38835.006466245,0.2,1.0,74.9,0.0,-0.18999999999999773,88.56,-2.0,-1.17,2.60532779543402,2.3521646778316585,0.0,-2.29477,2.65602,0.01,0.28,True,True,False,-14.343255507693982,False,28.21965718269348
1790831910.4869988,38835.058406141,546,236.0,152.64743221486037,True,219.0,167.02029698160612,True,888.0,962.4156324185285,True,38835.044839283,38835.044839283,38835.028052045,38835.046526229,38835.028067528,38835.006466245,0.2,1.0,74.9,0.0,-0.21999999999999886,88.53,-2.02,-1.11,2.6176883444703334,2.3522743478863526,0.0,-2.29461,2.66838,0.01,0.28,True,True,False,-14.37286476674575,False,28.26985216140747
1790831910.5410335,38835.112471352,547,236.0,152.64035607477155,True,219.0,167.03246726051015,True,868.0,941.4493794511171,True,38835.08811066,38835.08811066,38835.084501098,38835.046526229,38835.087985576,38835.067292572,0.1,1.0,74.9,0.0,-0.19999999999998863,88.55,-2.06,-1.15,2.6176883444703334,2.3522743478863526,0.0,-2.29461,2.66838,0.01,0.29,True,True,False,-14.3921111857386,False,28.323811531066895
1790831910.5911403,38835.16255247,548,235.0,152.6357567025961,True,208.0,167.04037822993746,True,844.0,920.0696276706703,True,38835.139584084,38835.139584084,38835.127685439,38835.139643224,38835.127702218,38835.114443466,0.2,1.0,74.9,0.0,-0.21999999999999886,88.53,-2.05,-1.09,2.6435374656696027,2.3521382110966895,0.0,-2.29391,2.69422,0.01,0.29,True,True,False,-14.404621527341362,False,28.373980283737183
1790831910.6411972,38835.212639476,549,235.0,152.6327671609098,True,208.0,167.04552048180415,True,802.0,899.2417766024022,True,38835.204816667,38835.204816667,38835.1993044,38835.207054431,38835.199328716,38835.207100616,0.1,1.0,74.9,0.0,-0.15000000000000568,88.6,-2.05,-1.14,2.656563965811598,2.3519823456079245,0.0,-2.29347,2.70724,0.01,0.29,True,True,False,-14.412753320894353,False,28.423978328704834
1790831910.6913185,38835.26272562,550,235.0,152.90946476738384,True,208.0,170.54036282945634,True,782.0,877.1450659614413,True,38835.243883423,38835.243883423,38835.227117012,38835.244323341,38835.243124306,38835.207100616,0.1,1.0,74.9,0.0,-0.18000000000000682,88.57,-2.04,-1.11,2.6693809149987624,2.3522620124340676,0.0,-2.29347,2.72006,0.01,0.29,True,True,False,-17.630898062072504,False,28.474169492721558
1790831910.74139,38835.312814764,551,235.0,153.08949978244857,True,208.0,172.83547116913752,True,758.0,847.0870395768648,True,38835.304747497,38835.304747497,38835.28490541,38835.306959867,38835.284931578,38835.307021632,0.2,1.2,74.9,0.0,-0.18999999999999773,88.56,-2.14,-1.06,2.6822967868712286,2.352133740168761,0.0,-2.29306,2.73297,0.01,0.29,True,True,False,-19.74597138668895,False,28.52418351173401
1790831910.7938054,38835.365256191,552,235.0,153.20659925592759,True,208.0,174.33720378372163,True,740.0,821.0522237461189,True,38835.347143994,38835.347143994,38835.323934536,38835.347199415,38835.344456041,38835.307021632,0.2,1.2,74.9,0.0,-0.18000000000000682,88.57,-2.18,-1.0,2.6946621351822495,2.3520234625774976,0.0,-2.29268,2.74533,0.01,0.28,True,True,False,-21.13060452779405,False,28.57661008834839
1790831910.8439417,38835.415346036,553,235.0,153.28274632522164,True,208.0,175.3175178850782,True,718.0,795.8313342476713,True,38835.404793183,38835.404793183,38835.387250726,38835.406356725,38835.387284669,38835.371943851,0.1,1.2,74.8,0.0,-0.15000000000000568,88.6,-2.18,-1.06,2.7068070995496116,2.351928380952069,0.0,-2.29232,2.75747,0.01,0.28,True,True,False,-22.03477155985655,False,28.62674903869629
1790831910.8939877,38835.465430268,554,235.0,153.33225561413536,True,208.0,175.95649143950294,True,700.0,773.4988005486027,True,38835.449548768,38835.449548768,38835.427647229,38835.406356725,38835.44949346,38835.42467834,0.1,1.2,74.9,0.0,-0.18000000000000682,88.57,-2.23,-1.03,2.7068070995496116,2.351928380952069,0.0,-2.29232,2.75747,0.01,0.27,True,True,False,-22.624235825367577,False,28.67678451538086
1790831910.9440827,38835.515518567,555,235.0,153.3644424375904,True,208.0,176.37257181653837,True,678.0,751.2992803291615,True,38835.507207243,38835.507207243,38835.485428096,38835.507582828,38835.504679384,38835.469482615,0.0,1.2,74.9,0.0,-0.17000000000001592,88.58,-2.3,-0.95,2.731402192464869,2.3515048192802217,0.0,-2.29136,2.78205,0.01,0.28,True,True,False,-23.008129378947956,False,28.726866722106934
1790831910.9942026,38835.565609221,556,235.0,153.38536631727806,True,208.0,176.64333990852498,True,659.0,730.7795681974969,True,38835.507207243,38835.507207243,38835.547128322,38835.507582828,38835.547670204,38835.533763616,0.1,1.2,74.9,0.0,-0.12000000000000455,88.63,-2.28,-1.01,2.731402192464869,2.3515048192802217,0.0,-2.29136,2.78205,0.01,0.28,True,True,False,-23.257973591246923,False,28.777026414871216
1790831911.050143,38835.621587019,557,235.0,153.3989678718517,True,208.0,176.8194726136373,True,639.0,709.6677409184981,True,38835.607179369,38835.607179369,38835.587744998,38835.607216863,38835.604589273,38835.572036159,0.0,1.2,74.9,0.0,-0.18000000000000682,88.57,-2.32,-0.98,2.7561972005586974,2.351545729266688,0.0,-2.29086,2.80684,0.01,0.28,True,True,False,-23.420504741785578,False,28.83292055130005
1790831911.10057,38835.67199277,558,235.0,153.40780931867272,True,208.0,176.93401525260845,True,621.0,689.4006445510988,True,38835.666974467,38835.666974467,38835.643842772,38835.667054864,38835.64385909,38835.625730751,0.1,1.3,74.9,0.0,-0.15000000000000568,88.6,-2.34,-1.04,2.7687963835884077,2.3517206206154158,0.0,-2.29076,2.81944,0.01,0.28,True,True,False,-23.526205933935728,False,28.883380889892578
1790831911.150614,38835.722035498,559,235.0,153.41355644346345,True,208.0,177.00849178876354,True,601.0,669.2403867306593,True,38835.707805056,38835.707805056,38835.688043059,38835.667054864,38835.707750385,38835.684765347,0.1,1.3,74.9,0.0,-0.17000000000001592,88.58,-2.42,-0.99,2.7687963835884077,2.3517206206154158,0.0,-2.29076,2.81944,0.01,0.27,True,True,False,-23.594935345300087,False,28.93340229988098
1790831911.2006721,38835.772114375,560,235.0,153.4172921524683,True,208.0,177.05691160156243,True,582.0,649.9442320383956,True,38835.765966982,38835.765966982,38835.748069044,38835.767142418,38835.748090557,38835.72698317,0.1,1.3,74.9,0.0,-0.18000000000000682,88.57,-2.4,-1.04,2.793662428541538,2.352173178223788,0.0,-2.29067,2.84431,0.01,0.27,True,True,False,-23.63961944909414,False,28.98348569869995
1790831911.2508063,38835.822215827,561,235.0,153.41972039623033,True,208.0,177.08838873204763,True,563.0,630.3665392230374,True,38835.80713214,38835.80713214,38835.804696173,38835.767142418,38835.807075337,38835.791338205,0.2,1.4,74.9,0.0,-0.2400000000000091,88.51,-2.48,-1.05,2.793662428541538,2.352173178223788,0.0,-2.29067,2.84431,0.01,0.27,True,True,False,-23.6686683358173,False,29.03361463546753
1790831911.3049405,38835.876368182,562,235.0,153.42129876857973,True,208.0,177.10885066340308,True,546.0,611.0199235338225,True,38835.80713214,38835.80713214,38835.84382563,38835.824735486,38835.807075337,38835.827801484,0.2,1.5,74.9,0.0,-0.2400000000000091,88.51,-2.48,-1.05,2.8062027165938757,2.3522967725780597,0.0,-2.29052,2.85685,0.01,0.26,True,True,False,-23.687551894823343,False,29.08773374557495
1790831911.3550646,38835.926466139,563,235.0,153.42232471648128,True,208.0,177.12215167782233,True,528.0,591.8119541202935,True,38835.878069156,38835.878069156,38835.906368993,38835.8845808,38835.92462617,38835.887080604,0.1,1.4,74.9,0.0,-0.12999999999999545,88.62,-2.52,-1.09,2.8186530260637754,2.3524184035926776,0.0,-2.29037,2.8693,0.01,0.26,True,True,False,-23.699826961341046,False,29.137887716293335
1790831911.4051242,38835.97657026,564,235.0,153.42299158509923,True,208.0,177.13079765788848,True,509.0,573.4871724721761,True,38835.928993834,38835.928993834,38835.967750609,38835.929064652,38835.967775289,38835.946626039,0.2,1.6,74.9,0.0,-0.20999999999997954,88.54,-2.59,-1.1,2.830975947029514,2.3528773359102995,0.0,-2.29056,2.88163,0.01,0.26,True,True,False,-23.707806072789253,False,29.187925338745117
1790831911.4556067,38836.026993602,565,235.0,153.42342505074947,True,208.0,177.13641768042453,True,491.0,555.2923034833057,True,38835.985050462,38835.985050462,38836.007061379,38835.987175621,38836.024491356,38836.004582303,0.1,1.6,74.9,0.0,-0.12999999999999545,88.62,-2.64,-1.14,2.84319561955979,2.353484051043479,0.0,-2.2909,2.89386,0.01,0.25,True,True,False,-23.712992629675057,False,29.23842191696167
1790831911.5056763,38836.077106741,566,235.0,153.42370680386523,True,208.0,177.14007075231876,True,475.0,536.7753820899834,True,38836.027405809,38836.027405809,38836.06771179,38836.043187178,38836.024491356,38836.043749881,0.2,1.6,74.8,0.0,-0.12999999999999545,88.62,-2.64,-1.14,2.855628950646208,2.3539253877579123,0.0,-2.29107,2.9063,-0.0,0.25,True,True,False,-23.716363948453534,False,29.28849744796753
1790831911.555926,38836.127380014,567,235.0,153.4238899435776,True,208.0,177.14244527323638,True,458.0,518.4652292539901,True,38836.087867467,38836.087867467,38836.127319965,38836.087911604,38836.127344673,38836.108140602,0.2,1.6,74.8,0.0,-0.1599999999999966,88.59,-2.62,-1.12,2.8802486519424892,2.355582858144344,0.0,-2.29219,2.93095,-0.0,0.25,True,True,False,-23.718555329658784,False,29.338701009750366
1790831911.6061163,38836.177529269,568,235.0,153.42400898446976,True,208.0,177.14398872205157,True,458.0,518.4652292539901,True,38836.133342555,38836.133342555,38836.127319965,38836.134258452,38836.127344673,38836.163455618,0.2,1.6,74.8,0.0,-0.1599999999999966,88.59,-2.62,-1.12,2.892702159191454,2.356474742217514,0.0,-2.29281,2.94342,-0.0,0.25,True,True,False,-23.71997973758181,False,29.38896417617798
1790831911.6561952,38836.227617432,569,112.0,153.42408636108308,True,286.0,177.14499196809885,True,429.0,501.079137552394,True,38836.210008988,38836.210008988,38836.226043259,38836.210046027,38836.184137644,38836.210067595,0.2,1.6,74.9,0.0,-0.2599999999999909,88.49,-2.63,-1.13,2.9052339394386277,2.356988243762347,0.0,-2.29305,2.95596,0.0,0.24,True,True,False,-23.720905607015766,False,29.43897271156311
1790831911.7062654,38836.277699643,570,112.0,153.42413665589584,True,286.0,177.1456440798537,True,429.0,501.079137552394,True,38836.248223234,38836.248223234,38836.226043259,38836.248280491,38836.245842438,38836.267122214,0.3,1.7,74.8,0.0,-0.20999999999997954,88.54,-2.62,-1.16,2.916962637831382,2.357634257703214,0.0,-2.29344,2.9677,-0.01,0.24,True,True,False,-23.72150742395786,False,29.489079475402832
1790831911.7563543,38836.327775284,571,112.0,190.39339735009696,True,286.0,152.75560940279382,True,392.0,483.8474825314364,True,38836.30493057,38836.30493057,38836.327144393,38836.306899891,38836.290629572,38836.306940015,0.3,1.6,74.8,0.0,-0.28000000000000114,88.47,-2.67,-1.12,2.9282314456916803,2.358270236796965,0.0,-2.29383,2.97898,0.0,0.21,True,True,False,37.63778794730314,False,29.539153814315796
1790831911.8067522,38836.378210811,572,112.0,217.20914986259345,True,286.0,138.07941114334346,True,392.0,483.8474825314364,True,38836.346964665,38836.346964665,38836.327144393,38836.347111054,38836.344523853,38836.306940015,0.3,1.6,74.8,0.0,-0.30000000000001137,88.45,-2.65,-1.12,2.9387473779477635,2.3590298214107315,0.0,-2.29436,2.98951,0.0,0.21,True,True,False,79.12973871924999,False,29.58954954147339
1790831911.8569038,38836.428300184,573,112.0,235.8163612141009,True,286.0,129.0373017832706,True,376.0,461.90848951886187,True,38836.404863038,38836.404863038,38836.383248131,38836.405884788,38836.383259762,38836.425931304,0.3,1.7,74.8,0.0,-0.3400000000000034,88.41,-2.69,-1.08,2.9480425097865575,2.3598127799661093,0.0,-2.29494,2.99882,-0.01,0.16,False,True,False,0.0,False,29.639718055725098
1790831911.90702,38836.47845342,574,112.0,248.40831935484837,True,286.0,123.37009044159402,True,360.0,433.9450937113171,True,38836.444582708,38836.444582708,38836.444483072,38836.464386558,38836.444524803,38836.466691416,0.3,1.6,74.8,0.0,-0.36000000000001364,88.39,-2.65,-1.07,2.9559114723082325,2.3604045813115557,0.0,-2.29536,3.0067,-0.01,0.16,False,True,False,0.0,False,29.689830541610718
1790831911.9571981,38836.528599966,575,112.0,256.80318904339225,True,286.0,119.77519556065579,True,341.0,410.76705622679026,True,38836.506858567,38836.506858567,38836.4869058,38836.506901715,38836.504377697,38836.526727416,0.3,1.6,74.9,0.0,-0.3199999999999932,88.43,-2.63,-1.06,2.962630272201065,2.360991290779753,0.0,-2.2958,3.01343,0.01,0.11,False,True,False,0.0,False,29.740018844604492
1790831912.0073028,38836.578715451,576,112.0,262.3486202799528,True,286.0,117.47602871555756,True,332.0,390.46023373607414,True,38836.565094376,38836.565094376,38836.550641442,38836.5662493,38836.550656859,38836.526727416,0.3,1.6,74.9,0.0,-0.3400000000000034,88.41,-2.63,-1.05,2.9687575417608083,2.360724893065332,0.0,-2.2954,3.01955,0.01,0.11,False,True,False,0.0,False,29.790146589279175
1790831912.0622585,38836.633717212,577,112.0,265.99065419294766,True,286.0,115.99742028086735,True,325.0,370.6761402416445,True,38836.565094376,38836.565094376,38836.606838935,38836.5662493,38836.606870408,38836.584031265,0.3,1.6,74.9,0.0,-0.3400000000000034,88.41,-2.61,-1.04,2.9687575417608083,2.360724893065332,0.0,-2.2954,3.01955,0.01,0.1,False,True,False,0.0,False,29.84502863883972
1790831912.112386,38836.683795678,578,112.0,268.3738215112942,True,286.0,115.04302142949717,True,317.0,355.20568414498666,True,38836.666068219,38836.666068219,38836.644295825,38836.635745171,38836.66415773,38836.635789719,0.3,1.6,74.9,0.0,-0.29000000000002046,88.46,-2.59,-1.02,2.9747270308847216,2.3603550287665986,0.0,-2.2949,3.02551,0.01,0.1,False,True,False,0.0,False,29.895249843597412
1790831912.1624703,38836.733924087,579,112.0,269.92957489686455,True,286.0,114.4254915027795,True,310.0,343.123410486992,True,38836.724678588,38836.724678588,38836.707564404,38836.726357457,38836.707580788,38836.687233384,0.2,1.6,74.9,0.0,-0.28000000000000114,88.47,-2.63,-1.0,2.9869481612154796,2.3590613234529254,0.0,-2.29334,3.0377,0.02,0.11,False,True,False,0.0,False,29.945257425308228
1790831912.2128,38836.784085012,580,112.0,270.943643078088,True,286.0,114.02529244093228,True,304.0,332.67404629219516,True,38836.724678588,38836.724678588,38836.744332854,38836.726357457,38836.765421366,38836.743470433,0.2,1.6,74.9,0.0,-0.28000000000000114,88.47,-2.66,-0.97,2.9869481612154796,2.3590613234529254,0.0,-2.29334,3.0377,0.03,0.11,False,True,False,0.0,False,29.995656490325928
1790831912.2627397,38836.834164472,581,112.0,271.60398242893774,True,286.0,113.76566810322606,True,296.0,323.60442777531705,True,38836.82721903,38836.82721903,38836.806373309,38836.827837035,38836.82458087,38836.7879945,0.1,1.6,74.9,0.0,-0.18999999999999773,88.56,-2.65,-1.01,2.9989073208380734,2.3560214877466223,0.0,-2.29004,3.04959,0.04,0.1,False,True,False,0.0,False,30.04554796218872
1790831912.3128781,38836.884284377,582,112.0,272.03370790845565,True,286.0,113.59712566839585,True,289.0,315.7626566651902,True,38836.82721903,38836.82721903,38836.865765144,38836.827837035,38836.82458087,38836.84423763,0.2,1.6,74.9,0.0,-0.18999999999999773,88.56,-2.65,-1.01,2.9989073208380734,2.3560214877466223,0.0,-2.29004,3.04959,0.05,0.09,False,True,False,0.0,False,30.09571599960327
1790831912.3629804,38836.934411584,583,112.0,272.31324279101153,True,286.0,113.48766324078304,True,283.0,307.8575939991141,True,38836.887448178,38836.887448178,38836.929959876,38836.887476407,38836.929984034,38836.905948498,0.2,1.6,74.8,0.0,-0.2599999999999909,88.49,-2.66,-1.05,3.0095088046703373,2.3524018965329283,0.0,-2.28619,3.06011,0.05,0.07,False,True,False,0.0,False,30.14577341079712
1790831912.4130485,38836.984493192,584,112.0,272.49503059274014,True,286.0,113.41655075333352,True,278.0,300.3145563994685,True,38836.945806171,38836.945806171,38836.983776561,38836.945879851,38836.983791523,38836.968958519,0.1,1.6,74.9,0.0,-0.21999999999999886,88.53,-2.68,-1.0,3.0139155417066315,2.350307530592374,0.0,-2.284,3.06447,0.05,0.06,False,True,False,0.0,False,30.195847749710083
1790831912.4632,38837.034635918,585,112.0,272.61323074297206,True,286.0,113.37034372972715,True,273.0,293.3887338396811,True,38837.005544464,38837.005544464,38837.027257887,38837.007599437,38836.983791523,38837.007657126,0.2,1.6,74.9,0.0,-0.21999999999999886,88.53,-2.68,-1.0,3.0172118512194706,2.348679051671551,0.0,-2.2823,3.06773,0.03,0.04,False,True,False,0.0,False,30.245986223220825
1790831912.5134144,38837.084802788,586,112.0,272.6900769290461,True,286.0,113.34031596377508,True,273.0,293.3887338396811,True,38837.055239239,38837.055239239,38837.027257887,38837.065221801,38837.054660086,38837.066901153,0.1,1.6,74.9,0.0,-0.20999999999997954,88.54,-2.66,-1.01,3.020382043894405,2.3477879970134135,0.0,-2.28134,3.07088,0.04,0.04,False,True,False,0.0,False,30.29629945755005
1790831912.5677283,38837.139182113,587,112.0,272.74003374735315,True,286.0,113.32080078864936,True,270.0,287.23324030380866,True,38837.108489139,38837.108489139,38837.087238313,38837.108539568,38837.105833717,38837.066901153,0.1,1.6,74.9,0.0,-0.1599999999999966,88.59,-2.65,-1.02,3.023552055647335,2.346446831294239,0.0,-2.27993,3.07402,0.04,0.04,False,True,False,0.0,False,30.350500345230103
1790831912.6179047,38837.189302458,588,70.0,272.7725085511368,True,260.0,113.30811713855167,True,262.0,281.5399441822852,True,38837.166246491,38837.166246491,38837.185450403,38837.168116041,38837.143614157,38837.168163205,0.1,1.6,74.9,0.0,-0.17000000000001592,88.58,-2.67,-1.04,3.027207843192223,2.3448462009725697,0.0,-2.27825,3.07764,0.03,0.05,False,True,False,0.0,False,30.400770902633667
1790831912.6679583,38837.239410035,589,70.0,272.7936183869672,True,260.0,113.29987327879081,True,262.0,281.5399441822852,True,38837.224996855,38837.224996855,38837.185450403,38837.227248059,38837.206482806,38837.168163205,0.1,1.6,74.9,0.0,-0.2699999999999818,88.48,-2.68,-0.98,3.0304912819228917,2.343807581647724,0.0,-2.27714,3.0809,0.03,0.05,False,True,False,0.0,False,30.450737476348877
1790831912.7180765,38837.289508154,590,70.0,289.9141200769393,True,260.0,119.8219697547595,True,254.0,276.9239665093711,True,38837.267855897,38837.267855897,38837.247450382,38837.284165061,38837.264844128,38837.285881238,0.1,1.6,74.9,0.0,-0.2599999999999909,88.49,-2.66,-0.99,3.0341289631132,2.343036753808531,0.0,-2.27629,3.08452,0.03,0.06,False,True,False,0.0,False,30.500900268554688
1790831912.7681956,38837.339611987,591,70.0,301.36778510361535,True,260.0,124.19193185593781,True,248.0,270.95437990562266,True,38837.324945838,38837.324945838,38837.308143289,38837.326034051,38837.308158589,38837.285881238,0.1,1.6,74.9,0.0,-0.1599999999999966,88.59,-2.62,-1.0,3.0387681887482367,2.3417476512108992,0.0,-2.2749,3.08913,0.04,0.07,False,True,False,0.0,False,30.550995349884033
1790831912.8183126,38837.389767624,592,70.0,308.9501230681168,True,260.0,127.08758546473871,True,262.0,267.3726279433736,True,38837.36564119,38837.36564119,38837.345549981,38837.386812004,38837.363821333,38837.386853411,0.0,1.6,74.8,0.0,-0.12000000000000455,88.63,-2.62,-1.01,3.0439421247591776,2.339790054175071,0.0,-2.27283,3.09426,0.05,0.08,False,True,False,0.0,False,30.601085901260376
1790831912.8684552,38837.439884321,593,70.0,313.9367177770937,True,260.0,128.99307311814152,True,253.0,262.0235767660241,True,38837.427504595,38837.427504595,38837.406448547,38837.427552901,38837.424803503,38837.386853411,0.0,1.6,74.8,0.0,-0.13999999999998636,88.61,-2.65,-1.01,3.0487002683200575,2.3380934487836904,0.0,-2.27103,3.09898,0.04,0.07,False,True,False,0.0,False,30.65128445625305
1790831912.9186614,38837.489972468,594,70.0,317.2025410389702,True,260.0,130.24148975409912,True,247.0,258.4141460596145,True,38837.484826716,38837.484826716,38837.470680036,38837.487480751,38837.470692848,38837.487526829,0.1,1.6,74.9,0.0,-0.1599999999999966,88.59,-2.64,-1.01,3.052605522847169,2.336978376105128,0.0,-2.26983,3.10286,0.04,0.05,False,True,False,0.0,False,30.701449394226074
1790831912.9686713,38837.540118222,595,70.0,319.33569291538,True,260.0,131.05712204934787,True,240.0,254.2484876357687,True,38837.530533493,38837.530533493,38837.507022979,38837.487480751,38837.524764521,38837.487526829,0.1,1.6,74.9,0.0,-0.21999999999999886,88.53,-2.64,-1.03,3.052605522847169,2.336978376105128,0.0,-2.26983,3.10286,0.03,0.03,False,True,False,0.0,False,30.751476049423218
1790831913.018784,38837.590195087,596,70.0,320.7266215895366,True,260.0,131.5890412673523,True,236.0,251.34909258146124,True,38837.583962582,38837.583962582,38837.569592926,38837.5840402,38837.569605627,38837.553844312,0.2,1.6,74.9,0.0,-0.2400000000000091,88.51,-2.63,-1.03,3.058335398913969,2.335212952569794,0.0,-2.26794,3.10855,0.02,0.03,False,True,False,0.0,False,30.801589965820312
1790831913.0688157,38837.640266847,597,70.0,321.6325757585106,True,260.0,131.93553160957936,True,234.0,246.80945554887674,True,38837.639346182,38837.639346182,38837.607348977,38837.5840402,38837.63929441,38837.604718279,0.2,1.6,74.9,0.0,-0.25,88.5,-2.62,-1.05,3.058335398913969,2.335212952569794,0.0,-2.26794,3.10855,0.01,0.03,False,True,True,0.0,False,30.851619958877563
1790831913.1190476,38837.690446442,598,70.0,322.2222278175949,True,260.0,132.16106418637344,True,229.0,242.48567332932603,True,38837.685193251,38837.685193251,38837.669090114,38837.686563295,38837.669109613,38837.646682682,0.2,1.6,74.9,0.0,-0.2699999999999818,88.48,-2.62,-1.05,3.065780901761195,2.334125116482901,0.0,-2.26669,3.11597,0.01,0.03,False,True,True,0.0,False,30.901870727539062
1790831913.1691139,38837.740539718,599,70.0,322.6058319873083,True,260.0,132.30779296475094,True,227.0,239.09140399759565,True,38837.726764492,38837.726764492,38837.726103565,38837.686563295,38837.726717621,38837.707255102,0.3,1.6,74.8,0.0,-0.3299999999999841,88.42,-2.64,-1.04,3.065780901761195,2.334125116482901,0.0,-2.26669,3.11597,0.02,0.03,False,True,True,0.0,False,30.95191264152527
1790831913.2192426,38837.79064837,600,70.0,322.8553142626,True,260.0,132.40322269565883,True,223.0,235.0548423985574,True,38837.785255327,38837.785255327,38837.767775985,38837.786768181,38837.767797504,38837.747358443,0.2,1.6,74.9,0.0,-0.3299999999999841,88.42,-2.66,-1.01,3.0698548069398077,2.33307373805642,0.0,-2.26555,3.12002,0.02,0.02,False,True,True,0.0,False,31.002058029174805
1790831913.269319,38837.840734919,601,70.0,323.01753670774275,True,260.0,132.46527569129552,True,220.0,231.83290543913446,True,38837.828442139,38837.828442139,38837.827421884,38837.786768181,38837.828159625,38837.808421633,0.2,1.6,74.9,0.0,-0.2699999999999818,88.48,-2.68,-0.99,3.0698548069398077,2.33307373805642,0.0,-2.26555,3.12002,0.02,0.02,False,True,True,0.0,False,31.052109241485596
1790831913.3239024,38837.895210206,602,70.0,323.12300621030636,True,260.0,132.50562013926526,True,219.0,228.29974326348065,True,38837.828442139,38837.828442139,38837.864507407,38837.845418663,38837.828159625,38837.847322482,0.2,1.6,74.9,0.0,-0.2699999999999818,88.48,-2.68,-0.99,3.0698548069398077,2.33307373805642,0.0,-2.26555,3.12002,0.01,0.0,False,True,True,0.0,False,31.106714010238647
1790831913.3739002,38837.945301993,603,70.0,323.1915719128085,True,260.0,132.5318482557862,True,215.0,224.9798459580884,True,38837.945050887,38837.945050887,38837.927688001,38837.895772558,38837.927712794,38837.906615749,0.2,1.6,74.9,0.0,-0.2599999999999909,88.49,-2.68,-0.99,3.0725360952851903,2.333502332047182,0.0,-2.26592,3.12271,0.01,-0.01,False,True,True,0.0,False,31.156713008880615
1790831913.4240274,38837.995465233,604,70.0,323.23614406660056,True,260.0,132.5488983167312,True,215.0,222.58790757485303,True,38837.945050887,38837.945050887,38837.987023534,38837.946758235,38837.987046199,38837.966595094,0.1,1.6,74.9,0.0,-0.2599999999999909,88.49,-2.68,-0.99,3.0728405677923263,2.333759035168313,0.0,-2.26617,3.12302,0.01,-0.01,False,True,True,0.0,False,31.2068088054657
1790831913.4741478,38838.045550247,605,70.0,323.2651178454928,True,260.0,132.55998161059506,True,213.0,219.5527445449118,True,38838.007633674,38838.007633674,38838.028189504,38838.007694047,38838.044648031,38838.007728354,0.1,1.6,74.9,0.0,-0.2599999999999909,88.49,-2.67,-0.99,3.0730576795032296,2.333893803506541,0.0,-2.2663,3.12324,0.01,-0.02,False,True,True,0.0,False,31.25700545310974
1790831913.5242743,38838.095672941,606,70.0,323.28395159561967,True,260.0,132.5671860702771,True,215.0,217.73164672694708,True,38838.047702633,38838.047702633,38838.087326341,38838.047748401,38838.087344517,38838.066621811,0.1,1.6,74.9,0.0,-0.25,88.5,-2.67,-0.99,3.073155256068583,2.334005958818023,0.0,-2.26641,3.12334,0.01,-0.02,False,True,True,0.0,False,31.30708622932434
1790831913.5751061,38838.146550653,607,70.0,323.2961938686024,True,260.0,132.57186910370865,True,222.0,216.63898803616823,True,38838.106953097,38838.106953097,38838.134227668,38838.107040985,38838.146108158,38838.126953655,0.2,1.6,74.9,0.0,-0.25,88.5,-2.67,-0.99,3.0731728516717713,2.3341163689387026,0.0,-2.26652,3.12336,0.01,-0.02,False,True,True,0.0,False,31.357912063598633
1790831913.6252832,38838.19667236,608,82.0,323.30415148774784,True,189.0,132.57491313232396,True,212.0,215.98339282170093,True,38838.1652098,38838.1652098,38838.187310801,38838.168033391,38838.146108158,38838.168079595,0.1,1.6,74.9,0.0,-0.25,88.5,-2.67,-0.99,3.0731871750422037,2.334376743363444,0.0,-2.26678,3.12338,0.01,-0.02,False,True,True,0.0,False,31.4081027507782
1790831913.6753373,38838.246783007,609,82.0,323.3093240000634,True,189.0,132.57689177495757,True,214.0,215.19003569302055,True,38838.204114048,38838.204114048,38838.246644647,38838.20414415,38838.246674278,38838.231470482,0.1,1.6,74.9,0.0,-0.25,88.5,-2.67,-0.99,3.0732636656227648,2.3345384504785796,0.0,-2.26694,3.12346,0.01,-0.03,False,True,True,0.0,False,31.458152294158936
1790831913.725679,38838.296936569,610,82.0,318.0416307824496,True,189.0,152.88173149302844,True,214.0,215.19003569302055,True,38838.265136934,38838.265136934,38838.246644647,38838.26624856,38838.246674278,38838.287868606,0.1,1.6,74.9,0.0,-0.25,88.5,-2.67,-0.99,3.0732236751416813,2.334537577883178,0.0,-2.26694,3.12342,0.01,-0.03,False,True,True,0.0,False,31.5085027217865
1790831913.7756262,38838.347049855,611,82.0,314.6441114920865,True,189.0,167.055530878097,True,212.0,214.71402141581234,True,38838.32537765,38838.32537765,38838.344202146,38838.327500655,38838.316891211,38838.327549707,0.1,1.6,74.9,0.0,-0.25,88.5,-2.67,-0.99,3.073022631992014,2.334583203007525,0.0,-2.26699,3.12322,0.01,-0.02,False,True,True,0.0,False,31.55844497680664
1790831913.8303168,38838.401773886,612,82.0,312.4469123030594,True,189.0,176.6807141110079,True,212.0,214.71402141581234,True,38838.366208007,38838.366208007,38838.344202146,38838.366278994,38838.364526985,38838.327549707,0.1,1.6,74.9,0.0,-0.25,88.5,-2.67,-0.99,3.073003727495724,2.3345327786084704,0.0,-2.26694,3.1232,0.01,-0.02,False,True,True,0.0,False,31.613091945648193
1790831913.8805296,38838.451918514,613,82.0,311.0234599079437,True,189.0,183.11124347218035,True,211.0,213.6284128494874,True,38838.428221105,38838.428221105,38838.447833852,38838.429632899,38838.407660717,38838.444663512,0.1,1.6,74.9,0.0,-0.25,88.5,-2.67,-0.99,3.0728550720847645,2.334469520654091,0.0,-2.26688,3.12305,0.01,-0.02,False,True,True,0.0,False,31.663373470306396
1790831913.9306443,38838.502088102,614,82.0,310.1002130414687,True,189.0,187.36467026669965,True,211.0,213.6284128494874,True,38838.466829894,38838.466829894,38838.447833852,38838.484618651,38838.464520552,38838.486411737,0.1,1.6,74.9,0.0,-0.25,88.5,-2.67,-0.99,3.0728031206437576,2.3345584084922764,0.0,-2.26697,3.123,0.01,-0.02,False,True,True,0.0,False,31.713425397872925
1790831913.9807608,38838.552177117,615,82.0,309.5009463911829,True,189.0,190.16048637800964,True,211.0,212.97704770969244,True,38838.529108589,38838.529108589,38838.50689775,38838.530344167,38838.506910371,38838.54720142,0.1,1.6,74.9,0.0,-0.25,88.5,-2.67,-1.0,3.0729754425988696,2.33491225188106,0.0,-2.26732,3.12318,0.01,-0.02,False,True,True,0.0,True,31.763590335845947
1790831914.030796,38838.602244723,616,82.0,309.1117795794571,True,189.0,191.99090182394474,True,212.0,212.58622862581547,True,38838.568093459,38838.568093459,38838.567968565,38838.584550777,38838.567995693,38838.586535824,0.1,1.6,74.9,0.0,-0.25,88.5,-2.67,-1.0,3.0730812715936913,2.335104606303559,0.0,-2.26751,3.12329,0.01,-0.02,False,True,True,0.0,True,31.81357455253601
1790831914.0808687,38838.652306694,617,82.0,308.8589717777159,True,189.0,193.18622139014158,True,212.0,212.3517371754893,True,38838.628211177,38838.628211177,38838.607013433,38838.630746846,38838.607039115,38838.651815125,0.1,1.6,74.9,0.0,-0.25,88.5,-2.68,-1.0,3.0731990615484377,2.3352072002924715,0.0,-2.26761,3.12341,0.01,-0.02,False,True,True,0.0,True,31.863667249679565
1790831914.1310081,38838.702451502,618,82.0,308.69471034601867,True,189.0,193.96552378304781,True,222.0,212.21104230529357,True,38838.685153439,38838.685153439,38838.667749635,38838.68830118,38838.667778392,38838.688376852,0.1,1.6,74.9,0.0,-0.25,88.5,-2.67,-0.99,3.0732886038331744,2.335229158872666,0.0,-2.26763,3.1235,0.01,-0.02,False,True,True,0.0,True,31.91379690170288
1790831914.1811082,38838.752530577,619,82.0,308.58796730307654,True,189.0,194.47306096357295,True,222.0,222.0,True,38838.736302516,38838.736302516,38838.704064415,38838.743782014,38838.736254873,38838.74382546,0.1,1.6,74.9,0.0,-0.25,88.5,-2.67,-1.0,3.073407920829873,2.3352617695196827,0.0,-2.26766,3.12362,0.01,-0.01,False,True,True,0.0,True,31.963918685913086
1790831914.2312448,38838.802676515,620,82.0,308.518595685201,True,189.0,194.80337867003425,True,222.0,222.0,True,38838.785908066,38838.785908066,38838.76761281,38838.785992766,38838.767635793,38838.74382546,0.1,1.6,74.9,0.0,-0.25,88.5,-2.67,-1.0,3.073467688402647,2.3352730760330553,0.0,-2.26767,3.12368,0.01,-0.01,False,True,True,0.0,True,32.014036417007446
1790831914.2813718,38838.852783655,621,82.0,308.4735089331974,True,189.0,195.0182620120123,True,221.0,222.0,True,38838.823424018,38838.823424018,38838.807732602,38838.84461536,38838.823360354,38838.846821356,0.1,1.6,74.9,0.0,-0.25,88.5,-2.68,-1.0,3.0735072425860297,2.3352939438689986,0.0,-2.26769,3.12372,0.01,-0.01,False,True,True,0.0,True,32.064239263534546
1790831914.332524,38838.903969632,622,82.0,308.4442045722327,True,189.0,195.1580108961468,True,222.0,222.0,True,38838.889850665,38838.889850665,38838.868459685,38838.889925848,38838.868484005,38838.846821356,0.1,1.6,74.9,0.0,-0.25,88.5,-2.67,-1.0,3.073586569101645,2.335325681920614,0.0,-2.26772,3.1238,0.01,-0.01,False,True,True,0.0,True,32.11529803276062
1790831914.3826535,38838.954054116,623,82.0,308.425157594367,True,189.0,195.2488792365903,True,221.0,222.0,True,38838.943936946,38838.943936946,38838.923353734,38838.943992623,38838.923374522,38838.906798051,0.1,1.1,74.8,-0.1,-0.25,88.5,-2.67,-1.0,3.073695015882671,2.3353980648998633,0.0,-2.26779,3.12391,0.01,-0.01,False,True,True,0.0,False,32.16549897193909
1790831914.4327247,38839.004166043,624,82.0,308.41277742073595,True,189.0,195.3079569944106,True,220.0,221.6,True,38838.987887998,38838.987887998,38838.966936831,38838.943992623,38838.987827512,38838.964848255,0.1,-2.0,74.8,-3.7,-0.25,88.5,-2.67,-0.99,3.073695015882671,2.3353980648998633,0.0,-2.26779,3.12391,0.01,-0.01,False,True,True,0.0,False,32.21550679206848
1790831914.4828546,38839.054257835,625,82.0,308.4047304608131,True,189.0,195.34636317167855,True,218.0,221.35999999999999,True,38839.04384876,38839.04384876,38839.023605501,38839.043920903,38839.023632655,38839.006682242,0.1,-5.0,74.9,-6.2,-0.2599999999999909,88.49,-2.67,-0.99,3.073769580350424,2.335189641916129,0.0,-2.26758,3.12398,0.01,-0.01,False,True,True,0.0,False,32.26571488380432
1790831914.5332227,38839.10462854,626,82.0,308.39950000147917,True,189.0,195.37132956755698,True,215.0,220.81599999999997,True,38839.085171238,38839.085171238,38839.08509166,38839.104579888,38839.085122407,38839.073772499,0.1,-9.3,74.9,-9.8,-0.25,88.5,-2.68,-0.99,3.074120587804154,2.335147289024537,0.0,-2.26753,3.12433,0.0,-0.01,False,True,True,0.0,False,32.31602883338928
1790831914.5881846,38839.159637857,627,76.0,308.39610023021237,True,189.0,195.38755873070443,True,214.0,219.68959999999998,True,38839.143656613,38839.143656613,38839.128891706,38839.143715862,38839.131304405,38839.107190984,0.1,-11.7,74.9,-12.2,-0.25,88.5,-2.68,-1.0,3.0741197152087527,2.3351872795056203,0.0,-2.26757,3.12433,0.01,-0.01,False,True,True,0.0,False,32.370986223220825
1790831914.6383257,38839.209739248,628,76.0,308.39389039042334,True,189.0,195.39810811171193,True,213.0,217.81375999999997,True,38839.204071034,38839.204071034,38839.187211,38839.204115334,38839.187348705,38839.20414958,0.0,-16.7,74.9,-18.1,-0.25,88.5,-2.68,-1.0,3.074140583044696,2.3351477253222375,0.0,-2.26753,3.12435,0.01,-0.01,False,True,True,0.0,False,32.42113518714905
1790831914.688475,38839.259906989,629,76.0,310.9759296411973,True,189.0,195.4049653889131,True,213.0,216.288256,True,38839.247438287,38839.247438287,38839.230279984,38839.247462028,38839.246706108,38839.20414958,0.0,-16.7,74.9,-18.1,-0.25,88.5,-2.68,-1.0,3.0742403410985535,2.335159904431012,0.0,-2.26754,3.12445,0.01,-0.01,False,True,True,0.0,False,32.47130084037781
1790831914.738521,38839.309972047,630,76.0,312.6608765070142,True,189.0,195.4094226949522,True,215.0,215.37295360000002,True,38839.304916042,38839.304916042,38839.286973183,38839.307501115,38839.286993523,38839.307538931,-0.1,-18.4,74.9,-20.0,-0.25,88.5,-2.68,-1.0,3.0744678867274278,2.3352748956775486,0.0,-2.26765,3.12468,0.0,-0.01,False,True,True,0.0,False,32.52129650115967
1790831914.788648,38839.360078885,631,76.0,313.75888949135907,True,189.0,195.41231997592772,True,215.0,214.82377216000003,True,38839.344681176,38839.344681176,38839.328920008,38839.307501115,38839.344277031,38839.307538931,-0.1,-18.4,74.9,-20.0,-0.2599999999999909,88.49,-2.69,-1.0,3.0744678867274278,2.3352748956775486,0.0,-2.26765,3.12468,0.0,-0.0,False,True,True,0.0,False,32.57146644592285
1790831914.838726,38839.410159821,632,76.0,314.47377988404395,True,189.0,195.41420322210305,True,215.0,214.89426329600002,True,38839.404751394,38839.404751394,38839.384969685,38839.404805638,38839.385378558,38839.366079872,0.0,-18.4,74.9,-19.9,-0.25,88.5,-2.69,-1.0,3.0744176804772234,2.3352838025535676,0.0,-2.26766,3.12463,0.01,-0.0,False,True,True,0.0,False,32.621519804000854
1790831914.8888404,38839.460247907,633,76.0,314.93895801437276,True,189.0,195.4154273378381,True,214.0,214.93655797760002,True,38839.404751394,38839.404751394,38839.447278405,38839.404805638,38839.447299559,38839.428472245,0.0,-18.3,74.9,-19.9,-0.25,88.5,-2.69,-1.0,3.0744176804772234,2.3352838025535676,0.0,-2.26766,3.12463,0.0,-0.0,False,True,True,0.0,False,32.67166709899902
1790831914.9476109,38839.519028982,634,76.0,315.24153478505934,True,189.0,195.4162230154831,True,215.0,214.96193478656,True,38839.508414155,38839.508414155,38839.504574272,38839.466580594,38839.508351183,38839.487491133,0.0,-18.3,74.8,-19.9,-0.2400000000000091,88.51,-2.69,-1.01,3.074406810261552,2.3353235748858006,0.0,-2.2677,3.12462,0.0,-0.0,False,True,True,0.0,False,32.73040199279785
1790831914.9977326,38839.569128868,635,76.0,315.43829882757916,True,189.0,195.4167402069736,True,212.0,214.97716087193598,True,38839.568028477,38839.568028477,38839.547600834,38839.568101076,38839.564146142,38839.52655547,0.0,-18.3,74.9,-19.9,-0.25,88.5,-2.69,-1.01,3.07464329999329,2.3350286637012343,0.0,-2.2674,3.12485,0.01,-0.0,False,True,True,0.0,False,32.78059911727905
1790831915.0478127,38839.619247993,636,76.0,315.56623311753185,True,189.0,195.41707638187395,True,212.0,214.5862965231616,True,38839.568028477,38839.568028477,38839.609713278,38839.568101076,38839.609725144,38839.587267579,0.1,-17.7,74.9,-19.5,-0.2400000000000091,88.51,-2.7,-1.01,3.07464329999329,2.3350286637012343,0.0,-2.2674,3.12485,0.01,-0.0,False,True,True,0.0,False,32.8305983543396
1790831915.0979376,38839.669345653,637,76.0,315.64940631832906,True,189.0,195.41729489574143,True,213.0,213.95177791389693,True,38839.668231308,38839.668231308,38839.643728393,38839.668283671,38839.665048749,38839.625444433,0.0,-16.0,74.9,-16.9,-0.2400000000000091,88.51,-2.69,-1.01,3.0748778263853755,2.3348237310991053,0.0,-2.26719,3.12508,0.01,-0.0,False,True,True,0.0,False,32.88078236579895
1790831915.1480825,38839.719478148,638,76.0,315.70347562180586,True,189.0,195.41743692983235,True,212.0,213.17106674833818,True,38839.668231308,38839.668231308,38839.704038615,38839.668283671,38839.704676937,38839.696290437,0.1,-12.6,74.9,-13.3,-0.2400000000000091,88.51,-2.7,-1.01,3.0748778263853755,2.3348237310991053,0.0,-2.26719,3.12508,0.01,-0.0,False,True,True,0.0,False,32.930896282196045
1790831915.207556,38839.778984825,639,76.0,315.73862350951583,True,189.0,195.41752925202397,True,212.0,212.70264004900292,True,38839.725497742,38839.725497742,38839.746761103,38839.726349032,38839.704676937,38839.72642024,0.1,-10.0,74.9,-10.9,-0.2400000000000091,88.51,-2.7,-1.01,3.0747878478029382,2.3348217677594523,0.0,-2.26719,3.12499,0.01,-0.0,False,True,True,0.0,False,32.9903666973114
1790831915.25793,38839.829315739,640,76.0,315.7614708366174,True,189.0,195.41758926146227,True,212.0,212.42158402940174,True,38839.826864786,38839.826864786,38839.807840361,38839.829195689,38839.807868631,38839.786450923,0.1,-5.5,74.9,-7.3,-0.2400000000000091,88.51,-2.7,-1.01,3.074767889789242,2.3343612227804447,0.0,-2.26673,3.12496,0.01,-0.0,False,True,True,0.0,False,33.04075336456299
1790831915.3080163,38839.879445907,641,76.0,315.7763221062715,True,189.0,195.417628267603,True,214.0,212.25295041764105,True,38839.866750061,38839.866750061,38839.846424842,38839.866781154,38839.865855582,38839.83054504,0.2,-2.6,74.9,-4.9,-0.2400000000000091,88.51,-2.7,-1.01,3.0747833411307712,2.3341115004225252,0.0,-2.26648,3.12497,0.01,-0.0,False,True,True,0.0,False,33.090919494628906
1790831915.3582277,38839.929621913,642,76.0,315.78597564577024,True,189.0,195.4176536215969,True,221.0,212.15177025058463,True,38839.928932365,38839.928932365,38839.925598486,38839.866781154,38839.928825384,38839.898075253,0.2,1.0,74.9,-1.2,-0.2400000000000091,88.51,-2.71,-1.0,3.0747833411307712,2.3341115004225252,0.0,-2.26648,3.12497,0.01,-0.0,False,True,True,0.0,False,33.141045570373535
1790831915.4083586,38839.979744294,643,76.0,315.79225053695393,True,189.0,195.417670101694,True,221.0,212.89106215035076,True,38839.928932365,38839.928932365,38839.965714409,38839.94921332,38839.965727079,38839.949552516,0.0,2.3,74.9,-0.1,-0.2400000000000091,88.51,-2.7,-1.0,3.074764872932182,2.334041080782929,0.0,-2.26641,3.12495,0.01,-0.01,False,True,True,0.0,False,33.191242694854736
1790831915.4623542,38840.033780618,644,76.0,315.7963292544635,True,189.0,195.41768081375753,True,221.0,212.89106215035076,True,38839.984960213,38839.984960213,38839.965714409,38839.985991358,38839.965727079,38840.008881011,-3.2,2.1,70.9,0.0,-0.2400000000000091,88.51,-2.7,-1.0,3.074837910357983,2.33390264114109,0.0,-2.26627,3.12502,0.0,-0.0,False,True,True,0.0,False,33.24513483047485
1790831915.5127318,38840.083911285,645,76.0,315.7989804370013,True,189.0,195.41768777659905,True,224.0,216.13463729021046,True,38840.034871792,38840.034871792,38840.065750633,38840.044496362,38840.065770739,38840.046845575,-10.8,2.3,63.0,0.0,-0.19999999999998863,88.55,-2.71,-1.01,3.074459964127345,2.3338043729023394,0.0,-2.26618,3.12464,0.0,-0.01,False,True,True,0.0,False,33.29561161994934
1790831915.5625684,38840.13401221,646,76.0,315.800703712477,True,189.0,195.41769230244608,True,232.0,218.08078237412627,True,38840.129936075,38840.129936075,38840.127059452,38840.086117023,38840.129878392,38840.118922094,-17.2,2.4,57.7,0.0,-0.2400000000000091,88.51,-2.72,-1.01,3.0741172091030835,2.333926924904948,0.0,-2.26631,3.1243,0.01,-0.0,False,True,True,0.0,False,33.34534668922424
1790831915.612788,38840.184181293,647,76.0,315.8018238444202,True,189.0,195.4176952442467,True,228.0,220.44846942447577,True,38840.129936075,38840.129936075,38840.167756117,38840.134677035,38840.129878392,38840.14320186,-14.8,2.3,60.1,0.0,-0.2400000000000091,88.51,-2.72,-1.01,3.0741132824237773,2.3341068820698228,0.0,-2.26649,3.1243,0.01,0.0,False,True,True,0.0,False,33.39566349983215
1790831915.6628172,38840.23425899,648,56.0,315.8025519314018,True,200.0,195.4176971564171,True,227.0,223.06908165468548,True,38840.18750972,38840.18750972,38840.227819644,38840.187565876,38840.227853759,38840.206854215,-15.1,0.5,59.8,-2.0,-0.19999999999998863,88.55,-2.7,-1.01,3.0745966585783813,2.333957391290306,0.0,-2.26633,3.12478,0.0,-0.0,False,True,True,0.0,False,33.4455988407135
1790831915.7156634,38840.287075364,649,56.0,315.8030251884546,True,200.0,195.4176983993279,True,223.0,224.6414489928113,True,38840.245078255,38840.245078255,38840.267132554,38840.247389925,38840.227853759,38840.247478253,-14.9,-2.2,59.8,-4.6,-0.19999999999998863,88.55,-2.7,-1.01,3.0746555535557545,2.3340086882847624,0.0,-2.26638,3.12484,0.01,-0.0,False,True,True,0.0,False,33.498465061187744
1790831915.765719,38840.337159194,650,56.0,324.5806648179853,True,200.0,191.62953545959596,True,220.0,225.58486939568678,True,38840.287780622,38840.287780622,38840.320831039,38840.287807619,38840.324725091,38840.303490939,-14.9,-6.7,59.8,-8.2,-0.18999999999999773,88.56,-2.72,-1.02,3.074774652403603,2.3340512965520497,0.0,-2.26642,3.12496,0.01,-0.0,False,True,True,0.0,False,33.548503398895264
1790831915.8157732,38840.387227579,651,56.0,330.3597884413374,True,200.0,189.19064521540446,True,219.0,224.55092163741205,True,38840.385159706,38840.385159706,38840.372843177,38840.345558397,38840.383295055,38840.372769167,-14.9,-10.9,59.8,-11.8,-0.18999999999999773,88.56,-2.72,-1.02,3.0746242518018403,2.3340680195598362,0.0,-2.26644,3.12481,0.01,-0.0,False,True,True,0.0,False,33.59856939315796
1790831915.8659787,38840.437394782,652,56.0,334.1473392441226,True,200.0,187.61525967583293,True,217.0,222.73055298244722,True,38840.385159706,38840.385159706,38840.427703989,38840.40341043,38840.383295055,38840.403753856,-15.0,-13.1,59.7,-14.2,-0.18999999999999773,88.56,-2.72,-1.02,3.0746162175212226,2.333977822828549,0.0,-2.26635,3.1248,0.01,-0.0,False,True,True,0.0,False,33.64879083633423
1790831915.916334,38840.487755813,653,56.0,336.6223956550467,True,200.0,186.59543891795357,True,217.0,221.23833178946836,True,38840.457729771,38840.457729771,38840.48677714,38840.457750921,38840.487470225,38840.466689787,-15.0,-16.1,59.7,-17.8,-0.18999999999999773,88.56,-2.72,-1.02,3.074589496893165,2.3338272040779358,0.0,-2.2662,3.12477,0.01,-0.0,False,True,True,0.0,False,33.699156284332275
1790831915.9696233,38840.541073915,654,56.0,338.2367375165479,True,200.0,185.9343214089328,True,217.0,221.23833178946836,True,38840.505163452,38840.505163452,38840.48677714,38840.507771622,38840.487470225,38840.50784164,-15.0,-17.8,59.7,-20.1,-0.18999999999999773,88.56,-2.72,-1.02,3.074532565255445,2.3336859285010423,0.0,-2.26606,3.12471,0.01,-0.0,False,True,True,0.0,False,33.75240397453308
1790831916.0197468,38840.591152097,655,56.0,339.2884067961579,True,200.0,185.50534115614062,True,219.0,220.34299907368103,True,38840.547203736,38840.547203736,38840.585514013,38840.564431256,38840.546612026,38840.567256646,-15.1,-18.2,59.8,-19.9,-0.18999999999999773,88.56,-2.72,-1.03,3.0746434116738253,2.333648337657313,0.0,-2.26602,3.12482,0.0,-0.0,False,True,True,0.0,False,33.80257749557495
1790831916.0697842,38840.64122492,656,56.0,339.9729834648249,True,200.0,185.2268192309359,True,219.0,220.34299907368103,True,38840.604237542,38840.604237542,38840.585514013,38840.604290327,38840.603270895,38840.62903079,-15.1,-18.1,59.7,-19.9,-0.18999999999999773,88.56,-2.73,-1.02,3.074748368073246,2.3338806825608955,0.0,-2.26625,3.12493,0.01,-0.0,False,True,True,0.0,False,33.85256838798523
1790831916.1199625,38840.691369626,657,56.0,340.4183772660573,True,200.0,185.0459131680768,True,220.0,219.80579944420862,True,38840.664831251,38840.664831251,38840.686703531,38840.667410349,38840.647090586,38840.667466237,-15.0,-18.0,59.7,-20.0,-0.18000000000000682,88.57,-2.73,-1.02,3.074692271804083,2.334159525184226,0.0,-2.26653,3.12488,0.0,-0.0,False,True,True,0.0,False,33.90281891822815
1790831916.1700644,38840.74147133,658,56.0,340.70806025024643,True,200.0,184.92838049936978,True,220.0,219.80579944420862,True,38840.712197741,38840.712197741,38840.686703531,38840.71221988,38840.712147846,38840.72647568,-15.0,-18.0,59.7,-20.0,-0.18000000000000682,88.57,-2.73,-1.03,3.0745874963266666,2.33437729134168,0.0,-2.26675,3.12478,0.0,-0.0,False,True,True,0.0,False,33.952873945236206
1790831916.2243102,38840.795764668,659,56.0,340.8964289781258,True,200.0,184.85200803969423,True,219.0,219.48347966652517,True,38840.765057103,38840.765057103,38840.747693735,38840.767081278,38840.748256003,38840.72647568,-15.0,-18.0,59.7,-20.0,-0.18999999999999773,88.56,-2.73,-1.02,3.074457963560847,2.334354460166084,0.0,-2.26673,3.12465,0.0,-0.0,False,True,True,0.0,False,34.0071177482605
1790831916.2744184,38840.845856634,660,56.0,341.0189002492435,True,200.0,184.80237598583585,True,218.0,219.2900877999151,True,38840.803657479,38840.803657479,38840.796998362,38840.824252656,38840.803234918,38840.825974597,-15.0,-18.0,59.7,-19.9,-0.18999999999999773,88.56,-2.73,-1.03,3.074385144283897,2.334482902187652,0.0,-2.26686,3.12458,0.0,-0.0,False,True,True,0.0,False,34.057206869125366
1790831916.3244822,38840.895933286,661,56.0,341.0985199256233,True,200.0,184.77011939481113,True,219.0,219.17405267994906,True,38840.866349432,38840.866349432,38840.847484964,38840.866409585,38840.847502229,38840.825974597,-15.0,-18.0,59.7,-19.9,-0.18999999999999773,88.56,-2.74,-1.03,3.0745507408514943,2.3346865631235234,0.0,-2.26706,3.12475,0.0,-0.0,False,True,True,0.0,False,34.107288122177124
1790831916.3745785,38840.94602354,662,56.0,341.15027835571004,True,200.0,184.74915440372794,True,217.0,219.10443160796945,True,38840.92521981,38840.92521981,38840.905641967,38840.925270029,38840.922350413,38840.943645236,-10.6,-18.1,64.9,-20.0,-0.18000000000000682,88.57,-2.74,-1.03,3.074610290275418,2.3347078672571677,0.0,-2.26708,3.12481,0.01,0.0,False,True,True,0.0,False,34.15735697746277
1790831916.4246817,38840.996098395,663,56.0,341.18392371835216,True,200.0,184.73552791710142,True,217.0,218.66265896478166,True,38840.984069622,38840.984069622,38840.968953475,38840.984116539,38840.968968179,38840.943645236,-10.6,-18.1,64.9,-20.0,-0.21999999999999886,88.53,-2.74,-1.03,3.0747320069094703,2.3346305040812054,0.0,-2.267,3.12493,0.01,0.0,False,True,True,0.0,False,34.207515001297
1790831916.4812593,38841.052706111,664,56.0,341.20579421092333,True,200.0,184.7266710208707,True,213.0,217.997595378869,True,38840.984069622,38840.984069622,38841.024891747,38840.984116539,38841.028855911,38841.004481445,-5.0,-18.2,70.2,-19.9,-0.12999999999999545,88.62,-2.73,-1.03,3.0747320069094703,2.3346305040812054,0.0,-2.267,3.12493,0.01,-0.0,False,True,True,0.0,False,34.264036417007446
1790831916.5313854,38841.102794333,665,56.0,341.2200104564903,True,200.0,184.72091417355304,True,209.0,217.5985572273214,True,38841.086346305,38841.086346305,38841.066714947,38841.053904415,38841.0841298,38841.053928665,-5.7,-18.1,69.1,-20.0,-0.18000000000000682,88.57,-2.74,-1.03,3.074624214574995,2.334528128241143,0.0,-2.2669,3.12482,0.0,-0.01,False,True,True,0.0,False,34.31423878669739
1790831916.5814114,38841.152867851,666,71.0,341.2292511958385,True,189.0,184.7171722799322,True,211.0,215.75913433639283,True,38841.140415604,38841.140415604,38841.13889562,38841.140450247,38841.138910506,38841.106669016,-5.5,-18.2,69.3,-19.9,-0.13999999999998636,88.61,-2.74,-1.03,3.0742514666899208,2.3346500257972007,0.0,-2.26703,3.12445,0.01,-0.0,False,True,True,0.0,False,34.364185094833374
1790831916.63165,38841.202939446,667,71.0,341.23525775235066,True,189.0,184.7147400732185,True,212.0,214.2554806018357,True,38841.188996741,38841.188996741,38841.184663514,38841.140450247,38841.188910045,38841.167718796,-5.5,-18.1,69.4,-19.9,-0.1599999999999966,88.59,-2.74,-1.03,3.0742514666899208,2.3346500257972007,0.0,-2.26703,3.12445,0.01,-0.0,False,True,True,0.0,False,34.41450381278992
1790831916.681639,38841.253045874,668,71.0,334.45205639759456,True,189.0,188.4202644493475,True,211.0,212.95328836110141,True,38841.247170375,38841.247170375,38841.224945378,38841.247237572,38841.244559759,38841.206645625,-5.5,-18.1,69.4,-20.0,-0.1599999999999966,88.59,-2.75,-1.03,3.0747326613560215,2.334600511220393,0.0,-2.26697,3.12493,0.01,0.0,False,True,True,0.0,False,34.464457988739014
1790831916.734355,38841.305801367,669,71.0,330.084357756924,True,189.0,190.8522508848393,True,211.0,212.17197301666084,True,38841.247170375,38841.247170375,38841.287797304,38841.247237572,38841.287848644,38841.266787015,-5.5,-18.1,69.4,-20.0,-0.1599999999999966,88.59,-2.75,-1.03,3.0747326613560215,2.334600511220393,0.0,-2.26697,3.12493,0.01,0.0,False,True,True,0.0,False,34.517163038253784
1790831916.7844734,38841.355899212,670,71.0,327.26283763685467,True,189.0,192.4429267051099,True,210.0,211.70318380999652,True,38841.346269931,38841.346269931,38841.32838196,38841.346301716,38841.346152885,38841.307031344,-5.5,-18.1,69.4,-19.9,-0.15000000000000568,88.6,-2.75,-1.03,3.0749984895020215,2.3343362473431903,0.0,-2.2667,3.12519,0.01,-0.0,False,True,True,0.0,False,34.567280769348145
1790831916.83457,38841.405991428,671,71.0,325.43623654727446,True,189.0,193.48104224750313,True,210.0,211.4219102859979,True,38841.404860521,38841.404860521,38841.396925089,38841.346301716,38841.396934921,38841.366731676,-5.5,-18.1,69.4,-20.0,-0.15000000000000568,88.6,-2.75,-1.03,3.0749984895020215,2.3343362473431903,0.0,-2.2667,3.12519,0.01,-0.0,False,True,True,0.0,False,34.61736488342285
1790831916.8846462,38841.456051984,672,71.0,324.25206684167375,True,189.0,194.1575818195781,True,210.0,210.85314617159872,True,38841.404860521,38841.404860521,38841.448349237,38841.406906359,38841.448389593,38841.427592914,-5.5,-18.1,69.4,-19.9,-0.15000000000000568,88.6,-2.75,-1.03,3.0748113706519304,2.3342021334515133,0.0,-2.26657,3.125,0.01,-0.0,False,True,True,0.0,False,34.66749978065491
1790831916.934666,38841.506119173,673,71.0,323.4836751566429,True,189.0,194.59807802979873,True,210.0,210.51188770295923,True,38841.503841964,38841.503841964,38841.486309759,38841.503868252,38841.503218301,38841.469196617,-5.5,-17.6,69.4,-19.6,-0.1599999999999966,88.59,-2.75,-1.03,3.0749743866601684,2.334065657149328,0.0,-2.26643,3.12516,0.01,-0.0,False,True,True,0.0,False,34.717440128326416
1790831916.998226,38841.569669538,674,71.0,322.984777679848,True,189.0,194.8847155352793,True,209.0,210.30713262177554,True,38841.503841964,38841.503841964,38841.544773871,38841.503868252,38841.544798685,38841.524523838,-5.3,-14.8,69.5,-15.9,-0.15000000000000568,88.6,-2.76,-1.03,3.0749743866601684,2.334065657149328,0.0,-2.26643,3.12516,0.01,-0.0,False,True,True,0.0,False,34.78101873397827
1790831917.0483956,38841.619784681,675,71.0,322.66072970248695,True,189.0,195.07116298817533,True,208.0,210.1842795730653,True,38841.606730175,38841.606730175,38841.591023412,38841.57282934,38841.604485854,38841.588064265,-5.3,-12.5,69.5,-13.5,-0.15000000000000568,88.6,-2.76,-1.03,3.074985911322391,2.3339958919562824,0.0,-2.26636,3.12517,0.01,0.0,False,True,True,0.0,False,34.83120822906494
1790831917.0984254,38841.669875338,676,71.0,322.4501979663321,True,189.0,195.19241005646379,True,209.0,209.7105677438392,True,38841.606730175,38841.606730175,38841.645282304,38841.626413813,38841.645303426,38841.626639622,-5.3,-8.5,69.5,-9.9,-0.15000000000000568,88.6,-2.76,-1.03,3.07510501017024,2.3340385002235697,0.0,-2.2664,3.12529,0.01,-0.0,False,True,True,0.0,False,34.881213903427124
1790831917.1486897,38841.720089241,677,71.0,322.3133943550888,True,189.0,195.2712444054515,True,211.0,209.42634064630352,True,38841.677882791,38841.677882791,38841.707586957,38841.678980713,38841.707601642,38841.688787174,-5.3,-7.8,69.5,-9.8,-0.15000000000000568,88.6,-2.78,-1.05,3.075000271919669,2.3337961576997173,0.0,-2.26616,3.12518,0.01,-0.01,False,True,True,0.0,False,34.93150091171265
1790831917.1987414,38841.770167547,678,71.0,322.22448976007183,True,189.0,195.32249676861218,True,209.0,209.25580438778212,True,38841.766951513,38841.766951513,38841.764561572,38841.726695092,38841.766870516,38841.746851032,-5.2,-8.3,69.5,-9.8,-0.15000000000000568,88.6,-2.76,-1.03,3.074908367224424,2.3334240642611936,0.0,-2.26579,3.12508,0.01,-0.0,False,True,True,0.0,False,34.98157525062561
1790831917.252232,38841.823659238,679,71.0,322.1667092736539,True,189.0,195.3558150450112,True,209.0,209.1534826326693,True,38841.766951513,38841.766951513,38841.807706189,38841.784800065,38841.807731758,38841.788512828,-5.3,-8.1,69.5,-9.7,-0.15000000000000568,88.6,-2.77,-1.03,3.0749316346977213,2.3332745362548324,0.0,-2.26564,3.1251,0.01,0.0,False,True,True,0.0,False,35.035009145736694
1790831917.3023415,38841.873748737,680,71.0,322.12915512637716,True,189.0,195.37747371621614,True,210.0,209.09208957960158,True,38841.864501738,38841.864501738,38841.863627583,38841.827712072,38841.864432413,38841.845380415,-5.3,-8.1,69.5,-9.8,-0.1599999999999966,88.59,-2.77,-1.04,3.075141621950253,2.3328190086993823,0.0,-2.26518,3.1253,0.01,0.0,False,True,True,0.0,False,35.08519530296326
1790831917.3524568,38841.923901566,681,71.0,322.10474626950537,True,189.0,195.39155260942744,True,209.0,209.05525374776096,True,38841.864501738,38841.864501738,38841.907309791,38841.887316149,38841.864432413,38841.889778482,-5.3,-8.1,69.5,-9.8,-0.1599999999999966,88.59,-2.77,-1.04,3.0754352614685616,2.332655375471439,0.0,-2.26501,3.12559,0.01,0.0,False,True,True,0.0,False,35.135255336761475
1790831917.40276,38841.974034359,682,71.0,322.08888107820627,True,189.0,195.40070420981684,True,209.0,209.03315224865656,True,38841.928123085,38841.928123085,38841.963996466,38841.928163825,38841.964025998,38841.946652193,-5.3,-8.1,69.5,-9.8,-0.15000000000000568,88.6,-2.78,-1.04,3.0756463022385003,2.3326099684959423,0.0,-2.26496,3.1258,0.01,0.0,False,True,True,0.0,False,35.18558120727539
1790831917.4526875,38842.02410769,683,71.0,322.0785689428564,True,189.0,195.4066528851863,True,209.0,209.01989134919393,True,38842.023867503,38842.023867503,38842.003515527,38841.9925339,38842.023783975,38841.992564942,-5.3,-8.1,69.5,-9.8,-0.15000000000000568,88.6,-2.78,-1.04,3.075665861181341,2.332630400034185,0.0,-2.26498,3.12582,0.01,0.0,False,True,True,0.0,False,35.235522508621216
1790831917.5042672,38842.075719679,684,71.0,322.0718661558542,True,189.0,195.41051958126317,True,209.0,209.01989134919393,True,38842.023867503,38842.023867503,38842.003515527,38842.044637888,38842.023783975,38842.046582994,-5.3,-8.0,69.5,-9.7,-0.15000000000000568,88.6,-2.78,-1.04,3.0755121883468233,2.332797087346033,0.0,-2.26515,3.12567,0.01,0.0,False,True,True,0.0,False,35.28704595565796
1790831917.5544264,38842.125827273,685,71.0,322.06750938696473,True,189.0,195.41303295783223,True,209.0,209.01193480951636,True,38842.087406833,38842.087406833,38842.107126619,38842.089006418,38842.125554174,38842.104522936,-5.3,-8.2,69.5,-9.8,-0.15000000000000568,88.6,-2.78,-1.04,3.0751285702460773,2.3329587572343233,0.0,-2.26532,3.12529,0.01,0.0,False,True,True,0.0,False,35.3372917175293
1790831917.604599,38842.176040588,686,71.0,322.0646775052113,True,189.0,195.41466666279246,True,209.0,209.00716088570982,True,38842.127958786,38842.127958786,38842.167131909,38842.134686378,38842.167147338,38842.143300935,-5.3,-8.0,69.5,-9.7,-0.15000000000000568,88.6,-2.8,-1.04,3.075307000368999,2.3330326672555253,0.0,-2.26539,3.12547,0.01,0.0,False,True,True,0.0,False,35.38738131523132
1790831917.6552064,38842.226599228,687,64.0,322.062836789687,True,190.0,195.41572857532202,True,209.0,209.00716088570982,True,38842.18691387,38842.18691387,38842.167131909,38842.186965042,38842.167147338,38842.206589108,-5.2,-8.2,69.5,-9.8,-0.15000000000000568,88.6,-2.8,-1.04,3.0753417925045192,2.3328133740561188,0.0,-2.26517,3.1255,0.01,0.0,False,True,True,0.0,False,35.43806862831116
1790831917.7053292,38842.276739448,688,64.0,322.0616403278138,True,190.0,195.41641882028526,True,209.0,209.0042965314259,True,38842.245355678,38842.245355678,38842.26674215,38842.246850742,38842.228154307,38842.246893393,-5.3,-8.0,69.5,-9.8,-0.15000000000000568,88.6,-2.78,-1.04,3.0754939382970843,2.332716670086166,0.0,-2.26507,3.12565,0.01,0.0,False,True,True,0.0,False,35.48813247680664
1790831917.7579064,38842.329356973,689,64.0,325.1516534835133,True,190.0,195.07068546081246,True,209.0,209.0042965314259,True,38842.288835661,38842.288835661,38842.26674215,38842.289281783,38842.286422165,38842.306496777,-5.3,-8.1,69.5,-9.8,-0.15000000000000568,88.6,-2.79,-1.05,3.075273990651127,2.3327118708114587,0.0,-2.26507,3.12543,0.01,-0.0,False,True,True,0.0,False,35.5407133102417
1790831917.808133,38842.379517453,690,64.0,327.16917993342497,True,190.0,194.8461517941213,True,209.0,209.00257791885554,True,38842.344677197,38842.344677197,38842.366654326,38842.346663813,38842.330411623,38842.347149692,-5.3,-8.1,69.5,-9.7,-0.15000000000000568,88.6,-2.79,-1.05,3.075273990651127,2.3327118708114587,0.0,-2.26507,3.12543,0.0,-0.0,False,True,True,0.0,False,35.590954303741455
1790831917.858288,38842.429724024,691,64.0,328.4843821880712,True,190.0,194.70028646044022,True,210.0,209.00154675131333,True,38842.392760445,38842.392760445,38842.42502976,38842.392833131,38842.389028249,38842.412721369,-5.3,-8.1,69.5,-9.7,-0.15000000000000568,88.6,-2.79,-1.05,3.0751687788760105,2.332949632209454,0.0,-2.26531,3.12533,0.0,-0.0,False,True,True,0.0,False,35.64107418060303
1790831917.908509,38842.479885097,692,64.0,329.3408734048723,True,190.0,194.60550844828234,True,210.0,209.00154675131333,True,38842.447597571,38842.447597571,38842.42502976,38842.447872848,38842.444561953,38842.466129848,-5.3,-8.1,69.5,-9.8,-0.15000000000000568,88.6,-2.79,-1.05,3.075269191376419,2.332931818457416,0.0,-2.26529,3.12543,0.0,-0.0,False,True,True,0.0,False,35.691521406173706
1790831917.959093,38842.5305105,693,64.0,329.8982728157093,True,190.0,194.54391729750517,True,209.0,209.000928050788,True,38842.504094324,38842.504094324,38842.52712989,38842.504137304,38842.497976782,38842.504530017,-5.3,-8.0,69.5,-9.8,-0.15000000000000568,88.6,-2.79,-1.05,3.075157472362638,2.3330093997822283,0.0,-2.26537,3.12532,0.0,-0.0,False,True,True,0.0,False,35.74188733100891
1790831918.0092592,38842.580686777,694,64.0,330.2608697834179,True,190.0,194.50388919988552,True,209.0,209.000928050788,True,38842.546858694,38842.546858694,38842.52712989,38842.565779764,38842.544771661,38842.567638511,-5.3,-8.0,69.5,-9.8,-0.17000000000001592,88.58,-2.8,-1.05,3.0751414038014024,2.332829006319653,0.0,-2.26519,3.1253,0.0,-0.0,False,True,True,0.0,False,35.79207754135132
1790831918.0593216,38842.630760796,695,64.0,330.49667921808435,True,190.0,194.47787353497066,True,210.0,209.00055683047282,True,38842.606986722,38842.606986722,38842.587143555,38842.623287113,38842.604928307,38842.62409263,-5.3,-8.0,69.5,-9.8,-0.15000000000000568,88.6,-2.8,-1.04,3.0753035472142387,2.3327325204985505,0.0,-2.26509,3.12546,0.01,-0.0,False,True,True,0.0,False,35.84209847450256
1790831918.1093707,38842.680826562,696,64.0,330.6500066445071,True,190.0,194.4609644506582,True,209.0,209.0003340982837,True,38842.667609305,38842.667609305,38842.647904829,38842.667648529,38842.64793458,38842.62409263,-5.3,-8.0,69.5,-9.8,-0.13999999999998636,88.61,-2.8,-1.04,3.0753124540902577,2.3327827267487553,0.0,-2.26514,3.12547,0.0,-0.0,False,True,True,0.0,False,35.8921685218811
1790831918.159498,38842.730919637,697,64.0,330.7496911433502,True,190.0,194.4499740097104,True,209.0,209.00020045897023,True,38842.707339572,38842.707339572,38842.704522085,38842.725263044,38842.707265839,38842.727989699,-5.3,-8.0,69.5,-9.8,-0.13999999999998636,88.61,-2.8,-1.05,3.0754324255335073,2.3327853445349596,0.0,-2.26514,3.12559,0.0,0.0,False,True,True,0.0,False,35.94229006767273
1790831918.209645,38842.7810335,698,64.0,330.8144952238781,True,190.0,194.44283041907318,True,209.0,209.00012027538213,True,38842.764058917,38842.764058917,38842.751644925,38842.725263044,38842.763263873,38842.727989699,-5.3,-8.0,69.5,-9.8,-0.15000000000000568,88.6,-2.8,-1.05,3.0754324255335073,2.3327853445349596,0.0,-2.26514,3.12559,0.0,0.0,False,True,True,0.0,False,35.992480993270874
1790831918.2649958,38842.836453532,699,64.0,330.85662174474953,True,190.0,194.43818716796,True,210.0,209.00007216522928,True,38842.764058917,38842.764058917,38842.80777815,38842.786104295,38842.807805707,38842.787477472,-5.3,-8.0,69.5,-9.8,-0.15000000000000568,88.6,-2.8,-1.05,3.075433734426609,2.332725358813335,0.0,-2.26508,3.12559,0.0,0.0,False,True,True,0.0,False,36.04777264595032
1790831918.3151689,38842.886620362,700,64.0,330.8840056177691,True,190.0,194.43516908971995,True,208.0,209.0000432991376,True,38842.837226444,38842.837226444,38842.866406524,38842.837265169,38842.86688909,38842.846205607,-5.3,-8.0,69.5,-9.8,-0.15000000000000568,88.6,-2.81,-1.05,3.0754628546920206,2.3327660037409688,0.0,-2.26512,3.12562,0.0,-0.0,False,True,True,0.0,False,36.09796643257141
1790831918.3653781,38842.936819784,701,64.0,330.9018058257883,True,190.0,194.43320735364435,True,209.0,209.00002597948256,True,38842.88742105,38842.88742105,38842.922114633,38842.887511252,38842.925523452,38842.904362796,-5.3,-8.0,69.5,-9.8,-0.13999999999998636,88.61,-2.81,-1.05,3.075426572741393,2.3325951716009636,0.0,-2.26495,3.12558,0.0,-0.0,False,True,True,0.0,False,36.1481568813324
1790831918.4155464,38842.986919107,702,64.0,330.91337625276094,True,190.0,194.43193223144002,True,209.0,209.00001558768952,True,38842.94512647,38842.94512647,38842.966351119,38842.947697929,38842.984975517,38842.947776207,-5.3,-7.7,69.6,-9.7,-0.13999999999998636,88.61,-2.81,-1.05,3.075157945887183,2.3325292958603794,0.0,-2.26489,3.12531,0.0,-0.0,False,True,True,0.0,False,36.19840860366821
1790831918.4656076,38843.037043916,703,64.0,330.9208971535617,True,190.0,194.43110340464557,True,209.0,209.00000935261372,True,38842.988629324,38842.988629324,38843.022681245,38842.988685379,38843.02270617,38843.006434922,-3.3,-4.0,71.6,-6.1,-0.12999999999999545,88.62,-2.81,-1.05,3.075277044735032,2.332571904127667,0.0,-2.26493,3.12543,0.0,0.0,False,True,True,0.0,False,36.2483913898468
1790831918.5195494,38843.090997082,704,64.0,330.92578579116326,True,190.0,194.430564668344,True,210.0,209.0000056115682,True,38843.043760164,38843.043760164,38843.064230746,38843.0467134,38843.02270617,38843.046778459,-2.0,-1.1,73.0,-3.6,-0.12999999999999545,88.62,-2.81,-1.05,3.0755843531772222,2.3326986381852772,0.0,-2.26505,3.12574,0.0,-0.0,False,True,True,0.0,False,36.30234146118164
1790831918.5696688,38843.141105967,705,62.0,330.9289634276085,True,188.0,194.4302144902189,True,214.0,209.00000336694092,True,38843.140780391,38843.140780391,38843.131482025,38843.14083325,38843.131508856,38843.106411077,0.0,2.1,74.8,-0.1,-0.15000000000000568,88.6,-2.81,-1.05,3.0757323541416315,2.33279188900047,0.0,-2.26514,3.12589,0.0,-0.0,False,True,True,0.0,False,36.35245656967163
1790831918.6197255,38843.191177185,706,62.0,330.9310289005947,True,188.0,194.42998687463654,True,218.0,209.40000202016455,True,38843.182761776,38843.182761776,38843.182704643,38843.14083325,38843.182726232,38843.177664959,0.0,2.5,74.7,0.0,-0.13999999999998636,88.61,-2.81,-1.05,3.0757323541416315,2.33279188900047,0.0,-2.26514,3.12589,0.0,-0.0,False,True,True,0.0,False,36.402525424957275
1790831918.6698794,38843.241282267,707,62.0,331.8274663986454,True,188.0,195.12122576242206,True,217.0,211.24000121209872,True,38843.182761776,38843.182761776,38843.223905458,38843.203287134,38843.182726232,38843.205072371,-0.2,2.3,74.7,0.0,-0.13999999999998636,88.61,-2.81,-1.05,3.0756541183702675,2.3327101628475004,0.0,-2.26506,3.12581,0.0,-0.0,False,True,True,0.0,False,36.452690839767456
1790831918.7199671,38843.291385407,708,62.0,332.41088951179114,True,188.0,195.57130477983685,True,217.0,213.54400072725923,True,38843.245592519,38843.245592519,38843.284449518,38843.245656101,38843.284495598,38843.263729443,0.0,2.3,74.7,0.0,-0.13999999999998636,88.61,-2.82,-1.05,3.075554796614111,2.332677988498185,0.0,-2.26503,3.12571,0.0,0.0,False,True,True,0.0,False,36.502800703048706
1790831918.7700593,38843.341488781,709,62.0,332.7904266527377,True,188.0,195.8641830464562,True,218.0,214.92640043635555,True,38843.305621097,38843.305621097,38843.323687728,38843.30569843,38843.284495598,38843.305757745,0.0,2.3,74.7,0.0,-0.13999999999998636,88.61,-2.82,-1.05,3.0754945927436355,2.3326866772253534,0.0,-2.26504,3.12565,0.0,-0.0,False,True,True,0.0,False,36.55285286903381
1790831918.8201342,38843.391591938,710,62.0,333.0372576639553,True,188.0,196.0546920372478,True,216.0,215.75584026181335,True,38843.345366777,38843.345366777,38843.387675277,38843.345413586,38843.387704857,38843.365412306,0.0,2.3,74.7,0.0,-0.13999999999998636,88.61,-2.82,-1.05,3.0753933076478255,2.332744481458475,0.0,-2.2651,3.12555,0.0,-0.0,False,True,True,0.0,False,36.60294008255005
